2026-09-21 13:45:54 | INFO    | __main__ | ================================================================
2026-09-21 13:45:54 | INFO    | __main__ | Scan | 2026-09-21 13:45 IST
2026-09-21 13:46:01 | INFO    | data.fetcher | Fetched 15min data for 27/27 tickers
2026-09-21 13:46:01 | INFO    | __main__ | equity Rs500,000 | open 0 | pending 0 | closed 0 | WR 0.0% | PF None | friction Rs0
2026-09-21 14:01:06 | INFO    | __main__ | ================================================================
2026-09-21 14:01:06 | INFO    | __main__ | Scan | 2026-09-21 14:01 IST
2026-09-21 14:01:13 | INFO    | data.fetcher | Fetched 15min data for 27/27 tickers
2026-09-21 14:01:13 | INFO    | __main__ | equity Rs500,000 | open 0 | pending 0 | closed 0 | WR 0.0% | PF None | friction Rs0
2026-09-21 14:15:51 | INFO    | __main__ | ================================================================
2026-09-21 14:15:51 | INFO    | __main__ | Scan | 2026-09-21 14:15 IST
2026-09-21 14:16:02 | INFO    | data.fetcher | Fetched 15min data for 27/27 tickers
2026-09-21 14:16:03 | INFO    | __main__ | equity Rs500,000 | open 0 | pending 0 | closed 0 | WR 0.0% | PF None | friction Rs0
2026-09-21 14:20:14 | INFO    | __main__ | ================================================================
2026-09-21 14:20:14 | INFO    | __main__ | Scan | 2026-09-21 14:20 IST
2026-09-21 14:20:21 | INFO    | data.fetcher | Fetched 15min data for 27/27 tickers
2026-09-21 14:20:21 | INFO    | __main__ | equity Rs500,000 | open 0 | pending 0 | closed 0 | WR 0.0% | PF None | friction Rs0
2026-09-21 14:31:18 | INFO    | __main__ | ================================================================
2026-09-21 14:31:18 | INFO    | __main__ | Scan | 2026-09-21 14:31 IST
2026-09-21 14:31:26 | INFO    | data.fetcher | Fetched 15min data for 27/27 tickers
2026-09-21 14:31:26 | INFO    | __main__ | equity Rs500,000 | open 0 | pending 0 | closed 0 | WR 0.0% | PF None | friction Rs0
2026-09-21 14:45:48 | INFO    | __main__ | ================================================================
2026-09-21 14:45:48 | INFO    | __main__ | Scan | 2026-09-21 14:45 IST
2026-09-21 14:45:54 | INFO    | data.fetcher | Fetched 15min data for 27/27 tickers
2026-09-21 14:45:54 | INFO    | __main__ | equity Rs500,000 | open 0 | pending 0 | closed 0 | WR 0.0% | PF None | friction Rs0
2026-09-21 15:01:05 | INFO    | __main__ | ================================================================
2026-09-21 15:01:05 | INFO    | __main__ | Scan | 2026-09-21 15:01 IST
2026-09-21 15:01:13 | INFO    | data.fetcher | Fetched 15min data for 27/27 tickers
2026-09-21 15:01:13 | INFO    | __main__ | SIZING: 0.400% of equity (Rs2,000 risk per trade)
2026-09-21 15:01:13 | INFO    | __main__ |   base 0.40%
2026-09-21 15:01:13 | INFO    | __main__ |   performance x1.0: n=0, too few trades to infer anything - base size
2026-09-21 15:01:13 | INFO    | __main__ |   drawdown    x1.0: at high-water mark
2026-09-21 15:01:13 | INFO    | __main__ | equity Rs500,000 | open 0 | pending 0 | closed 0 | WR 0.0% | PF None | friction Rs0
2026-09-21 15:15:50 | INFO    | __main__ | ================================================================
2026-09-21 15:15:50 | INFO    | __main__ | Scan | 2026-09-21 15:15 IST
2026-09-21 15:16:15 | ERROR   | yfinance | HTTP Error 404: {"quoteSummary":{"result":null,"error":{"code":"Not Found","description":"Quote not found for symbol: GUJGASLTD.NS"}}}
2026-09-21 15:16:15 | ERROR   | yfinance | $GUJGASLTD.NS: No data found, symbol may be delisted
2026-09-21 15:16:15 | ERROR   | yfinance | 
1 Failed download:
2026-09-21 15:16:15 | ERROR   | yfinance | ['GUJGASLTD.NS']: No data found, symbol may be delisted
2026-09-21 15:16:25 | ERROR   | yfinance | HTTP Error 404: {"quoteSummary":{"result":null,"error":{"code":"Not Found","description":"Quote not found for symbol: LTIM.NS"}}}
2026-09-21 15:16:25 | ERROR   | yfinance | $LTIM.NS: No data found, symbol may be delisted
2026-09-21 15:16:25 | ERROR   | yfinance | 
1 Failed download:
2026-09-21 15:16:25 | ERROR   | yfinance | ['LTIM.NS']: No data found, symbol may be delisted
2026-09-21 15:16:32 | ERROR   | yfinance | $PEL.NS: No data found, symbol may be delisted
2026-09-21 15:16:32 | ERROR   | yfinance | 
1 Failed download:
2026-09-21 15:16:32 | ERROR   | yfinance | ['PEL.NS']: No data found, symbol may be delisted
2026-09-21 15:16:33 | ERROR   | yfinance | $PIDILITE.NS: No data found, symbol may be delisted
2026-09-21 15:16:33 | ERROR   | yfinance | 
1 Failed download:
2026-09-21 15:16:33 | ERROR   | yfinance | ['PIDILITE.NS']: No data found, symbol may be delisted
2026-09-21 15:16:41 | ERROR   | yfinance | $TATAMOTORS.NS: No data found, symbol may be delisted
2026-09-21 15:16:41 | ERROR   | yfinance | 
1 Failed download:
2026-09-21 15:16:41 | ERROR   | yfinance | ['TATAMOTORS.NS']: No data found, symbol may be delisted
2026-09-21 15:16:47 | INFO    | data.fetcher | Fetched 15min data for 211/216 tickers
2026-09-21 15:16:47 | INFO    | __main__ | EOD: {'equity': 500000.0, 'cash': 500000, 'open_positions': 0, 'pending_orders': 0, 'closed_trades': 0, 'win_rate_pct': 0.0, 'profit_factor': None, 'total_friction': 0, 'total_pnl': 0.0, 'return_pct': 0.0}
2026-09-21 15:45:53 | INFO    | __main__ | ================================================================
2026-09-21 15:45:53 | INFO    | __main__ | Scan | 2026-09-21 15:45 IST
2026-09-21 15:45:53 | INFO    | __main__ | outside NSE hours
2026-09-21 16:01:05 | INFO    | __main__ | ================================================================
2026-09-21 16:01:05 | INFO    | __main__ | Scan | 2026-09-21 16:01 IST
2026-09-21 16:01:05 | INFO    | __main__ | outside NSE hours
2026-09-21 16:15:49 | INFO    | __main__ | ================================================================
2026-09-21 16:15:49 | INFO    | __main__ | Scan | 2026-09-21 16:15 IST
2026-09-21 16:15:49 | INFO    | __main__ | outside NSE hours
2026-09-21 20:51:52 | INFO    | __main__ | ================================================================
2026-09-21 20:51:52 | INFO    | __main__ | Scan | 2026-09-21 20:51 IST
2026-09-21 20:51:52 | INFO    | __main__ | outside NSE hours
2026-09-22 08:31:19 | INFO    | __main__ | ================================================================
2026-09-22 08:31:19 | INFO    | __main__ | Scan | 2026-09-22 08:31 IST
2026-09-22 08:31:19 | INFO    | __main__ | outside NSE hours
2026-09-22 08:45:48 | INFO    | __main__ | ================================================================
2026-09-22 08:45:48 | INFO    | __main__ | Scan | 2026-09-22 08:45 IST
2026-09-22 08:45:48 | INFO    | __main__ | outside NSE hours
2026-09-22 09:01:05 | INFO    | __main__ | ================================================================
2026-09-22 09:01:05 | INFO    | __main__ | Scan | 2026-09-22 09:01 IST
2026-09-22 09:01:05 | INFO    | __main__ | outside NSE hours
2026-09-22 09:15:50 | INFO    | __main__ | ================================================================
2026-09-22 09:15:50 | INFO    | __main__ | Scan | 2026-09-22 09:15 IST
2026-09-22 09:16:03 | INFO    | data.fetcher | Fetched 15min data for 212/212 tickers
2026-09-22 09:16:03 | INFO    | __main__ | SIZING: 0.400% of equity (Rs4,000 risk per trade)
2026-09-22 09:16:03 | INFO    | __main__ |   base 0.40%
2026-09-22 09:16:03 | INFO    | __main__ |   performance x1.0: n=0, too few trades to infer anything - base size
2026-09-22 09:16:03 | INFO    | __main__ |   drawdown    x1.0: at high-water mark
2026-09-22 09:16:03 | INFO    | strategies.vwap_mr_v2 | REGIME GATE CLOSED: insufficient index bars - no entries this scan
2026-09-22 09:16:03 | INFO    | __main__ | equity Rs1,000,000 | open 0 | pending 0 | closed 0 | WR 0.0% | PF None | friction Rs0
2026-09-22 09:31:22 | INFO    | __main__ | ================================================================
2026-09-22 09:31:22 | INFO    | __main__ | Scan | 2026-09-22 09:31 IST
2026-09-22 09:31:34 | INFO    | data.fetcher | Fetched 15min data for 212/212 tickers
2026-09-22 09:31:35 | INFO    | __main__ | SIZING: 0.400% of equity (Rs4,000 risk per trade)
2026-09-22 09:31:35 | INFO    | __main__ |   base 0.40%
2026-09-22 09:31:35 | INFO    | __main__ |   performance x1.0: n=0, too few trades to infer anything - base size
2026-09-22 09:31:35 | INFO    | __main__ |   drawdown    x1.0: at high-water mark
2026-09-22 09:31:35 | INFO    | __main__ | equity Rs1,000,000 | open 0 | pending 0 | closed 0 | WR 0.0% | PF None | friction Rs0
2026-09-22 09:45:54 | INFO    | __main__ | ================================================================
2026-09-22 09:45:54 | INFO    | __main__ | Scan | 2026-09-22 09:45 IST
2026-09-22 09:46:09 | INFO    | data.fetcher | Fetched 15min data for 212/212 tickers
2026-09-22 09:46:09 | INFO    | __main__ | SIZING: 0.400% of equity (Rs4,000 risk per trade)
2026-09-22 09:46:09 | INFO    | __main__ |   base 0.40%
2026-09-22 09:46:09 | INFO    | __main__ |   performance x1.0: n=0, too few trades to infer anything - base size
2026-09-22 09:46:09 | INFO    | __main__ |   drawdown    x1.0: at high-water mark
2026-09-22 09:46:09 | INFO    | __main__ | equity Rs1,000,000 | open 0 | pending 0 | closed 0 | WR 0.0% | PF None | friction Rs0
2026-09-22 10:01:04 | INFO    | __main__ | ================================================================
2026-09-22 10:01:04 | INFO    | __main__ | Scan | 2026-09-22 10:01 IST
2026-09-22 10:01:06 | ERROR   | yfinance | 
1 Failed download:
2026-09-22 10:01:06 | ERROR   | yfinance | ['ALKEM.NS']: OperationalError('database is locked')
2026-09-22 10:01:17 | INFO    | data.fetcher | Fetched 15min data for 211/212 tickers
2026-09-22 10:01:17 | WARNING | data.fetcher | NO DATA for 1 symbol(s): ALKEM.NS
2026-09-22 10:01:17 | INFO    | __main__ | SIZING: 0.400% of equity (Rs4,000 risk per trade)
2026-09-22 10:01:17 | INFO    | __main__ |   base 0.40%
2026-09-22 10:01:17 | INFO    | __main__ |   performance x1.0: n=0, too few trades to infer anything - base size
2026-09-22 10:01:17 | INFO    | __main__ |   drawdown    x1.0: at high-water mark
2026-09-22 10:01:19 | INFO    | __main__ | equity Rs1,000,000 | open 0 | pending 0 | closed 0 | WR 0.0% | PF None | friction Rs0
2026-09-22 10:15:52 | INFO    | __main__ | ================================================================
2026-09-22 10:15:52 | INFO    | __main__ | Scan | 2026-09-22 10:15 IST
2026-09-22 10:16:06 | INFO    | data.fetcher | Fetched 15min data for 212/212 tickers
2026-09-22 10:16:06 | INFO    | __main__ | SIZING: 0.400% of equity (Rs4,000 risk per trade)
2026-09-22 10:16:06 | INFO    | __main__ |   base 0.40%
2026-09-22 10:16:06 | INFO    | __main__ |   performance x1.0: n=0, too few trades to infer anything - base size
2026-09-22 10:16:06 | INFO    | __main__ |   drawdown    x1.0: at high-water mark
2026-09-22 10:16:08 | INFO    | __main__ | equity Rs1,000,000 | open 0 | pending 0 | closed 0 | WR 0.0% | PF None | friction Rs0
2026-09-22 10:31:54 | INFO    | __main__ | ================================================================
2026-09-22 10:31:54 | INFO    | __main__ | Scan | 2026-09-22 10:31 IST
2026-09-22 10:32:10 | INFO    | data.fetcher | Fetched 15min data for 212/212 tickers
2026-09-22 10:32:10 | INFO    | __main__ | SIZING: 0.400% of equity (Rs4,000 risk per trade)
2026-09-22 10:32:10 | INFO    | __main__ |   base 0.40%
2026-09-22 10:32:10 | INFO    | __main__ |   performance x1.0: n=0, too few trades to infer anything - base size
2026-09-22 10:32:10 | INFO    | __main__ |   drawdown    x1.0: at high-water mark
2026-09-22 10:32:11 | INFO    | __main__ | equity Rs1,000,000 | open 0 | pending 0 | closed 0 | WR 0.0% | PF None | friction Rs0
2026-09-22 10:45:58 | INFO    | __main__ | ================================================================
2026-09-22 10:45:58 | INFO    | __main__ | Scan | 2026-09-22 10:45 IST
2026-09-22 10:46:12 | INFO    | data.fetcher | Fetched 15min data for 212/212 tickers
2026-09-22 10:46:12 | INFO    | __main__ | SIZING: 0.400% of equity (Rs4,000 risk per trade)
2026-09-22 10:46:12 | INFO    | __main__ |   base 0.40%
2026-09-22 10:46:12 | INFO    | __main__ |   performance x1.0: n=0, too few trades to infer anything - base size
2026-09-22 10:46:12 | INFO    | __main__ |   drawdown    x1.0: at high-water mark
2026-09-22 10:46:14 | INFO    | __main__ | equity Rs1,000,000 | open 0 | pending 0 | closed 0 | WR 0.0% | PF None | friction Rs0
2026-09-22 11:01:04 | INFO    | __main__ | ================================================================
2026-09-22 11:01:04 | INFO    | __main__ | Scan | 2026-09-22 11:01 IST
2026-09-22 11:01:17 | INFO    | data.fetcher | Fetched 15min data for 212/212 tickers
2026-09-22 11:01:17 | INFO    | __main__ | SIZING: 0.400% of equity (Rs4,000 risk per trade)
2026-09-22 11:01:17 | INFO    | __main__ |   base 0.40%
2026-09-22 11:01:17 | INFO    | __main__ |   performance x1.0: n=0, too few trades to infer anything - base size
2026-09-22 11:01:17 | INFO    | __main__ |   drawdown    x1.0: at high-water mark
2026-09-22 11:01:19 | INFO    | __main__ | equity Rs1,000,000 | open 0 | pending 0 | closed 0 | WR 0.0% | PF None | friction Rs0
2026-09-22 11:15:52 | INFO    | __main__ | ================================================================
2026-09-22 11:15:52 | INFO    | __main__ | Scan | 2026-09-22 11:15 IST
2026-09-22 11:16:07 | INFO    | data.fetcher | Fetched 15min data for 212/212 tickers
2026-09-22 11:16:07 | INFO    | __main__ | SIZING: 0.400% of equity (Rs4,000 risk per trade)
2026-09-22 11:16:07 | INFO    | __main__ |   base 0.40%
2026-09-22 11:16:07 | INFO    | __main__ |   performance x1.0: n=0, too few trades to infer anything - base size
2026-09-22 11:16:07 | INFO    | __main__ |   drawdown    x1.0: at high-water mark
2026-09-22 11:16:09 | INFO    | __main__ | equity Rs1,000,000 | open 0 | pending 0 | closed 0 | WR 0.0% | PF None | friction Rs0
2026-09-22 11:31:18 | INFO    | __main__ | ================================================================
2026-09-22 11:31:18 | INFO    | __main__ | Scan | 2026-09-22 11:31 IST
2026-09-22 11:31:35 | INFO    | data.fetcher | Fetched 15min data for 212/212 tickers
2026-09-22 11:31:35 | INFO    | __main__ | SIZING: 0.400% of equity (Rs4,000 risk per trade)
2026-09-22 11:31:35 | INFO    | __main__ |   base 0.40%
2026-09-22 11:31:35 | INFO    | __main__ |   performance x1.0: n=0, too few trades to infer anything - base size
2026-09-22 11:31:35 | INFO    | __main__ |   drawdown    x1.0: at high-water mark
2026-09-22 11:31:37 | INFO    | __main__ | equity Rs1,000,000 | open 0 | pending 0 | closed 0 | WR 0.0% | PF None | friction Rs0
2026-09-22 11:45:51 | INFO    | __main__ | ================================================================
2026-09-22 11:45:51 | INFO    | __main__ | Scan | 2026-09-22 11:45 IST
2026-09-22 11:46:03 | INFO    | data.fetcher | Fetched 15min data for 212/212 tickers
2026-09-22 11:46:04 | INFO    | __main__ | SIZING: 0.400% of equity (Rs4,000 risk per trade)
2026-09-22 11:46:04 | INFO    | __main__ |   base 0.40%
2026-09-22 11:46:04 | INFO    | __main__ |   performance x1.0: n=0, too few trades to infer anything - base size
2026-09-22 11:46:04 | INFO    | __main__ |   drawdown    x1.0: at high-water mark
2026-09-22 11:46:05 | INFO    | __main__ | equity Rs1,000,000 | open 0 | pending 0 | closed 0 | WR 0.0% | PF None | friction Rs0
2026-09-22 12:01:07 | INFO    | __main__ | ================================================================
2026-09-22 12:01:07 | INFO    | __main__ | Scan | 2026-09-22 12:01 IST
2026-09-22 12:01:21 | INFO    | data.fetcher | Fetched 15min data for 212/212 tickers
2026-09-22 12:01:21 | INFO    | __main__ | SIZING: 0.400% of equity (Rs4,000 risk per trade)
2026-09-22 12:01:21 | INFO    | __main__ |   base 0.40%
2026-09-22 12:01:21 | INFO    | __main__ |   performance x1.0: n=0, too few trades to infer anything - base size
2026-09-22 12:01:21 | INFO    | __main__ |   drawdown    x1.0: at high-water mark
2026-09-22 12:01:22 | INFO    | __main__ | equity Rs1,000,000 | open 0 | pending 0 | closed 0 | WR 0.0% | PF None | friction Rs0
2026-09-22 12:15:55 | INFO    | __main__ | ================================================================
2026-09-22 12:15:55 | INFO    | __main__ | Scan | 2026-09-22 12:15 IST
2026-09-22 12:16:16 | INFO    | data.fetcher | Fetched 15min data for 212/212 tickers
2026-09-22 12:16:16 | INFO    | __main__ | SIZING: 0.400% of equity (Rs4,000 risk per trade)
2026-09-22 12:16:16 | INFO    | __main__ |   base 0.40%
2026-09-22 12:16:16 | INFO    | __main__ |   performance x1.0: n=0, too few trades to infer anything - base size
2026-09-22 12:16:16 | INFO    | __main__ |   drawdown    x1.0: at high-water mark
2026-09-22 12:16:18 | INFO    | __main__ | equity Rs1,000,000 | open 0 | pending 0 | closed 0 | WR 0.0% | PF None | friction Rs0
2026-09-22 12:31:20 | INFO    | __main__ | ================================================================
2026-09-22 12:31:20 | INFO    | __main__ | Scan | 2026-09-22 12:31 IST
2026-09-22 12:31:43 | INFO    | data.fetcher | Fetched 15min data for 212/212 tickers
2026-09-22 12:31:43 | INFO    | __main__ | SIZING: 0.400% of equity (Rs4,000 risk per trade)
2026-09-22 12:31:43 | INFO    | __main__ |   base 0.40%
2026-09-22 12:31:43 | INFO    | __main__ |   performance x1.0: n=0, too few trades to infer anything - base size
2026-09-22 12:31:43 | INFO    | __main__ |   drawdown    x1.0: at high-water mark
2026-09-22 12:31:44 | INFO    | __main__ | equity Rs1,000,000 | open 0 | pending 0 | closed 0 | WR 0.0% | PF None | friction Rs0
2026-09-22 12:45:48 | INFO    | __main__ | ================================================================
2026-09-22 12:45:48 | INFO    | __main__ | Scan | 2026-09-22 12:45 IST
2026-09-22 12:46:01 | INFO    | data.fetcher | Fetched 15min data for 212/212 tickers
2026-09-22 12:46:01 | INFO    | __main__ | SIZING: 0.400% of equity (Rs4,000 risk per trade)
2026-09-22 12:46:01 | INFO    | __main__ |   base 0.40%
2026-09-22 12:46:01 | INFO    | __main__ |   performance x1.0: n=0, too few trades to infer anything - base size
2026-09-22 12:46:01 | INFO    | __main__ |   drawdown    x1.0: at high-water mark
2026-09-22 12:46:03 | INFO    | __main__ | equity Rs1,000,000 | open 0 | pending 0 | closed 0 | WR 0.0% | PF None | friction Rs0
2026-09-22 13:01:10 | INFO    | __main__ | ================================================================
2026-09-22 13:01:10 | INFO    | __main__ | Scan | 2026-09-22 13:01 IST
2026-09-22 13:01:31 | INFO    | data.fetcher | Fetched 15min data for 212/212 tickers
2026-09-22 13:01:31 | INFO    | __main__ | SIZING: 0.400% of equity (Rs4,000 risk per trade)
2026-09-22 13:01:31 | INFO    | __main__ |   base 0.40%
2026-09-22 13:01:31 | INFO    | __main__ |   performance x1.0: n=0, too few trades to infer anything - base size
2026-09-22 13:01:31 | INFO    | __main__ |   drawdown    x1.0: at high-water mark
2026-09-22 13:01:33 | INFO    | __main__ | equity Rs1,000,000 | open 0 | pending 0 | closed 0 | WR 0.0% | PF None | friction Rs0
2026-09-22 13:16:04 | INFO    | __main__ | ================================================================
2026-09-22 13:16:04 | INFO    | __main__ | Scan | 2026-09-22 13:16 IST
2026-09-22 13:16:34 | INFO    | data.fetcher | Fetched 15min data for 212/212 tickers
2026-09-22 13:16:34 | INFO    | __main__ | SIZING: 0.400% of equity (Rs4,000 risk per trade)
2026-09-22 13:16:34 | INFO    | __main__ |   base 0.40%
2026-09-22 13:16:34 | INFO    | __main__ |   performance x1.0: n=0, too few trades to infer anything - base size
2026-09-22 13:16:34 | INFO    | __main__ |   drawdown    x1.0: at high-water mark
2026-09-22 13:16:35 | INFO    | __main__ | equity Rs1,000,000 | open 0 | pending 0 | closed 0 | WR 0.0% | PF None | friction Rs0
2026-09-22 13:31:19 | INFO    | __main__ | ================================================================
2026-09-22 13:31:19 | INFO    | __main__ | Scan | 2026-09-22 13:31 IST
2026-09-22 13:31:35 | INFO    | data.fetcher | Fetched 15min data for 212/212 tickers
2026-09-22 13:31:35 | INFO    | __main__ | SIZING: 0.400% of equity (Rs4,000 risk per trade)
2026-09-22 13:31:35 | INFO    | __main__ |   base 0.40%
2026-09-22 13:31:35 | INFO    | __main__ |   performance x1.0: n=0, too few trades to infer anything - base size
2026-09-22 13:31:35 | INFO    | __main__ |   drawdown    x1.0: at high-water mark
2026-09-22 13:31:35 | INFO    | __main__ | equity Rs1,000,000 | open 0 | pending 0 | closed 0 | WR 0.0% | PF None | friction Rs0
2026-09-22 13:45:49 | INFO    | __main__ | ================================================================
2026-09-22 13:45:49 | INFO    | __main__ | Scan | 2026-09-22 13:45 IST
2026-09-22 13:46:03 | INFO    | data.fetcher | Fetched 15min data for 212/212 tickers
2026-09-22 13:46:03 | INFO    | __main__ | SIZING: 0.400% of equity (Rs4,000 risk per trade)
2026-09-22 13:46:03 | INFO    | __main__ |   base 0.40%
2026-09-22 13:46:03 | INFO    | __main__ |   performance x1.0: n=0, too few trades to infer anything - base size
2026-09-22 13:46:03 | INFO    | __main__ |   drawdown    x1.0: at high-water mark
2026-09-22 13:46:03 | INFO    | __main__ | equity Rs1,000,000 | open 0 | pending 0 | closed 0 | WR 0.0% | PF None | friction Rs0
2026-09-22 13:57:06 | INFO    | __main__ | ================================================================
2026-09-22 13:57:06 | INFO    | __main__ | Scan | 2026-09-22 13:57 IST
2026-09-22 13:57:21 | INFO    | data.fetcher | Fetched 15min data for 212/212 tickers
2026-09-22 13:57:21 | INFO    | __main__ | SIZING: 0.400% of equity (Rs4,000 risk per trade)
2026-09-22 13:57:21 | INFO    | __main__ |   base 0.40%
2026-09-22 13:57:21 | INFO    | __main__ |   performance x1.0: n=0, too few trades to infer anything - base size
2026-09-22 13:57:21 | INFO    | __main__ |   drawdown    x1.0: at high-water mark
2026-09-22 13:57:21 | INFO    | strategies.vwap_mr_v2 | REGIME GATE CLOSED: NIFTY 0.33% below its VWAP (limit 0.3%) - no entries this scan
2026-09-22 13:57:21 | INFO    | __main__ | equity Rs1,000,000 | open 0 | pending 0 | closed 0 | WR 0.0% | PF None | friction Rs0
2026-09-22 14:01:15 | INFO    | __main__ | ================================================================
2026-09-22 14:01:15 | INFO    | __main__ | Scan | 2026-09-22 14:01 IST
2026-09-22 14:01:27 | INFO    | data.fetcher | Fetched 15min data for 212/212 tickers
2026-09-22 14:01:27 | INFO    | __main__ | SIZING: 0.400% of equity (Rs4,000 risk per trade)
2026-09-22 14:01:27 | INFO    | __main__ |   base 0.40%
2026-09-22 14:01:27 | INFO    | __main__ |   performance x1.0: n=0, too few trades to infer anything - base size
2026-09-22 14:01:27 | INFO    | __main__ |   drawdown    x1.0: at high-water mark
2026-09-22 14:01:27 | INFO    | strategies.vwap_mr_v2 | REGIME GATE CLOSED: NIFTY 0.36% below its VWAP (limit 0.3%) - no entries this scan
2026-09-22 14:01:27 | INFO    | __main__ | equity Rs1,000,000 | open 0 | pending 0 | closed 0 | WR 0.0% | PF None | friction Rs0
2026-09-22 14:15:54 | INFO    | __main__ | ================================================================
2026-09-22 14:15:54 | INFO    | __main__ | Scan | 2026-09-22 14:15 IST
2026-09-22 14:16:07 | INFO    | data.fetcher | Fetched 15min data for 212/212 tickers
2026-09-22 14:16:07 | INFO    | __main__ | SIZING: 0.400% of equity (Rs4,000 risk per trade)
2026-09-22 14:16:07 | INFO    | __main__ |   base 0.40%
2026-09-22 14:16:07 | INFO    | __main__ |   performance x1.0: n=0, too few trades to infer anything - base size
2026-09-22 14:16:07 | INFO    | __main__ |   drawdown    x1.0: at high-water mark
2026-09-22 14:16:07 | INFO    | __main__ | equity Rs1,000,000 | open 0 | pending 0 | closed 0 | WR 0.0% | PF None | friction Rs0
2026-09-22 14:31:22 | INFO    | __main__ | ================================================================
2026-09-22 14:31:22 | INFO    | __main__ | Scan | 2026-09-22 14:31 IST
2026-09-22 14:31:36 | INFO    | data.fetcher | Fetched 15min data for 212/212 tickers
2026-09-22 14:31:36 | INFO    | __main__ | SIZING: 0.400% of equity (Rs4,000 risk per trade)
2026-09-22 14:31:36 | INFO    | __main__ |   base 0.40%
2026-09-22 14:31:36 | INFO    | __main__ |   performance x1.0: n=0, too few trades to infer anything - base size
2026-09-22 14:31:36 | INFO    | __main__ |   drawdown    x1.0: at high-water mark
2026-09-22 14:31:36 | INFO    | __main__ | equity Rs1,000,000 | open 0 | pending 0 | closed 0 | WR 0.0% | PF None | friction Rs0
2026-09-22 14:45:54 | INFO    | __main__ | ================================================================
2026-09-22 14:45:54 | INFO    | __main__ | Scan | 2026-09-22 14:45 IST
2026-09-22 14:46:07 | INFO    | data.fetcher | Fetched 15min data for 212/212 tickers
2026-09-22 14:46:07 | INFO    | __main__ | SIZING: 0.400% of equity (Rs4,000 risk per trade)
2026-09-22 14:46:07 | INFO    | __main__ |   base 0.40%
2026-09-22 14:46:07 | INFO    | __main__ |   performance x1.0: n=0, too few trades to infer anything - base size
2026-09-22 14:46:07 | INFO    | __main__ |   drawdown    x1.0: at high-water mark
2026-09-22 14:46:07 | INFO    | __main__ | equity Rs1,000,000 | open 0 | pending 0 | closed 0 | WR 0.0% | PF None | friction Rs0
2026-09-22 15:01:22 | INFO    | __main__ | ================================================================
2026-09-22 15:01:22 | INFO    | __main__ | Scan | 2026-09-22 15:01 IST
2026-09-22 15:01:36 | INFO    | data.fetcher | Fetched 15min data for 212/212 tickers
2026-09-22 15:01:36 | INFO    | __main__ | SIZING: 0.400% of equity (Rs4,000 risk per trade)
2026-09-22 15:01:36 | INFO    | __main__ |   base 0.40%
2026-09-22 15:01:36 | INFO    | __main__ |   performance x1.0: n=0, too few trades to infer anything - base size
2026-09-22 15:01:36 | INFO    | __main__ |   drawdown    x1.0: at high-water mark
2026-09-22 15:01:36 | INFO    | __main__ | equity Rs1,000,000 | open 0 | pending 0 | closed 0 | WR 0.0% | PF None | friction Rs0
2026-09-22 15:15:47 | INFO    | __main__ | ================================================================
2026-09-22 15:15:47 | INFO    | __main__ | Scan | 2026-09-22 15:15 IST
2026-09-22 15:16:03 | INFO    | data.fetcher | Fetched 15min data for 212/212 tickers
2026-09-22 15:16:03 | INFO    | __main__ | EOD: {'equity': 1000000.0, 'cash': 1000000, 'open_positions': 0, 'pending_orders': 0, 'closed_trades': 0, 'win_rate_pct': 0.0, 'profit_factor': None, 'total_friction': 0, 'total_pnl': 0.0, 'return_pct': 0.0}
2026-09-22 15:31:26 | INFO    | __main__ | ================================================================
2026-09-22 15:31:26 | INFO    | __main__ | Scan | 2026-09-22 15:31 IST
2026-09-22 15:31:26 | INFO    | __main__ | outside NSE hours
2026-09-22 15:45:50 | INFO    | __main__ | ================================================================
2026-09-22 15:45:50 | INFO    | __main__ | Scan | 2026-09-22 15:45 IST
2026-09-22 15:45:50 | INFO    | __main__ | outside NSE hours
2026-09-22 16:01:15 | INFO    | __main__ | ================================================================
2026-09-22 16:01:15 | INFO    | __main__ | Scan | 2026-09-22 16:01 IST
2026-09-22 16:01:15 | INFO    | __main__ | outside NSE hours
2026-09-22 16:15:53 | INFO    | __main__ | ================================================================
2026-09-22 16:15:53 | INFO    | __main__ | Scan | 2026-09-22 16:15 IST
2026-09-22 16:15:53 | INFO    | __main__ | outside NSE hours
2026-09-22 19:07:58 | INFO    | __main__ | ================================================================
2026-09-22 19:07:58 | INFO    | __main__ | Scan | 2026-09-22 19:07 IST
2026-09-22 19:07:58 | INFO    | __main__ | outside NSE hours
2026-09-23 08:31:20 | INFO    | __main__ | ================================================================
2026-09-23 08:31:20 | INFO    | __main__ | Scan | 2026-09-23 08:31 IST
2026-09-23 08:31:20 | INFO    | __main__ | outside NSE hours
2026-09-23 08:45:52 | INFO    | __main__ | ================================================================
2026-09-23 08:45:52 | INFO    | __main__ | Scan | 2026-09-23 08:45 IST
2026-09-23 08:45:52 | INFO    | __main__ | outside NSE hours
2026-09-23 09:00:59 | INFO    | __main__ | ================================================================
2026-09-23 09:00:59 | INFO    | __main__ | Scan | 2026-09-23 09:00 IST
2026-09-23 09:00:59 | INFO    | __main__ | outside NSE hours
2026-09-23 09:15:53 | INFO    | __main__ | ================================================================
2026-09-23 09:15:53 | INFO    | __main__ | Scan | 2026-09-23 09:15 IST
2026-09-23 09:16:10 | INFO    | data.fetcher | Fetched 15min data for 212/212 tickers
2026-09-23 09:16:10 | INFO    | __main__ | SIZING: 0.400% of equity (Rs4,000 risk per trade)
2026-09-23 09:16:10 | INFO    | __main__ |   base 0.40%
2026-09-23 09:16:10 | INFO    | __main__ |   performance x1.0: n=0, too few trades to infer anything - base size
2026-09-23 09:16:10 | INFO    | __main__ |   drawdown    x1.0: at high-water mark
2026-09-23 09:16:10 | INFO    | strategies.vwap_mr_v2 | REGIME GATE CLOSED: insufficient index bars - no entries this scan
2026-09-23 09:16:10 | INFO    | __main__ | equity Rs1,000,000 | open 0 | pending 0 | closed 0 | WR 0.0% | PF None | friction Rs0
2026-09-23 09:31:19 | INFO    | __main__ | ================================================================
2026-09-23 09:31:19 | INFO    | __main__ | Scan | 2026-09-23 09:31 IST
2026-09-23 09:31:32 | INFO    | data.fetcher | Fetched 15min data for 212/212 tickers
2026-09-23 09:31:32 | INFO    | __main__ | SIZING: 0.400% of equity (Rs4,000 risk per trade)
2026-09-23 09:31:32 | INFO    | __main__ |   base 0.40%
2026-09-23 09:31:32 | INFO    | __main__ |   performance x1.0: n=0, too few trades to infer anything - base size
2026-09-23 09:31:32 | INFO    | __main__ |   drawdown    x1.0: at high-water mark
2026-09-23 09:31:32 | INFO    | __main__ | equity Rs1,000,000 | open 0 | pending 0 | closed 0 | WR 0.0% | PF None | friction Rs0
2026-09-23 09:45:54 | INFO    | __main__ | ================================================================
2026-09-23 09:45:54 | INFO    | __main__ | Scan | 2026-09-23 09:45 IST
2026-09-23 09:46:20 | INFO    | data.fetcher | Fetched 15min data for 212/212 tickers
2026-09-23 09:46:20 | INFO    | __main__ | SIZING: 0.400% of equity (Rs4,000 risk per trade)
2026-09-23 09:46:20 | INFO    | __main__ |   base 0.40%
2026-09-23 09:46:20 | INFO    | __main__ |   performance x1.0: n=0, too few trades to infer anything - base size
2026-09-23 09:46:20 | INFO    | __main__ |   drawdown    x1.0: at high-water mark
2026-09-23 09:46:20 | INFO    | __main__ | equity Rs1,000,000 | open 0 | pending 0 | closed 0 | WR 0.0% | PF None | friction Rs0
2026-09-23 10:01:06 | INFO    | __main__ | ================================================================
2026-09-23 10:01:06 | INFO    | __main__ | Scan | 2026-09-23 10:01 IST
2026-09-23 10:01:25 | INFO    | data.fetcher | Fetched 15min data for 212/212 tickers
2026-09-23 10:01:25 | INFO    | __main__ | SIZING: 0.400% of equity (Rs4,000 risk per trade)
2026-09-23 10:01:25 | INFO    | __main__ |   base 0.40%
2026-09-23 10:01:25 | INFO    | __main__ |   performance x1.0: n=0, too few trades to infer anything - base size
2026-09-23 10:01:25 | INFO    | __main__ |   drawdown    x1.0: at high-water mark
2026-09-23 10:01:26 | INFO    | __main__ | equity Rs1,000,000 | open 0 | pending 0 | closed 0 | WR 0.0% | PF None | friction Rs0
2026-09-23 10:15:53 | INFO    | __main__ | ================================================================
2026-09-23 10:15:53 | INFO    | __main__ | Scan | 2026-09-23 10:15 IST
2026-09-23 10:16:09 | INFO    | data.fetcher | Fetched 15min data for 212/212 tickers
2026-09-23 10:16:09 | INFO    | __main__ | SIZING: 0.400% of equity (Rs4,000 risk per trade)
2026-09-23 10:16:09 | INFO    | __main__ |   base 0.40%
2026-09-23 10:16:09 | INFO    | __main__ |   performance x1.0: n=0, too few trades to infer anything - base size
2026-09-23 10:16:09 | INFO    | __main__ |   drawdown    x1.0: at high-water mark
2026-09-23 10:16:09 | INFO    | __main__ | equity Rs1,000,000 | open 0 | pending 0 | closed 0 | WR 0.0% | PF None | friction Rs0
2026-09-23 10:31:18 | INFO    | __main__ | ================================================================
2026-09-23 10:31:18 | INFO    | __main__ | Scan | 2026-09-23 10:31 IST
2026-09-23 10:31:38 | INFO    | data.fetcher | Fetched 15min data for 212/212 tickers
2026-09-23 10:31:38 | INFO    | __main__ | SIZING: 0.400% of equity (Rs4,000 risk per trade)
2026-09-23 10:31:38 | INFO    | __main__ |   base 0.40%
2026-09-23 10:31:38 | INFO    | __main__ |   performance x1.0: n=0, too few trades to infer anything - base size
2026-09-23 10:31:38 | INFO    | __main__ |   drawdown    x1.0: at high-water mark
2026-09-23 10:31:39 | INFO    | __main__ | equity Rs1,000,000 | open 0 | pending 0 | closed 0 | WR 0.0% | PF None | friction Rs0
2026-09-23 10:45:49 | INFO    | __main__ | ================================================================
2026-09-23 10:45:49 | INFO    | __main__ | Scan | 2026-09-23 10:45 IST
2026-09-23 10:46:02 | INFO    | data.fetcher | Fetched 15min data for 212/212 tickers
2026-09-23 10:46:02 | INFO    | __main__ | SIZING: 0.400% of equity (Rs4,000 risk per trade)
2026-09-23 10:46:02 | INFO    | __main__ |   base 0.40%
2026-09-23 10:46:02 | INFO    | __main__ |   performance x1.0: n=0, too few trades to infer anything - base size
2026-09-23 10:46:02 | INFO    | __main__ |   drawdown    x1.0: at high-water mark
2026-09-23 10:46:04 | INFO    | __main__ | equity Rs1,000,000 | open 0 | pending 0 | closed 0 | WR 0.0% | PF None | friction Rs0
2026-09-23 11:01:03 | INFO    | __main__ | ================================================================
2026-09-23 11:01:03 | INFO    | __main__ | Scan | 2026-09-23 11:01 IST
2026-09-23 11:01:15 | INFO    | data.fetcher | Fetched 15min data for 212/212 tickers
2026-09-23 11:01:15 | INFO    | __main__ | SIZING: 0.400% of equity (Rs4,000 risk per trade)
2026-09-23 11:01:15 | INFO    | __main__ |   base 0.40%
2026-09-23 11:01:15 | INFO    | __main__ |   performance x1.0: n=0, too few trades to infer anything - base size
2026-09-23 11:01:15 | INFO    | __main__ |   drawdown    x1.0: at high-water mark
2026-09-23 11:01:17 | INFO    | __main__ | equity Rs1,000,000 | open 0 | pending 0 | closed 0 | WR 0.0% | PF None | friction Rs0
2026-09-23 11:15:55 | INFO    | __main__ | ================================================================
2026-09-23 11:15:55 | INFO    | __main__ | Scan | 2026-09-23 11:15 IST
2026-09-23 11:16:12 | INFO    | data.fetcher | Fetched 15min data for 212/212 tickers
2026-09-23 11:16:12 | INFO    | __main__ | SIZING: 0.400% of equity (Rs4,000 risk per trade)
2026-09-23 11:16:12 | INFO    | __main__ |   base 0.40%
2026-09-23 11:16:12 | INFO    | __main__ |   performance x1.0: n=0, too few trades to infer anything - base size
2026-09-23 11:16:12 | INFO    | __main__ |   drawdown    x1.0: at high-water mark
2026-09-23 11:16:13 | INFO    | __main__ | equity Rs1,000,000 | open 0 | pending 0 | closed 0 | WR 0.0% | PF None | friction Rs0
2026-09-23 11:31:18 | INFO    | __main__ | ================================================================
2026-09-23 11:31:18 | INFO    | __main__ | Scan | 2026-09-23 11:31 IST
2026-09-23 11:31:36 | INFO    | data.fetcher | Fetched 15min data for 212/212 tickers
2026-09-23 11:31:36 | INFO    | __main__ | SIZING: 0.400% of equity (Rs4,000 risk per trade)
2026-09-23 11:31:36 | INFO    | __main__ |   base 0.40%
2026-09-23 11:31:36 | INFO    | __main__ |   performance x1.0: n=0, too few trades to infer anything - base size
2026-09-23 11:31:36 | INFO    | __main__ |   drawdown    x1.0: at high-water mark
2026-09-23 11:31:37 | INFO    | __main__ | equity Rs1,000,000 | open 0 | pending 0 | closed 0 | WR 0.0% | PF None | friction Rs0
2026-09-23 11:45:48 | INFO    | __main__ | ================================================================
2026-09-23 11:45:48 | INFO    | __main__ | Scan | 2026-09-23 11:45 IST
2026-09-23 11:46:05 | INFO    | data.fetcher | Fetched 15min data for 212/212 tickers
2026-09-23 11:46:05 | INFO    | __main__ | SIZING: 0.400% of equity (Rs4,000 risk per trade)
2026-09-23 11:46:05 | INFO    | __main__ |   base 0.40%
2026-09-23 11:46:05 | INFO    | __main__ |   performance x1.0: n=0, too few trades to infer anything - base size
2026-09-23 11:46:05 | INFO    | __main__ |   drawdown    x1.0: at high-water mark
2026-09-23 11:46:06 | INFO    | __main__ | equity Rs1,000,000 | open 0 | pending 0 | closed 0 | WR 0.0% | PF None | friction Rs0
2026-09-23 12:01:06 | INFO    | __main__ | ================================================================
2026-09-23 12:01:06 | INFO    | __main__ | Scan | 2026-09-23 12:01 IST
2026-09-23 12:01:20 | INFO    | data.fetcher | Fetched 15min data for 212/212 tickers
2026-09-23 12:01:21 | INFO    | __main__ | SIZING: 0.400% of equity (Rs4,000 risk per trade)
2026-09-23 12:01:21 | INFO    | __main__ |   base 0.40%
2026-09-23 12:01:21 | INFO    | __main__ |   performance x1.0: n=0, too few trades to infer anything - base size
2026-09-23 12:01:21 | INFO    | __main__ |   drawdown    x1.0: at high-water mark
2026-09-23 12:01:22 | INFO    | __main__ | equity Rs1,000,000 | open 0 | pending 0 | closed 0 | WR 0.0% | PF None | friction Rs0
2026-09-23 12:15:49 | INFO    | __main__ | ================================================================
2026-09-23 12:15:49 | INFO    | __main__ | Scan | 2026-09-23 12:15 IST
2026-09-23 12:16:03 | INFO    | data.fetcher | Fetched 15min data for 212/212 tickers
2026-09-23 12:16:03 | INFO    | __main__ | SIZING: 0.400% of equity (Rs4,000 risk per trade)
2026-09-23 12:16:03 | INFO    | __main__ |   base 0.40%
2026-09-23 12:16:03 | INFO    | __main__ |   performance x1.0: n=0, too few trades to infer anything - base size
2026-09-23 12:16:03 | INFO    | __main__ |   drawdown    x1.0: at high-water mark
2026-09-23 12:16:05 | INFO    | __main__ | equity Rs1,000,000 | open 0 | pending 0 | closed 0 | WR 0.0% | PF None | friction Rs0
2026-09-23 12:31:20 | INFO    | __main__ | ================================================================
2026-09-23 12:31:20 | INFO    | __main__ | Scan | 2026-09-23 12:31 IST
2026-09-23 12:31:37 | INFO    | data.fetcher | Fetched 15min data for 212/212 tickers
2026-09-23 12:31:37 | INFO    | __main__ | SIZING: 0.400% of equity (Rs4,000 risk per trade)
2026-09-23 12:31:37 | INFO    | __main__ |   base 0.40%
2026-09-23 12:31:37 | INFO    | __main__ |   performance x1.0: n=0, too few trades to infer anything - base size
2026-09-23 12:31:37 | INFO    | __main__ |   drawdown    x1.0: at high-water mark
2026-09-23 12:31:39 | INFO    | __main__ | equity Rs1,000,000 | open 0 | pending 0 | closed 0 | WR 0.0% | PF None | friction Rs0
2026-09-23 12:45:50 | INFO    | __main__ | ================================================================
2026-09-23 12:45:50 | INFO    | __main__ | Scan | 2026-09-23 12:45 IST
2026-09-23 12:46:12 | INFO    | data.fetcher | Fetched 15min data for 212/212 tickers
2026-09-23 12:46:12 | INFO    | __main__ | SIZING: 0.400% of equity (Rs4,000 risk per trade)
2026-09-23 12:46:12 | INFO    | __main__ |   base 0.40%
2026-09-23 12:46:12 | INFO    | __main__ |   performance x1.0: n=0, too few trades to infer anything - base size
2026-09-23 12:46:12 | INFO    | __main__ |   drawdown    x1.0: at high-water mark
2026-09-23 12:46:13 | INFO    | __main__ | equity Rs1,000,000 | open 0 | pending 0 | closed 0 | WR 0.0% | PF None | friction Rs0
2026-09-23 13:01:05 | INFO    | __main__ | ================================================================
2026-09-23 13:01:05 | INFO    | __main__ | Scan | 2026-09-23 13:01 IST
2026-09-23 13:01:18 | INFO    | data.fetcher | Fetched 15min data for 212/212 tickers
2026-09-23 13:01:18 | INFO    | __main__ | SIZING: 0.400% of equity (Rs4,000 risk per trade)
2026-09-23 13:01:18 | INFO    | __main__ |   base 0.40%
2026-09-23 13:01:18 | INFO    | __main__ |   performance x1.0: n=0, too few trades to infer anything - base size
2026-09-23 13:01:18 | INFO    | __main__ |   drawdown    x1.0: at high-water mark
2026-09-23 13:01:20 | INFO    | __main__ | equity Rs1,000,000 | open 0 | pending 0 | closed 0 | WR 0.0% | PF None | friction Rs0
2026-09-23 13:15:50 | INFO    | __main__ | ================================================================
2026-09-23 13:15:50 | INFO    | __main__ | Scan | 2026-09-23 13:15 IST
2026-09-23 13:16:03 | INFO    | data.fetcher | Fetched 15min data for 212/212 tickers
2026-09-23 13:16:03 | INFO    | __main__ | SIZING: 0.400% of equity (Rs4,000 risk per trade)
2026-09-23 13:16:03 | INFO    | __main__ |   base 0.40%
2026-09-23 13:16:03 | INFO    | __main__ |   performance x1.0: n=0, too few trades to infer anything - base size
2026-09-23 13:16:03 | INFO    | __main__ |   drawdown    x1.0: at high-water mark
2026-09-23 13:16:05 | INFO    | __main__ | equity Rs1,000,000 | open 0 | pending 0 | closed 0 | WR 0.0% | PF None | friction Rs0
2026-09-23 13:31:20 | INFO    | __main__ | ================================================================
2026-09-23 13:31:20 | INFO    | __main__ | Scan | 2026-09-23 13:31 IST
2026-09-23 13:31:34 | INFO    | data.fetcher | Fetched 15min data for 212/212 tickers
2026-09-23 13:31:34 | INFO    | __main__ | SIZING: 0.400% of equity (Rs4,000 risk per trade)
2026-09-23 13:31:34 | INFO    | __main__ |   base 0.40%
2026-09-23 13:31:34 | INFO    | __main__ |   performance x1.0: n=0, too few trades to infer anything - base size
2026-09-23 13:31:34 | INFO    | __main__ |   drawdown    x1.0: at high-water mark
2026-09-23 13:31:34 | INFO    | __main__ | equity Rs1,000,000 | open 0 | pending 0 | closed 0 | WR 0.0% | PF None | friction Rs0
2026-09-23 13:45:54 | INFO    | __main__ | ================================================================
2026-09-23 13:45:54 | INFO    | __main__ | Scan | 2026-09-23 13:45 IST
2026-09-23 13:46:07 | INFO    | data.fetcher | Fetched 15min data for 212/212 tickers
2026-09-23 13:46:07 | INFO    | __main__ | SIZING: 0.400% of equity (Rs4,000 risk per trade)
2026-09-23 13:46:07 | INFO    | __main__ |   base 0.40%
2026-09-23 13:46:07 | INFO    | __main__ |   performance x1.0: n=0, too few trades to infer anything - base size
2026-09-23 13:46:07 | INFO    | __main__ |   drawdown    x1.0: at high-water mark
2026-09-23 13:46:07 | INFO    | __main__ | equity Rs1,000,000 | open 0 | pending 0 | closed 0 | WR 0.0% | PF None | friction Rs0
2026-09-23 13:59:11 | INFO    | __main__ | ================================================================
2026-09-23 13:59:11 | INFO    | __main__ | Scan | 2026-09-23 13:59 IST
2026-09-23 13:59:28 | INFO    | data.fetcher | Fetched 15min data for 212/212 tickers
2026-09-23 13:59:28 | INFO    | __main__ | SIZING: 0.400% of equity (Rs4,000 risk per trade)
2026-09-23 13:59:28 | INFO    | __main__ |   base 0.40%
2026-09-23 13:59:28 | INFO    | __main__ |   performance x1.0: n=0, too few trades to infer anything - base size
2026-09-23 13:59:28 | INFO    | __main__ |   drawdown    x1.0: at high-water mark
2026-09-23 13:59:28 | INFO    | __main__ | equity Rs1,000,000 | open 0 | pending 0 | closed 0 | WR 0.0% | PF None | friction Rs0
2026-09-23 14:01:12 | INFO    | __main__ | ================================================================
2026-09-23 14:01:12 | INFO    | __main__ | Scan | 2026-09-23 14:01 IST
2026-09-23 14:01:25 | INFO    | data.fetcher | Fetched 15min data for 212/212 tickers
2026-09-23 14:01:25 | INFO    | __main__ | SIZING: 0.400% of equity (Rs4,000 risk per trade)
2026-09-23 14:01:25 | INFO    | __main__ |   base 0.40%
2026-09-23 14:01:25 | INFO    | __main__ |   performance x1.0: n=0, too few trades to infer anything - base size
2026-09-23 14:01:25 | INFO    | __main__ |   drawdown    x1.0: at high-water mark
2026-09-23 14:01:25 | INFO    | __main__ | equity Rs1,000,000 | open 0 | pending 0 | closed 0 | WR 0.0% | PF None | friction Rs0
2026-09-23 14:15:55 | INFO    | __main__ | ================================================================
2026-09-23 14:15:55 | INFO    | __main__ | Scan | 2026-09-23 14:15 IST
2026-09-23 14:16:09 | INFO    | data.fetcher | Fetched 15min data for 212/212 tickers
2026-09-23 14:16:09 | INFO    | __main__ | SIZING: 0.400% of equity (Rs4,000 risk per trade)
2026-09-23 14:16:09 | INFO    | __main__ |   base 0.40%
2026-09-23 14:16:09 | INFO    | __main__ |   performance x1.0: n=0, too few trades to infer anything - base size
2026-09-23 14:16:09 | INFO    | __main__ |   drawdown    x1.0: at high-water mark
2026-09-23 14:16:09 | INFO    | __main__ | equity Rs1,000,000 | open 0 | pending 0 | closed 0 | WR 0.0% | PF None | friction Rs0
2026-09-23 14:31:22 | INFO    | __main__ | ================================================================
2026-09-23 14:31:22 | INFO    | __main__ | Scan | 2026-09-23 14:31 IST
2026-09-23 14:31:35 | INFO    | data.fetcher | Fetched 15min data for 212/212 tickers
2026-09-23 14:31:35 | INFO    | __main__ | SIZING: 0.400% of equity (Rs4,000 risk per trade)
2026-09-23 14:31:35 | INFO    | __main__ |   base 0.40%
2026-09-23 14:31:35 | INFO    | __main__ |   performance x1.0: n=0, too few trades to infer anything - base size
2026-09-23 14:31:35 | INFO    | __main__ |   drawdown    x1.0: at high-water mark
2026-09-23 14:31:35 | INFO    | __main__ | equity Rs1,000,000 | open 0 | pending 0 | closed 0 | WR 0.0% | PF None | friction Rs0
2026-09-23 14:45:54 | INFO    | __main__ | ================================================================
2026-09-23 14:45:54 | INFO    | __main__ | Scan | 2026-09-23 14:45 IST
2026-09-23 14:46:18 | INFO    | data.fetcher | Fetched 15min data for 212/212 tickers
2026-09-23 14:46:18 | INFO    | __main__ | SIZING: 0.400% of equity (Rs4,000 risk per trade)
2026-09-23 14:46:18 | INFO    | __main__ |   base 0.40%
2026-09-23 14:46:18 | INFO    | __main__ |   performance x1.0: n=0, too few trades to infer anything - base size
2026-09-23 14:46:18 | INFO    | __main__ |   drawdown    x1.0: at high-water mark
2026-09-23 14:46:18 | INFO    | __main__ | equity Rs1,000,000 | open 0 | pending 0 | closed 0 | WR 0.0% | PF None | friction Rs0
2026-09-23 15:01:11 | INFO    | __main__ | ================================================================
2026-09-23 15:01:11 | INFO    | __main__ | Scan | 2026-09-23 15:01 IST
2026-09-23 15:01:26 | INFO    | data.fetcher | Fetched 15min data for 212/212 tickers
2026-09-23 15:01:26 | INFO    | __main__ | SIZING: 0.400% of equity (Rs4,000 risk per trade)
2026-09-23 15:01:26 | INFO    | __main__ |   base 0.40%
2026-09-23 15:01:26 | INFO    | __main__ |   performance x1.0: n=0, too few trades to infer anything - base size
2026-09-23 15:01:26 | INFO    | __main__ |   drawdown    x1.0: at high-water mark
2026-09-23 15:01:26 | INFO    | __main__ | equity Rs1,000,000 | open 0 | pending 0 | closed 0 | WR 0.0% | PF None | friction Rs0
2026-09-23 15:15:52 | INFO    | __main__ | ================================================================
2026-09-23 15:15:52 | INFO    | __main__ | Scan | 2026-09-23 15:15 IST
2026-09-23 15:16:06 | INFO    | data.fetcher | Fetched 15min data for 212/212 tickers
2026-09-23 15:16:07 | INFO    | __main__ | EOD: {'equity': 1000000.0, 'cash': 1000000, 'open_positions': 0, 'pending_orders': 0, 'closed_trades': 0, 'win_rate_pct': 0.0, 'profit_factor': None, 'total_friction': 0, 'total_pnl': 0.0, 'return_pct': 0.0}
2026-09-23 15:31:20 | INFO    | __main__ | ================================================================
2026-09-23 15:31:20 | INFO    | __main__ | Scan | 2026-09-23 15:31 IST
2026-09-23 15:31:20 | INFO    | __main__ | outside NSE hours
2026-09-23 15:45:55 | INFO    | __main__ | ================================================================
2026-09-23 15:45:55 | INFO    | __main__ | Scan | 2026-09-23 15:45 IST
2026-09-23 15:45:55 | INFO    | __main__ | outside NSE hours
2026-09-23 16:01:11 | INFO    | __main__ | ================================================================
2026-09-23 16:01:11 | INFO    | __main__ | Scan | 2026-09-23 16:01 IST
2026-09-23 16:01:11 | INFO    | __main__ | outside NSE hours
2026-09-23 16:15:54 | INFO    | __main__ | ================================================================
2026-09-23 16:15:54 | INFO    | __main__ | Scan | 2026-09-23 16:15 IST
2026-09-23 16:15:54 | INFO    | __main__ | outside NSE hours
2026-09-23 19:19:22 | INFO    | __main__ | ================================================================
2026-09-23 19:19:22 | INFO    | __main__ | Scan | 2026-09-23 19:19 IST
2026-09-23 19:19:22 | INFO    | __main__ | outside NSE hours
2026-09-24 08:31:17 | INFO    | __main__ | ================================================================
2026-09-24 08:31:17 | INFO    | __main__ | Scan | 2026-09-24 08:31 IST
2026-09-24 08:31:17 | INFO    | __main__ | outside NSE hours
2026-09-24 08:45:50 | INFO    | __main__ | ================================================================
2026-09-24 08:45:50 | INFO    | __main__ | Scan | 2026-09-24 08:45 IST
2026-09-24 08:45:50 | INFO    | __main__ | outside NSE hours
2026-09-24 09:01:05 | INFO    | __main__ | ================================================================
2026-09-24 09:01:05 | INFO    | __main__ | Scan | 2026-09-24 09:01 IST
2026-09-24 09:01:05 | INFO    | __main__ | outside NSE hours
2026-09-24 09:15:50 | INFO    | __main__ | ================================================================
2026-09-24 09:15:50 | INFO    | __main__ | Scan | 2026-09-24 09:15 IST
2026-09-24 09:16:02 | INFO    | data.fetcher | Fetched 15min data for 212/212 tickers
2026-09-24 09:16:02 | INFO    | __main__ | SIZING: 0.400% of equity (Rs4,000 risk per trade)
2026-09-24 09:16:02 | INFO    | __main__ |   base 0.40%
2026-09-24 09:16:02 | INFO    | __main__ |   performance x1.0: n=0, too few trades to infer anything - base size
2026-09-24 09:16:02 | INFO    | __main__ |   drawdown    x1.0: at high-water mark
2026-09-24 09:16:02 | INFO    | strategies.vwap_mr_v2 | REGIME GATE CLOSED: insufficient index bars - no entries this scan
2026-09-24 09:16:02 | INFO    | __main__ | equity Rs1,000,000 | open 0 | pending 0 | closed 0 | WR 0.0% | PF None | friction Rs0
2026-09-24 09:31:21 | INFO    | __main__ | ================================================================
2026-09-24 09:31:21 | INFO    | __main__ | Scan | 2026-09-24 09:31 IST
2026-09-24 09:31:38 | INFO    | data.fetcher | Fetched 15min data for 212/212 tickers
2026-09-24 09:31:38 | INFO    | __main__ | SIZING: 0.400% of equity (Rs4,000 risk per trade)
2026-09-24 09:31:38 | INFO    | __main__ |   base 0.40%
2026-09-24 09:31:38 | INFO    | __main__ |   performance x1.0: n=0, too few trades to infer anything - base size
2026-09-24 09:31:38 | INFO    | __main__ |   drawdown    x1.0: at high-water mark
2026-09-24 09:31:38 | INFO    | __main__ | equity Rs1,000,000 | open 0 | pending 0 | closed 0 | WR 0.0% | PF None | friction Rs0
2026-09-24 09:45:54 | INFO    | __main__ | ================================================================
2026-09-24 09:45:54 | INFO    | __main__ | Scan | 2026-09-24 09:45 IST
2026-09-24 09:46:10 | INFO    | data.fetcher | Fetched 15min data for 212/212 tickers
2026-09-24 09:46:10 | INFO    | __main__ | SIZING: 0.400% of equity (Rs4,000 risk per trade)
2026-09-24 09:46:10 | INFO    | __main__ |   base 0.40%
2026-09-24 09:46:10 | INFO    | __main__ |   performance x1.0: n=0, too few trades to infer anything - base size
2026-09-24 09:46:10 | INFO    | __main__ |   drawdown    x1.0: at high-water mark
2026-09-24 09:46:10 | INFO    | __main__ | equity Rs1,000,000 | open 0 | pending 0 | closed 0 | WR 0.0% | PF None | friction Rs0
2026-09-24 10:01:04 | INFO    | __main__ | ================================================================
2026-09-24 10:01:04 | INFO    | __main__ | Scan | 2026-09-24 10:01 IST
2026-09-24 10:01:23 | INFO    | data.fetcher | Fetched 15min data for 212/212 tickers
2026-09-24 10:01:23 | INFO    | __main__ | SIZING: 0.400% of equity (Rs4,000 risk per trade)
2026-09-24 10:01:23 | INFO    | __main__ |   base 0.40%
2026-09-24 10:01:23 | INFO    | __main__ |   performance x1.0: n=0, too few trades to infer anything - base size
2026-09-24 10:01:23 | INFO    | __main__ |   drawdown    x1.0: at high-water mark
2026-09-24 10:01:24 | INFO    | __main__ | equity Rs1,000,000 | open 0 | pending 0 | closed 0 | WR 0.0% | PF None | friction Rs0
2026-09-24 10:15:43 | INFO    | __main__ | ================================================================
2026-09-24 10:15:43 | INFO    | __main__ | Scan | 2026-09-24 10:15 IST
2026-09-24 10:16:02 | INFO    | data.fetcher | Fetched 15min data for 212/212 tickers
2026-09-24 10:16:02 | INFO    | __main__ | SIZING: 0.400% of equity (Rs4,000 risk per trade)
2026-09-24 10:16:02 | INFO    | __main__ |   base 0.40%
2026-09-24 10:16:02 | INFO    | __main__ |   performance x1.0: n=0, too few trades to infer anything - base size
2026-09-24 10:16:02 | INFO    | __main__ |   drawdown    x1.0: at high-water mark
2026-09-24 10:16:03 | INFO    | __main__ | equity Rs1,000,000 | open 0 | pending 0 | closed 0 | WR 0.0% | PF None | friction Rs0
2026-09-24 10:31:21 | INFO    | __main__ | ================================================================
2026-09-24 10:31:21 | INFO    | __main__ | Scan | 2026-09-24 10:31 IST
2026-09-24 10:31:35 | INFO    | data.fetcher | Fetched 15min data for 212/212 tickers
2026-09-24 10:31:35 | INFO    | __main__ | SIZING: 0.400% of equity (Rs4,000 risk per trade)
2026-09-24 10:31:35 | INFO    | __main__ |   base 0.40%
2026-09-24 10:31:35 | INFO    | __main__ |   performance x1.0: n=0, too few trades to infer anything - base size
2026-09-24 10:31:35 | INFO    | __main__ |   drawdown    x1.0: at high-water mark
2026-09-24 10:31:36 | INFO    | __main__ | equity Rs1,000,000 | open 0 | pending 0 | closed 0 | WR 0.0% | PF None | friction Rs0
2026-09-24 10:45:52 | INFO    | __main__ | ================================================================
2026-09-24 10:45:52 | INFO    | __main__ | Scan | 2026-09-24 10:45 IST
2026-09-24 10:46:05 | INFO    | data.fetcher | Fetched 15min data for 212/212 tickers
2026-09-24 10:46:05 | INFO    | __main__ | SIZING: 0.400% of equity (Rs4,000 risk per trade)
2026-09-24 10:46:05 | INFO    | __main__ |   base 0.40%
2026-09-24 10:46:05 | INFO    | __main__ |   performance x1.0: n=0, too few trades to infer anything - base size
2026-09-24 10:46:05 | INFO    | __main__ |   drawdown    x1.0: at high-water mark
2026-09-24 10:46:06 | INFO    | __main__ | equity Rs1,000,000 | open 0 | pending 0 | closed 0 | WR 0.0% | PF None | friction Rs0
2026-09-24 11:01:06 | INFO    | __main__ | ================================================================
2026-09-24 11:01:06 | INFO    | __main__ | Scan | 2026-09-24 11:01 IST
2026-09-24 11:01:20 | INFO    | data.fetcher | Fetched 15min data for 212/212 tickers
2026-09-24 11:01:20 | INFO    | __main__ | SIZING: 0.400% of equity (Rs4,000 risk per trade)
2026-09-24 11:01:20 | INFO    | __main__ |   base 0.40%
2026-09-24 11:01:20 | INFO    | __main__ |   performance x1.0: n=0, too few trades to infer anything - base size
2026-09-24 11:01:20 | INFO    | __main__ |   drawdown    x1.0: at high-water mark
2026-09-24 11:01:21 | INFO    | __main__ | equity Rs1,000,000 | open 0 | pending 0 | closed 0 | WR 0.0% | PF None | friction Rs0
2026-09-24 11:15:49 | INFO    | __main__ | ================================================================
2026-09-24 11:15:49 | INFO    | __main__ | Scan | 2026-09-24 11:15 IST
2026-09-24 11:16:03 | INFO    | data.fetcher | Fetched 15min data for 212/212 tickers
2026-09-24 11:16:03 | INFO    | __main__ | SIZING: 0.400% of equity (Rs4,000 risk per trade)
2026-09-24 11:16:03 | INFO    | __main__ |   base 0.40%
2026-09-24 11:16:03 | INFO    | __main__ |   performance x1.0: n=0, too few trades to infer anything - base size
2026-09-24 11:16:03 | INFO    | __main__ |   drawdown    x1.0: at high-water mark
2026-09-24 11:16:04 | INFO    | __main__ | equity Rs1,000,000 | open 0 | pending 0 | closed 0 | WR 0.0% | PF None | friction Rs0
2026-09-24 11:31:19 | INFO    | __main__ | ================================================================
2026-09-24 11:31:19 | INFO    | __main__ | Scan | 2026-09-24 11:31 IST
2026-09-24 11:31:37 | INFO    | data.fetcher | Fetched 15min data for 212/212 tickers
2026-09-24 11:31:37 | INFO    | __main__ | SIZING: 0.400% of equity (Rs4,000 risk per trade)
2026-09-24 11:31:37 | INFO    | __main__ |   base 0.40%
2026-09-24 11:31:37 | INFO    | __main__ |   performance x1.0: n=0, too few trades to infer anything - base size
2026-09-24 11:31:37 | INFO    | __main__ |   drawdown    x1.0: at high-water mark
2026-09-24 11:31:38 | INFO    | __main__ | equity Rs1,000,000 | open 0 | pending 0 | closed 0 | WR 0.0% | PF None | friction Rs0
2026-09-24 11:45:56 | INFO    | __main__ | ================================================================
2026-09-24 11:45:56 | INFO    | __main__ | Scan | 2026-09-24 11:45 IST
2026-09-24 11:45:58 | ERROR   | yfinance | 
1 Failed download:
2026-09-24 11:45:58 | ERROR   | yfinance | ['BAJFINANCE.NS']: OperationalError('database is locked')
2026-09-24 11:46:11 | INFO    | data.fetcher | Fetched 15min data for 211/212 tickers
2026-09-24 11:46:11 | WARNING | data.fetcher | NO DATA for 1 symbol(s): BAJFINANCE.NS
2026-09-24 11:46:11 | INFO    | __main__ | SIZING: 0.400% of equity (Rs4,000 risk per trade)
2026-09-24 11:46:11 | INFO    | __main__ |   base 0.40%
2026-09-24 11:46:11 | INFO    | __main__ |   performance x1.0: n=0, too few trades to infer anything - base size
2026-09-24 11:46:11 | INFO    | __main__ |   drawdown    x1.0: at high-water mark
2026-09-24 11:46:12 | INFO    | __main__ | equity Rs1,000,000 | open 0 | pending 0 | closed 0 | WR 0.0% | PF None | friction Rs0
2026-09-24 12:01:07 | INFO    | __main__ | ================================================================
2026-09-24 12:01:07 | INFO    | __main__ | Scan | 2026-09-24 12:01 IST
2026-09-24 12:01:20 | INFO    | data.fetcher | Fetched 15min data for 212/212 tickers
2026-09-24 12:01:20 | INFO    | __main__ | SIZING: 0.400% of equity (Rs4,000 risk per trade)
2026-09-24 12:01:20 | INFO    | __main__ |   base 0.40%
2026-09-24 12:01:20 | INFO    | __main__ |   performance x1.0: n=0, too few trades to infer anything - base size
2026-09-24 12:01:20 | INFO    | __main__ |   drawdown    x1.0: at high-water mark
2026-09-24 12:01:22 | INFO    | __main__ | equity Rs1,000,000 | open 0 | pending 0 | closed 0 | WR 0.0% | PF None | friction Rs0
2026-09-24 12:15:54 | INFO    | __main__ | ================================================================
2026-09-24 12:15:54 | INFO    | __main__ | Scan | 2026-09-24 12:15 IST
2026-09-24 12:16:06 | INFO    | data.fetcher | Fetched 15min data for 212/212 tickers
2026-09-24 12:16:06 | INFO    | __main__ | SIZING: 0.400% of equity (Rs4,000 risk per trade)
2026-09-24 12:16:06 | INFO    | __main__ |   base 0.40%
2026-09-24 12:16:06 | INFO    | __main__ |   performance x1.0: n=0, too few trades to infer anything - base size
2026-09-24 12:16:06 | INFO    | __main__ |   drawdown    x1.0: at high-water mark
2026-09-24 12:16:08 | INFO    | __main__ | equity Rs1,000,000 | open 0 | pending 0 | closed 0 | WR 0.0% | PF None | friction Rs0
2026-09-24 12:31:28 | INFO    | __main__ | ================================================================
2026-09-24 12:31:28 | INFO    | __main__ | Scan | 2026-09-24 12:31 IST
2026-09-24 12:31:41 | INFO    | data.fetcher | Fetched 15min data for 212/212 tickers
2026-09-24 12:31:41 | INFO    | __main__ | SIZING: 0.400% of equity (Rs4,000 risk per trade)
2026-09-24 12:31:41 | INFO    | __main__ |   base 0.40%
2026-09-24 12:31:41 | INFO    | __main__ |   performance x1.0: n=0, too few trades to infer anything - base size
2026-09-24 12:31:41 | INFO    | __main__ |   drawdown    x1.0: at high-water mark
2026-09-24 12:31:43 | INFO    | __main__ | equity Rs1,000,000 | open 0 | pending 0 | closed 0 | WR 0.0% | PF None | friction Rs0
2026-09-24 12:45:51 | INFO    | __main__ | ================================================================
2026-09-24 12:45:51 | INFO    | __main__ | Scan | 2026-09-24 12:45 IST
2026-09-24 12:46:06 | INFO    | data.fetcher | Fetched 15min data for 212/212 tickers
2026-09-24 12:46:06 | INFO    | __main__ | SIZING: 0.400% of equity (Rs4,000 risk per trade)
2026-09-24 12:46:06 | INFO    | __main__ |   base 0.40%
2026-09-24 12:46:06 | INFO    | __main__ |   performance x1.0: n=0, too few trades to infer anything - base size
2026-09-24 12:46:06 | INFO    | __main__ |   drawdown    x1.0: at high-water mark
2026-09-24 12:46:08 | INFO    | __main__ | equity Rs1,000,000 | open 0 | pending 0 | closed 0 | WR 0.0% | PF None | friction Rs0
2026-09-24 13:01:13 | INFO    | __main__ | ================================================================
2026-09-24 13:01:13 | INFO    | __main__ | Scan | 2026-09-24 13:01 IST
2026-09-24 13:01:25 | INFO    | data.fetcher | Fetched 15min data for 212/212 tickers
2026-09-24 13:01:25 | INFO    | __main__ | SIZING: 0.400% of equity (Rs4,000 risk per trade)
2026-09-24 13:01:25 | INFO    | __main__ |   base 0.40%
2026-09-24 13:01:25 | INFO    | __main__ |   performance x1.0: n=0, too few trades to infer anything - base size
2026-09-24 13:01:25 | INFO    | __main__ |   drawdown    x1.0: at high-water mark
2026-09-24 13:01:26 | INFO    | __main__ | equity Rs1,000,000 | open 0 | pending 0 | closed 0 | WR 0.0% | PF None | friction Rs0
2026-09-24 13:15:51 | INFO    | __main__ | ================================================================
2026-09-24 13:15:51 | INFO    | __main__ | Scan | 2026-09-24 13:15 IST
2026-09-24 13:16:02 | INFO    | data.fetcher | Fetched 15min data for 212/212 tickers
2026-09-24 13:16:02 | INFO    | __main__ | SIZING: 0.400% of equity (Rs4,000 risk per trade)
2026-09-24 13:16:02 | INFO    | __main__ |   base 0.40%
2026-09-24 13:16:02 | INFO    | __main__ |   performance x1.0: n=0, too few trades to infer anything - base size
2026-09-24 13:16:02 | INFO    | __main__ |   drawdown    x1.0: at high-water mark
2026-09-24 13:16:04 | INFO    | __main__ | equity Rs1,000,000 | open 0 | pending 0 | closed 0 | WR 0.0% | PF None | friction Rs0
2026-09-24 13:31:18 | INFO    | __main__ | ================================================================
2026-09-24 13:31:18 | INFO    | __main__ | Scan | 2026-09-24 13:31 IST
2026-09-24 13:31:33 | INFO    | data.fetcher | Fetched 15min data for 212/212 tickers
2026-09-24 13:31:33 | INFO    | __main__ | SIZING: 0.400% of equity (Rs4,000 risk per trade)
2026-09-24 13:31:33 | INFO    | __main__ |   base 0.40%
2026-09-24 13:31:33 | INFO    | __main__ |   performance x1.0: n=0, too few trades to infer anything - base size
2026-09-24 13:31:33 | INFO    | __main__ |   drawdown    x1.0: at high-water mark
2026-09-24 13:31:33 | INFO    | __main__ | equity Rs1,000,000 | open 0 | pending 0 | closed 0 | WR 0.0% | PF None | friction Rs0
2026-09-24 13:45:51 | INFO    | __main__ | ================================================================
2026-09-24 13:45:51 | INFO    | __main__ | Scan | 2026-09-24 13:45 IST
2026-09-24 13:46:04 | INFO    | data.fetcher | Fetched 15min data for 212/212 tickers
2026-09-24 13:46:04 | INFO    | __main__ | SIZING: 0.400% of equity (Rs4,000 risk per trade)
2026-09-24 13:46:04 | INFO    | __main__ |   base 0.40%
2026-09-24 13:46:04 | INFO    | __main__ |   performance x1.0: n=0, too few trades to infer anything - base size
2026-09-24 13:46:04 | INFO    | __main__ |   drawdown    x1.0: at high-water mark
2026-09-24 13:46:04 | INFO    | strategies.vwap_mr_v2 | REGIME GATE CLOSED: NIFTY 0.45% below its VWAP (limit 0.3%) - no entries this scan
2026-09-24 13:46:04 | INFO    | __main__ | equity Rs1,000,000 | open 0 | pending 0 | closed 0 | WR 0.0% | PF None | friction Rs0
2026-09-24 13:52:01 | INFO    | __main__ | ================================================================
2026-09-24 13:52:01 | INFO    | __main__ | Scan | 2026-09-24 13:52 IST
2026-09-24 13:52:19 | INFO    | data.fetcher | Fetched 15min data for 212/212 tickers
2026-09-24 13:52:19 | INFO    | __main__ | SIZING: 0.400% of equity (Rs4,000 risk per trade)
2026-09-24 13:52:19 | INFO    | __main__ |   base 0.40%
2026-09-24 13:52:19 | INFO    | __main__ |   performance x1.0: n=0, too few trades to infer anything - base size
2026-09-24 13:52:19 | INFO    | __main__ |   drawdown    x1.0: at high-water mark
2026-09-24 13:52:19 | INFO    | strategies.vwap_mr_v2 | REGIME GATE CLOSED: NIFTY 0.48% below its VWAP (limit 0.3%) - no entries this scan
2026-09-24 13:52:19 | INFO    | __main__ | equity Rs1,000,000 | open 0 | pending 0 | closed 0 | WR 0.0% | PF None | friction Rs0
2026-09-24 14:01:14 | INFO    | __main__ | ================================================================
2026-09-24 14:01:14 | INFO    | __main__ | Scan | 2026-09-24 14:01 IST
2026-09-24 14:01:30 | INFO    | data.fetcher | Fetched 15min data for 212/212 tickers
2026-09-24 14:01:30 | INFO    | __main__ | SIZING: 0.400% of equity (Rs4,000 risk per trade)
2026-09-24 14:01:30 | INFO    | __main__ |   base 0.40%
2026-09-24 14:01:30 | INFO    | __main__ |   performance x1.0: n=0, too few trades to infer anything - base size
2026-09-24 14:01:30 | INFO    | __main__ |   drawdown    x1.0: at high-water mark
2026-09-24 14:01:30 | INFO    | strategies.vwap_mr_v2 | REGIME GATE CLOSED: NIFTY 0.49% below its VWAP (limit 0.3%) - no entries this scan
2026-09-24 14:01:30 | INFO    | __main__ | equity Rs1,000,000 | open 0 | pending 0 | closed 0 | WR 0.0% | PF None | friction Rs0
2026-09-24 14:15:53 | INFO    | __main__ | ================================================================
2026-09-24 14:15:53 | INFO    | __main__ | Scan | 2026-09-24 14:15 IST
2026-09-24 14:16:15 | INFO    | data.fetcher | Fetched 15min data for 212/212 tickers
2026-09-24 14:16:15 | INFO    | __main__ | SIZING: 0.400% of equity (Rs4,000 risk per trade)
2026-09-24 14:16:15 | INFO    | __main__ |   base 0.40%
2026-09-24 14:16:15 | INFO    | __main__ |   performance x1.0: n=0, too few trades to infer anything - base size
2026-09-24 14:16:15 | INFO    | __main__ |   drawdown    x1.0: at high-water mark
2026-09-24 14:16:15 | INFO    | strategies.vwap_mr_v2 | REGIME GATE CLOSED: NIFTY 0.47% below its VWAP (limit 0.3%) - no entries this scan
2026-09-24 14:16:15 | INFO    | __main__ | equity Rs1,000,000 | open 0 | pending 0 | closed 0 | WR 0.0% | PF None | friction Rs0
2026-09-24 14:31:25 | INFO    | __main__ | ================================================================
2026-09-24 14:31:25 | INFO    | __main__ | Scan | 2026-09-24 14:31 IST
2026-09-24 14:31:40 | INFO    | data.fetcher | Fetched 15min data for 212/212 tickers
2026-09-24 14:31:40 | INFO    | __main__ | SIZING: 0.400% of equity (Rs4,000 risk per trade)
2026-09-24 14:31:40 | INFO    | __main__ |   base 0.40%
2026-09-24 14:31:40 | INFO    | __main__ |   performance x1.0: n=0, too few trades to infer anything - base size
2026-09-24 14:31:40 | INFO    | __main__ |   drawdown    x1.0: at high-water mark
2026-09-24 14:31:40 | INFO    | strategies.vwap_mr_v2 | REGIME GATE CLOSED: NIFTY 0.48% below its VWAP (limit 0.3%) - no entries this scan
2026-09-24 14:31:40 | INFO    | __main__ | equity Rs1,000,000 | open 0 | pending 0 | closed 0 | WR 0.0% | PF None | friction Rs0
2026-09-24 14:45:51 | INFO    | __main__ | ================================================================
2026-09-24 14:45:51 | INFO    | __main__ | Scan | 2026-09-24 14:45 IST
2026-09-24 14:46:03 | INFO    | data.fetcher | Fetched 15min data for 212/212 tickers
2026-09-24 14:46:03 | INFO    | __main__ | SIZING: 0.400% of equity (Rs4,000 risk per trade)
2026-09-24 14:46:03 | INFO    | __main__ |   base 0.40%
2026-09-24 14:46:03 | INFO    | __main__ |   performance x1.0: n=0, too few trades to infer anything - base size
2026-09-24 14:46:03 | INFO    | __main__ |   drawdown    x1.0: at high-water mark
2026-09-24 14:46:03 | INFO    | strategies.vwap_mr_v2 | REGIME GATE CLOSED: NIFTY 0.33% below its VWAP (limit 0.3%) - no entries this scan
2026-09-24 14:46:03 | INFO    | __main__ | equity Rs1,000,000 | open 0 | pending 0 | closed 0 | WR 0.0% | PF None | friction Rs0
2026-09-24 15:01:09 | INFO    | __main__ | ================================================================
2026-09-24 15:01:09 | INFO    | __main__ | Scan | 2026-09-24 15:01 IST
2026-09-24 15:01:24 | INFO    | data.fetcher | Fetched 15min data for 212/212 tickers
2026-09-24 15:01:24 | INFO    | __main__ | SIZING: 0.400% of equity (Rs4,000 risk per trade)
2026-09-24 15:01:24 | INFO    | __main__ |   base 0.40%
2026-09-24 15:01:24 | INFO    | __main__ |   performance x1.0: n=0, too few trades to infer anything - base size
2026-09-24 15:01:24 | INFO    | __main__ |   drawdown    x1.0: at high-water mark
2026-09-24 15:01:24 | INFO    | strategies.vwap_mr_v2 | REGIME GATE CLOSED: NIFTY 0.35% below its VWAP (limit 0.3%) - no entries this scan
2026-09-24 15:01:24 | INFO    | __main__ | equity Rs1,000,000 | open 0 | pending 0 | closed 0 | WR 0.0% | PF None | friction Rs0
2026-09-24 15:15:52 | INFO    | __main__ | ================================================================
2026-09-24 15:15:52 | INFO    | __main__ | Scan | 2026-09-24 15:15 IST
2026-09-24 15:16:12 | INFO    | data.fetcher | Fetched 15min data for 212/212 tickers
2026-09-24 15:16:12 | INFO    | __main__ | EOD: {'equity': 1000000.0, 'cash': 1000000, 'open_positions': 0, 'pending_orders': 0, 'closed_trades': 0, 'win_rate_pct': 0.0, 'profit_factor': None, 'total_friction': 0, 'total_pnl': 0.0, 'return_pct': 0.0}
2026-09-24 15:31:22 | INFO    | __main__ | ================================================================
2026-09-24 15:31:22 | INFO    | __main__ | Scan | 2026-09-24 15:31 IST
2026-09-24 15:31:22 | INFO    | __main__ | outside NSE hours
2026-09-24 15:45:53 | INFO    | __main__ | ================================================================
2026-09-24 15:45:53 | INFO    | __main__ | Scan | 2026-09-24 15:45 IST
2026-09-24 15:45:53 | INFO    | __main__ | outside NSE hours
2026-09-24 16:01:07 | INFO    | __main__ | ================================================================
2026-09-24 16:01:07 | INFO    | __main__ | Scan | 2026-09-24 16:01 IST
2026-09-24 16:01:07 | INFO    | __main__ | outside NSE hours
2026-09-24 16:15:55 | INFO    | __main__ | ================================================================
2026-09-24 16:15:55 | INFO    | __main__ | Scan | 2026-09-24 16:15 IST
2026-09-24 16:15:55 | INFO    | __main__ | outside NSE hours
2026-09-24 19:07:59 | INFO    | __main__ | ================================================================
2026-09-24 19:07:59 | INFO    | __main__ | Scan | 2026-09-24 19:07 IST
2026-09-24 19:07:59 | INFO    | __main__ | outside NSE hours
2026-09-25 08:31:18 | INFO    | __main__ | ================================================================
2026-09-25 08:31:18 | INFO    | __main__ | Scan | 2026-09-25 08:31 IST
2026-09-25 08:31:18 | INFO    | __main__ | outside NSE hours
2026-09-25 08:45:52 | INFO    | __main__ | ================================================================
2026-09-25 08:45:52 | INFO    | __main__ | Scan | 2026-09-25 08:45 IST
2026-09-25 08:45:52 | INFO    | __main__ | outside NSE hours
2026-09-25 09:01:04 | INFO    | __main__ | ================================================================
2026-09-25 09:01:04 | INFO    | __main__ | Scan | 2026-09-25 09:01 IST
2026-09-25 09:01:04 | INFO    | __main__ | outside NSE hours
2026-09-25 09:15:48 | INFO    | __main__ | ================================================================
2026-09-25 09:15:48 | INFO    | __main__ | Scan | 2026-09-25 09:15 IST
2026-09-25 09:16:01 | INFO    | data.fetcher | Fetched 15min data for 212/212 tickers
2026-09-25 09:16:01 | INFO    | __main__ | SIZING: 0.400% of equity (Rs4,000 risk per trade)
2026-09-25 09:16:01 | INFO    | __main__ |   base 0.40%
2026-09-25 09:16:01 | INFO    | __main__ |   performance x1.0: n=0, too few trades to infer anything - base size
2026-09-25 09:16:01 | INFO    | __main__ |   drawdown    x1.0: at high-water mark
2026-09-25 09:16:01 | INFO    | __main__ | strategy: MOM-v3
2026-09-25 09:16:01 | INFO    | strategies.momentum_v3 | REGIME GATE CLOSED: insufficient index bars - no entries this scan
2026-09-25 09:16:01 | INFO    | __main__ | equity Rs1,000,000 | open 0 | pending 0 | closed 0 | WR 0.0% | PF None | friction Rs0
2026-09-25 09:31:25 | INFO    | __main__ | ================================================================
2026-09-25 09:31:25 | INFO    | __main__ | Scan | 2026-09-25 09:31 IST
2026-09-25 09:31:43 | INFO    | data.fetcher | Fetched 15min data for 212/212 tickers
2026-09-25 09:31:43 | INFO    | __main__ | SIZING: 0.400% of equity (Rs4,000 risk per trade)
2026-09-25 09:31:43 | INFO    | __main__ |   base 0.40%
2026-09-25 09:31:43 | INFO    | __main__ |   performance x1.0: n=0, too few trades to infer anything - base size
2026-09-25 09:31:43 | INFO    | __main__ |   drawdown    x1.0: at high-water mark
2026-09-25 09:31:43 | INFO    | __main__ | strategy: MOM-v3
2026-09-25 09:31:43 | INFO    | __main__ | equity Rs1,000,000 | open 0 | pending 0 | closed 0 | WR 0.0% | PF None | friction Rs0
2026-09-25 09:45:45 | INFO    | __main__ | ================================================================
2026-09-25 09:45:45 | INFO    | __main__ | Scan | 2026-09-25 09:45 IST
2026-09-25 09:46:06 | INFO    | data.fetcher | Fetched 15min data for 212/212 tickers
2026-09-25 09:46:06 | INFO    | __main__ | SIZING: 0.400% of equity (Rs4,000 risk per trade)
2026-09-25 09:46:06 | INFO    | __main__ |   base 0.40%
2026-09-25 09:46:06 | INFO    | __main__ |   performance x1.0: n=0, too few trades to infer anything - base size
2026-09-25 09:46:06 | INFO    | __main__ |   drawdown    x1.0: at high-water mark
2026-09-25 09:46:06 | INFO    | __main__ | strategy: MOM-v3
2026-09-25 09:46:06 | INFO    | __main__ | equity Rs1,000,000 | open 0 | pending 0 | closed 0 | WR 0.0% | PF None | friction Rs0
2026-09-25 10:01:09 | INFO    | __main__ | ================================================================
2026-09-25 10:01:09 | INFO    | __main__ | Scan | 2026-09-25 10:01 IST
2026-09-25 10:01:25 | INFO    | data.fetcher | Fetched 15min data for 212/212 tickers
2026-09-25 10:01:25 | INFO    | __main__ | SIZING: 0.400% of equity (Rs4,000 risk per trade)
2026-09-25 10:01:25 | INFO    | __main__ |   base 0.40%
2026-09-25 10:01:25 | INFO    | __main__ |   performance x1.0: n=0, too few trades to infer anything - base size
2026-09-25 10:01:25 | INFO    | __main__ |   drawdown    x1.0: at high-water mark
2026-09-25 10:01:25 | INFO    | __main__ | strategy: MOM-v3
2026-09-25 10:01:26 | INFO    | __main__ | equity Rs1,000,000 | open 0 | pending 0 | closed 0 | WR 0.0% | PF None | friction Rs0
2026-09-25 10:15:48 | INFO    | __main__ | ================================================================
2026-09-25 10:15:48 | INFO    | __main__ | Scan | 2026-09-25 10:15 IST
2026-09-25 10:16:00 | INFO    | data.fetcher | Fetched 15min data for 212/212 tickers
2026-09-25 10:16:00 | INFO    | __main__ | SIZING: 0.400% of equity (Rs4,000 risk per trade)
2026-09-25 10:16:00 | INFO    | __main__ |   base 0.40%
2026-09-25 10:16:00 | INFO    | __main__ |   performance x1.0: n=0, too few trades to infer anything - base size
2026-09-25 10:16:00 | INFO    | __main__ |   drawdown    x1.0: at high-water mark
2026-09-25 10:16:00 | INFO    | __main__ | strategy: MOM-v3
2026-09-25 10:16:01 | INFO    | __main__ | equity Rs1,000,000 | open 0 | pending 0 | closed 0 | WR 0.0% | PF None | friction Rs0
2026-09-25 10:31:16 | INFO    | __main__ | ================================================================
2026-09-25 10:31:16 | INFO    | __main__ | Scan | 2026-09-25 10:31 IST
2026-09-25 10:31:27 | INFO    | data.fetcher | Fetched 15min data for 212/212 tickers
2026-09-25 10:31:27 | INFO    | __main__ | SIZING: 0.400% of equity (Rs4,000 risk per trade)
2026-09-25 10:31:27 | INFO    | __main__ |   base 0.40%
2026-09-25 10:31:27 | INFO    | __main__ |   performance x1.0: n=0, too few trades to infer anything - base size
2026-09-25 10:31:27 | INFO    | __main__ |   drawdown    x1.0: at high-water mark
2026-09-25 10:31:27 | INFO    | __main__ | strategy: MOM-v3
2026-09-25 10:31:28 | INFO    | __main__ | equity Rs1,000,000 | open 0 | pending 0 | closed 0 | WR 0.0% | PF None | friction Rs0
2026-09-25 10:45:50 | INFO    | __main__ | ================================================================
2026-09-25 10:45:50 | INFO    | __main__ | Scan | 2026-09-25 10:45 IST
2026-09-25 10:46:01 | INFO    | data.fetcher | Fetched 15min data for 212/212 tickers
2026-09-25 10:46:01 | INFO    | __main__ | SIZING: 0.400% of equity (Rs4,000 risk per trade)
2026-09-25 10:46:01 | INFO    | __main__ |   base 0.40%
2026-09-25 10:46:01 | INFO    | __main__ |   performance x1.0: n=0, too few trades to infer anything - base size
2026-09-25 10:46:01 | INFO    | __main__ |   drawdown    x1.0: at high-water mark
2026-09-25 10:46:01 | INFO    | __main__ | strategy: MOM-v3
2026-09-25 10:46:02 | INFO    | __main__ | equity Rs1,000,000 | open 0 | pending 0 | closed 0 | WR 0.0% | PF None | friction Rs0
2026-09-25 11:01:08 | INFO    | __main__ | ================================================================
2026-09-25 11:01:08 | INFO    | __main__ | Scan | 2026-09-25 11:01 IST
2026-09-25 11:01:26 | INFO    | data.fetcher | Fetched 15min data for 212/212 tickers
2026-09-25 11:01:26 | INFO    | __main__ | SIZING: 0.400% of equity (Rs4,000 risk per trade)
2026-09-25 11:01:26 | INFO    | __main__ |   base 0.40%
2026-09-25 11:01:26 | INFO    | __main__ |   performance x1.0: n=0, too few trades to infer anything - base size
2026-09-25 11:01:26 | INFO    | __main__ |   drawdown    x1.0: at high-water mark
2026-09-25 11:01:26 | INFO    | __main__ | strategy: MOM-v3
2026-09-25 11:01:27 | INFO    | __main__ | equity Rs1,000,000 | open 0 | pending 0 | closed 0 | WR 0.0% | PF None | friction Rs0
2026-09-25 11:15:52 | INFO    | __main__ | ================================================================
2026-09-25 11:15:52 | INFO    | __main__ | Scan | 2026-09-25 11:15 IST
2026-09-25 11:16:06 | INFO    | data.fetcher | Fetched 15min data for 212/212 tickers
2026-09-25 11:16:06 | INFO    | __main__ | SIZING: 0.400% of equity (Rs4,000 risk per trade)
2026-09-25 11:16:06 | INFO    | __main__ |   base 0.40%
2026-09-25 11:16:06 | INFO    | __main__ |   performance x1.0: n=0, too few trades to infer anything - base size
2026-09-25 11:16:06 | INFO    | __main__ |   drawdown    x1.0: at high-water mark
2026-09-25 11:16:06 | INFO    | __main__ | strategy: MOM-v3
2026-09-25 11:16:06 | INFO    | __main__ | equity Rs1,000,000 | open 0 | pending 0 | closed 0 | WR 0.0% | PF None | friction Rs0
2026-09-25 11:31:25 | INFO    | __main__ | ================================================================
2026-09-25 11:31:25 | INFO    | __main__ | Scan | 2026-09-25 11:31 IST
2026-09-25 11:31:41 | INFO    | data.fetcher | Fetched 15min data for 212/212 tickers
2026-09-25 11:31:42 | INFO    | __main__ | SIZING: 0.400% of equity (Rs4,000 risk per trade)
2026-09-25 11:31:42 | INFO    | __main__ |   base 0.40%
2026-09-25 11:31:42 | INFO    | __main__ |   performance x1.0: n=0, too few trades to infer anything - base size
2026-09-25 11:31:42 | INFO    | __main__ |   drawdown    x1.0: at high-water mark
2026-09-25 11:31:42 | INFO    | __main__ | strategy: MOM-v3
2026-09-25 11:31:43 | INFO    | __main__ | equity Rs1,000,000 | open 0 | pending 0 | closed 0 | WR 0.0% | PF None | friction Rs0
2026-09-25 11:45:56 | INFO    | __main__ | ================================================================
2026-09-25 11:45:56 | INFO    | __main__ | Scan | 2026-09-25 11:45 IST
2026-09-25 11:46:18 | INFO    | data.fetcher | Fetched 15min data for 212/212 tickers
2026-09-25 11:46:18 | INFO    | __main__ | SIZING: 0.400% of equity (Rs4,000 risk per trade)
2026-09-25 11:46:18 | INFO    | __main__ |   base 0.40%
2026-09-25 11:46:18 | INFO    | __main__ |   performance x1.0: n=0, too few trades to infer anything - base size
2026-09-25 11:46:18 | INFO    | __main__ |   drawdown    x1.0: at high-water mark
2026-09-25 11:46:18 | INFO    | __main__ | strategy: MOM-v3
2026-09-25 11:46:18 | INFO    | __main__ | equity Rs1,000,000 | open 0 | pending 0 | closed 0 | WR 0.0% | PF None | friction Rs0
2026-09-25 12:01:08 | INFO    | __main__ | ================================================================
2026-09-25 12:01:08 | INFO    | __main__ | Scan | 2026-09-25 12:01 IST
2026-09-25 12:01:22 | INFO    | data.fetcher | Fetched 15min data for 212/212 tickers
2026-09-25 12:01:22 | INFO    | __main__ | SIZING: 0.400% of equity (Rs4,000 risk per trade)
2026-09-25 12:01:22 | INFO    | __main__ |   base 0.40%
2026-09-25 12:01:22 | INFO    | __main__ |   performance x1.0: n=0, too few trades to infer anything - base size
2026-09-25 12:01:22 | INFO    | __main__ |   drawdown    x1.0: at high-water mark
2026-09-25 12:01:22 | INFO    | __main__ | strategy: MOM-v3
2026-09-25 12:01:23 | INFO    | __main__ | equity Rs1,000,000 | open 0 | pending 0 | closed 0 | WR 0.0% | PF None | friction Rs0
2026-09-25 12:15:58 | INFO    | __main__ | ================================================================
2026-09-25 12:15:58 | INFO    | __main__ | Scan | 2026-09-25 12:15 IST
2026-09-25 12:16:12 | INFO    | data.fetcher | Fetched 15min data for 212/212 tickers
2026-09-25 12:16:12 | INFO    | __main__ | SIZING: 0.400% of equity (Rs4,000 risk per trade)
2026-09-25 12:16:12 | INFO    | __main__ |   base 0.40%
2026-09-25 12:16:12 | INFO    | __main__ |   performance x1.0: n=0, too few trades to infer anything - base size
2026-09-25 12:16:12 | INFO    | __main__ |   drawdown    x1.0: at high-water mark
2026-09-25 12:16:12 | INFO    | __main__ | strategy: MOM-v3
2026-09-25 12:16:13 | INFO    | __main__ | equity Rs1,000,000 | open 0 | pending 0 | closed 0 | WR 0.0% | PF None | friction Rs0
2026-09-25 12:31:19 | INFO    | __main__ | ================================================================
2026-09-25 12:31:19 | INFO    | __main__ | Scan | 2026-09-25 12:31 IST
2026-09-25 12:31:30 | INFO    | data.fetcher | Fetched 15min data for 212/212 tickers
2026-09-25 12:31:30 | INFO    | __main__ | SIZING: 0.400% of equity (Rs4,000 risk per trade)
2026-09-25 12:31:30 | INFO    | __main__ |   base 0.40%
2026-09-25 12:31:30 | INFO    | __main__ |   performance x1.0: n=0, too few trades to infer anything - base size
2026-09-25 12:31:30 | INFO    | __main__ |   drawdown    x1.0: at high-water mark
2026-09-25 12:31:30 | INFO    | __main__ | strategy: MOM-v3
2026-09-25 12:31:31 | INFO    | __main__ | equity Rs1,000,000 | open 0 | pending 0 | closed 0 | WR 0.0% | PF None | friction Rs0
2026-09-25 12:45:49 | INFO    | __main__ | ================================================================
2026-09-25 12:45:49 | INFO    | __main__ | Scan | 2026-09-25 12:45 IST
2026-09-25 12:46:02 | INFO    | data.fetcher | Fetched 15min data for 212/212 tickers
2026-09-25 12:46:02 | INFO    | __main__ | SIZING: 0.400% of equity (Rs4,000 risk per trade)
2026-09-25 12:46:02 | INFO    | __main__ |   base 0.40%
2026-09-25 12:46:02 | INFO    | __main__ |   performance x1.0: n=0, too few trades to infer anything - base size
2026-09-25 12:46:02 | INFO    | __main__ |   drawdown    x1.0: at high-water mark
2026-09-25 12:46:02 | INFO    | __main__ | strategy: MOM-v3
2026-09-25 12:46:02 | INFO    | __main__ | equity Rs1,000,000 | open 0 | pending 0 | closed 0 | WR 0.0% | PF None | friction Rs0
2026-09-25 13:01:07 | INFO    | __main__ | ================================================================
2026-09-25 13:01:07 | INFO    | __main__ | Scan | 2026-09-25 13:01 IST
2026-09-25 13:01:21 | INFO    | data.fetcher | Fetched 15min data for 212/212 tickers
2026-09-25 13:01:21 | INFO    | __main__ | SIZING: 0.400% of equity (Rs4,000 risk per trade)
2026-09-25 13:01:21 | INFO    | __main__ |   base 0.40%
2026-09-25 13:01:21 | INFO    | __main__ |   performance x1.0: n=0, too few trades to infer anything - base size
2026-09-25 13:01:21 | INFO    | __main__ |   drawdown    x1.0: at high-water mark
2026-09-25 13:01:21 | INFO    | __main__ | strategy: MOM-v3
2026-09-25 13:01:22 | INFO    | __main__ | equity Rs1,000,000 | open 0 | pending 0 | closed 0 | WR 0.0% | PF None | friction Rs0
2026-09-25 13:15:52 | INFO    | __main__ | ================================================================
2026-09-25 13:15:52 | INFO    | __main__ | Scan | 2026-09-25 13:15 IST
2026-09-25 13:16:05 | INFO    | data.fetcher | Fetched 15min data for 212/212 tickers
2026-09-25 13:16:05 | INFO    | __main__ | SIZING: 0.400% of equity (Rs4,000 risk per trade)
2026-09-25 13:16:05 | INFO    | __main__ |   base 0.40%
2026-09-25 13:16:05 | INFO    | __main__ |   performance x1.0: n=0, too few trades to infer anything - base size
2026-09-25 13:16:05 | INFO    | __main__ |   drawdown    x1.0: at high-water mark
2026-09-25 13:16:05 | INFO    | __main__ | strategy: MOM-v3
2026-09-25 13:16:06 | INFO    | __main__ | equity Rs1,000,000 | open 0 | pending 0 | closed 0 | WR 0.0% | PF None | friction Rs0
2026-09-25 13:31:16 | INFO    | __main__ | ================================================================
2026-09-25 13:31:16 | INFO    | __main__ | Scan | 2026-09-25 13:31 IST
2026-09-25 13:31:29 | INFO    | data.fetcher | Fetched 15min data for 212/212 tickers
2026-09-25 13:31:29 | INFO    | __main__ | SIZING: 0.400% of equity (Rs4,000 risk per trade)
2026-09-25 13:31:29 | INFO    | __main__ |   base 0.40%
2026-09-25 13:31:29 | INFO    | __main__ |   performance x1.0: n=0, too few trades to infer anything - base size
2026-09-25 13:31:29 | INFO    | __main__ |   drawdown    x1.0: at high-water mark
2026-09-25 13:31:29 | INFO    | __main__ | strategy: MOM-v3
2026-09-25 13:31:30 | INFO    | __main__ | equity Rs1,000,000 | open 0 | pending 0 | closed 0 | WR 0.0% | PF None | friction Rs0
2026-09-25 13:45:54 | INFO    | __main__ | ================================================================
2026-09-25 13:45:54 | INFO    | __main__ | Scan | 2026-09-25 13:45 IST
2026-09-25 13:46:13 | INFO    | data.fetcher | Fetched 15min data for 212/212 tickers
2026-09-25 13:46:13 | INFO    | __main__ | SIZING: 0.400% of equity (Rs4,000 risk per trade)
2026-09-25 13:46:13 | INFO    | __main__ |   base 0.40%
2026-09-25 13:46:13 | INFO    | __main__ |   performance x1.0: n=0, too few trades to infer anything - base size
2026-09-25 13:46:13 | INFO    | __main__ |   drawdown    x1.0: at high-water mark
2026-09-25 13:46:13 | INFO    | __main__ | strategy: MOM-v3
2026-09-25 13:46:13 | INFO    | __main__ | equity Rs1,000,000 | open 0 | pending 0 | closed 0 | WR 0.0% | PF None | friction Rs0
2026-09-25 14:01:06 | INFO    | __main__ | ================================================================
2026-09-25 14:01:06 | INFO    | __main__ | Scan | 2026-09-25 14:01 IST
2026-09-25 14:01:17 | INFO    | data.fetcher | Fetched 15min data for 212/212 tickers
2026-09-25 14:01:17 | INFO    | __main__ | SIZING: 0.400% of equity (Rs4,000 risk per trade)
2026-09-25 14:01:17 | INFO    | __main__ |   base 0.40%
2026-09-25 14:01:17 | INFO    | __main__ |   performance x1.0: n=0, too few trades to infer anything - base size
2026-09-25 14:01:17 | INFO    | __main__ |   drawdown    x1.0: at high-water mark
2026-09-25 14:01:17 | INFO    | __main__ | strategy: MOM-v3
2026-09-25 14:01:17 | INFO    | __main__ | equity Rs1,000,000 | open 0 | pending 0 | closed 0 | WR 0.0% | PF None | friction Rs0
2026-09-25 14:14:13 | INFO    | __main__ | ================================================================
2026-09-25 14:14:13 | INFO    | __main__ | Scan | 2026-09-25 14:14 IST
2026-09-25 14:14:26 | INFO    | data.fetcher | Fetched 15min data for 212/212 tickers
2026-09-25 14:14:26 | INFO    | __main__ | SIZING: 0.400% of equity (Rs4,000 risk per trade)
2026-09-25 14:14:26 | INFO    | __main__ |   base 0.40%
2026-09-25 14:14:26 | INFO    | __main__ |   performance x1.0: n=0, too few trades to infer anything - base size
2026-09-25 14:14:26 | INFO    | __main__ |   drawdown    x1.0: at high-water mark
2026-09-25 14:14:26 | INFO    | __main__ | strategy: MOM-v3
2026-09-25 14:14:26 | INFO    | __main__ | equity Rs1,000,000 | open 0 | pending 0 | closed 0 | WR 0.0% | PF None | friction Rs0
2026-09-25 14:15:54 | INFO    | __main__ | ================================================================
2026-09-25 14:15:54 | INFO    | __main__ | Scan | 2026-09-25 14:15 IST
2026-09-25 14:16:06 | INFO    | data.fetcher | Fetched 15min data for 212/212 tickers
2026-09-25 14:16:06 | INFO    | __main__ | SIZING: 0.400% of equity (Rs4,000 risk per trade)
2026-09-25 14:16:06 | INFO    | __main__ |   base 0.40%
2026-09-25 14:16:06 | INFO    | __main__ |   performance x1.0: n=0, too few trades to infer anything - base size
2026-09-25 14:16:06 | INFO    | __main__ |   drawdown    x1.0: at high-water mark
2026-09-25 14:16:06 | INFO    | __main__ | strategy: MOM-v3
2026-09-25 14:16:06 | INFO    | __main__ | equity Rs1,000,000 | open 0 | pending 0 | closed 0 | WR 0.0% | PF None | friction Rs0
2026-09-25 14:31:23 | INFO    | __main__ | ================================================================
2026-09-25 14:31:23 | INFO    | __main__ | Scan | 2026-09-25 14:31 IST
2026-09-25 14:31:37 | INFO    | data.fetcher | Fetched 15min data for 212/212 tickers
2026-09-25 14:31:37 | INFO    | __main__ | SIZING: 0.400% of equity (Rs4,000 risk per trade)
2026-09-25 14:31:37 | INFO    | __main__ |   base 0.40%
2026-09-25 14:31:37 | INFO    | __main__ |   performance x1.0: n=0, too few trades to infer anything - base size
2026-09-25 14:31:37 | INFO    | __main__ |   drawdown    x1.0: at high-water mark
2026-09-25 14:31:37 | INFO    | __main__ | strategy: MOM-v3
2026-09-25 14:31:37 | INFO    | __main__ | equity Rs1,000,000 | open 0 | pending 0 | closed 0 | WR 0.0% | PF None | friction Rs0
2026-09-25 14:45:51 | INFO    | __main__ | ================================================================
2026-09-25 14:45:51 | INFO    | __main__ | Scan | 2026-09-25 14:45 IST
2026-09-25 14:46:04 | INFO    | data.fetcher | Fetched 15min data for 212/212 tickers
2026-09-25 14:46:04 | INFO    | __main__ | SIZING: 0.400% of equity (Rs4,000 risk per trade)
2026-09-25 14:46:04 | INFO    | __main__ |   base 0.40%
2026-09-25 14:46:04 | INFO    | __main__ |   performance x1.0: n=0, too few trades to infer anything - base size
2026-09-25 14:46:04 | INFO    | __main__ |   drawdown    x1.0: at high-water mark
2026-09-25 14:46:04 | INFO    | __main__ | strategy: MOM-v3
2026-09-25 14:46:04 | INFO    | __main__ | equity Rs1,000,000 | open 0 | pending 0 | closed 0 | WR 0.0% | PF None | friction Rs0
2026-09-25 15:01:09 | INFO    | __main__ | ================================================================
2026-09-25 15:01:09 | INFO    | __main__ | Scan | 2026-09-25 15:01 IST
2026-09-25 15:01:28 | INFO    | data.fetcher | Fetched 15min data for 212/212 tickers
2026-09-25 15:01:28 | INFO    | __main__ | SIZING: 0.400% of equity (Rs4,000 risk per trade)
2026-09-25 15:01:28 | INFO    | __main__ |   base 0.40%
2026-09-25 15:01:28 | INFO    | __main__ |   performance x1.0: n=0, too few trades to infer anything - base size
2026-09-25 15:01:28 | INFO    | __main__ |   drawdown    x1.0: at high-water mark
2026-09-25 15:01:28 | INFO    | __main__ | strategy: MOM-v3
2026-09-25 15:01:29 | INFO    | __main__ | equity Rs1,000,000 | open 0 | pending 0 | closed 0 | WR 0.0% | PF None | friction Rs0
2026-09-25 15:15:52 | INFO    | __main__ | ================================================================
2026-09-25 15:15:52 | INFO    | __main__ | Scan | 2026-09-25 15:15 IST
2026-09-25 15:16:10 | INFO    | data.fetcher | Fetched 15min data for 212/212 tickers
2026-09-25 15:16:10 | INFO    | __main__ | EOD: {'equity': 1000000.0, 'cash': 1000000, 'open_positions': 0, 'pending_orders': 0, 'closed_trades': 0, 'win_rate_pct': 0.0, 'profit_factor': None, 'total_friction': 0, 'total_pnl': 0.0, 'return_pct': 0.0}
2026-09-25 15:31:22 | INFO    | __main__ | ================================================================
2026-09-25 15:31:22 | INFO    | __main__ | Scan | 2026-09-25 15:31 IST
2026-09-25 15:31:22 | INFO    | __main__ | outside NSE hours
2026-09-25 15:45:51 | INFO    | __main__ | ================================================================
2026-09-25 15:45:51 | INFO    | __main__ | Scan | 2026-09-25 15:45 IST
2026-09-25 15:45:51 | INFO    | __main__ | outside NSE hours
2026-09-25 16:01:08 | INFO    | __main__ | ================================================================
2026-09-25 16:01:08 | INFO    | __main__ | Scan | 2026-09-25 16:01 IST
2026-09-25 16:01:08 | INFO    | __main__ | outside NSE hours
2026-09-25 16:15:48 | INFO    | __main__ | ================================================================
2026-09-25 16:15:48 | INFO    | __main__ | Scan | 2026-09-25 16:15 IST
2026-09-25 16:15:48 | INFO    | __main__ | outside NSE hours
2026-09-25 19:42:19 | INFO    | __main__ | ================================================================
2026-09-25 19:42:19 | INFO    | __main__ | Scan | 2026-09-25 19:42 IST
2026-09-25 19:42:19 | INFO    | __main__ | outside NSE hours
2026-09-28 08:31:14 | INFO    | __main__ | ================================================================
2026-09-28 08:31:14 | INFO    | __main__ | Scan | 2026-09-28 08:31 IST
2026-09-28 08:31:14 | INFO    | __main__ | outside NSE hours
2026-09-28 08:45:49 | INFO    | __main__ | ================================================================
2026-09-28 08:45:49 | INFO    | __main__ | Scan | 2026-09-28 08:45 IST
2026-09-28 08:45:49 | INFO    | __main__ | outside NSE hours
2026-09-28 09:00:58 | INFO    | __main__ | ================================================================
2026-09-28 09:00:58 | INFO    | __main__ | Scan | 2026-09-28 09:00 IST
2026-09-28 09:00:58 | INFO    | __main__ | outside NSE hours
2026-09-28 09:15:48 | INFO    | __main__ | ================================================================
2026-09-28 09:15:48 | INFO    | __main__ | Scan | 2026-09-28 09:15 IST
2026-09-28 09:16:02 | INFO    | data.fetcher | Fetched 15min data for 212/212 tickers
2026-09-28 09:16:02 | INFO    | __main__ | SIZING: 0.400% of equity (Rs4,000 risk per trade)
2026-09-28 09:16:02 | INFO    | __main__ |   base 0.40%
2026-09-28 09:16:02 | INFO    | __main__ |   performance x1.0: n=0, too few trades to infer anything - base size
2026-09-28 09:16:02 | INFO    | __main__ |   drawdown    x1.0: at high-water mark
2026-09-28 09:16:02 | INFO    | __main__ | strategy: MOM-v3
2026-09-28 09:16:02 | INFO    | __main__ | walk-forward overrides in force: {'min_dev_above_vwap': 0.012, 'min_rsi': 75, 'min_rvol': 4.0, 'stop_pct_floor': 0.012}
2026-09-28 09:16:03 | INFO    | strategies.momentum_v3 | REGIME GATE CLOSED: insufficient index bars - no entries this scan
2026-09-28 09:16:03 | INFO    | __main__ | equity Rs1,000,000 | open 0 | pending 0 | closed 0 | WR 0.0% | PF None | friction Rs0
2026-09-28 09:31:18 | INFO    | __main__ | ================================================================
2026-09-28 09:31:18 | INFO    | __main__ | Scan | 2026-09-28 09:31 IST
2026-09-28 09:31:32 | INFO    | data.fetcher | Fetched 15min data for 212/212 tickers
2026-09-28 09:31:32 | INFO    | __main__ | SIZING: 0.400% of equity (Rs4,000 risk per trade)
2026-09-28 09:31:32 | INFO    | __main__ |   base 0.40%
2026-09-28 09:31:32 | INFO    | __main__ |   performance x1.0: n=0, too few trades to infer anything - base size
2026-09-28 09:31:32 | INFO    | __main__ |   drawdown    x1.0: at high-water mark
2026-09-28 09:31:32 | INFO    | __main__ | strategy: MOM-v3
2026-09-28 09:31:32 | INFO    | __main__ | walk-forward overrides in force: {'min_dev_above_vwap': 0.012, 'min_rsi': 75, 'min_rvol': 4.0, 'stop_pct_floor': 0.012}
2026-09-28 09:31:32 | INFO    | strategies.momentum_v3 | REGIME GATE CLOSED: insufficient index bars - no entries this scan
2026-09-28 09:31:32 | INFO    | __main__ | equity Rs1,000,000 | open 0 | pending 0 | closed 0 | WR 0.0% | PF None | friction Rs0
2026-09-28 09:45:52 | INFO    | __main__ | ================================================================
2026-09-28 09:45:52 | INFO    | __main__ | Scan | 2026-09-28 09:45 IST
2026-09-28 09:46:09 | INFO    | data.fetcher | Fetched 15min data for 212/212 tickers
2026-09-28 09:46:09 | INFO    | __main__ | SIZING: 0.400% of equity (Rs4,000 risk per trade)
2026-09-28 09:46:09 | INFO    | __main__ |   base 0.40%
2026-09-28 09:46:09 | INFO    | __main__ |   performance x1.0: n=0, too few trades to infer anything - base size
2026-09-28 09:46:09 | INFO    | __main__ |   drawdown    x1.0: at high-water mark
2026-09-28 09:46:09 | INFO    | __main__ | strategy: MOM-v3
2026-09-28 09:46:09 | INFO    | __main__ | walk-forward overrides in force: {'min_dev_above_vwap': 0.012, 'min_rsi': 75, 'min_rvol': 4.0, 'stop_pct_floor': 0.012}
2026-09-28 09:46:09 | INFO    | __main__ | equity Rs1,000,000 | open 0 | pending 0 | closed 0 | WR 0.0% | PF None | friction Rs0
2026-09-28 10:01:04 | INFO    | __main__ | ================================================================
2026-09-28 10:01:04 | INFO    | __main__ | Scan | 2026-09-28 10:01 IST
2026-09-28 10:01:17 | INFO    | data.fetcher | Fetched 15min data for 212/212 tickers
2026-09-28 10:01:17 | INFO    | __main__ | SIZING: 0.400% of equity (Rs4,000 risk per trade)
2026-09-28 10:01:17 | INFO    | __main__ |   base 0.40%
2026-09-28 10:01:17 | INFO    | __main__ |   performance x1.0: n=0, too few trades to infer anything - base size
2026-09-28 10:01:17 | INFO    | __main__ |   drawdown    x1.0: at high-water mark
2026-09-28 10:01:17 | INFO    | __main__ | strategy: MOM-v3
2026-09-28 10:01:17 | INFO    | __main__ | walk-forward overrides in force: {'min_dev_above_vwap': 0.012, 'min_rsi': 75, 'min_rvol': 4.0, 'stop_pct_floor': 0.012}
2026-09-28 10:01:17 | INFO    | __main__ | equity Rs1,000,000 | open 0 | pending 0 | closed 0 | WR 0.0% | PF None | friction Rs0
2026-09-28 10:15:48 | INFO    | __main__ | ================================================================
2026-09-28 10:15:48 | INFO    | __main__ | Scan | 2026-09-28 10:15 IST
2026-09-28 10:16:01 | INFO    | data.fetcher | Fetched 15min data for 212/212 tickers
2026-09-28 10:16:01 | INFO    | __main__ | SIZING: 0.400% of equity (Rs4,000 risk per trade)
2026-09-28 10:16:01 | INFO    | __main__ |   base 0.40%
2026-09-28 10:16:01 | INFO    | __main__ |   performance x1.0: n=0, too few trades to infer anything - base size
2026-09-28 10:16:01 | INFO    | __main__ |   drawdown    x1.0: at high-water mark
2026-09-28 10:16:01 | INFO    | __main__ | strategy: MOM-v3
2026-09-28 10:16:01 | INFO    | __main__ | walk-forward overrides in force: {'min_dev_above_vwap': 0.012, 'min_rsi': 75, 'min_rvol': 4.0, 'stop_pct_floor': 0.012}
2026-09-28 10:16:01 | INFO    | __main__ | equity Rs1,000,000 | open 0 | pending 0 | closed 0 | WR 0.0% | PF None | friction Rs0
2026-09-28 10:31:17 | INFO    | __main__ | ================================================================
2026-09-28 10:31:17 | INFO    | __main__ | Scan | 2026-09-28 10:31 IST
2026-09-28 10:31:31 | INFO    | data.fetcher | Fetched 15min data for 212/212 tickers
2026-09-28 10:31:31 | INFO    | __main__ | SIZING: 0.400% of equity (Rs4,000 risk per trade)
2026-09-28 10:31:31 | INFO    | __main__ |   base 0.40%
2026-09-28 10:31:31 | INFO    | __main__ |   performance x1.0: n=0, too few trades to infer anything - base size
2026-09-28 10:31:31 | INFO    | __main__ |   drawdown    x1.0: at high-water mark
2026-09-28 10:31:31 | INFO    | __main__ | strategy: MOM-v3
2026-09-28 10:31:31 | INFO    | __main__ | walk-forward overrides in force: {'min_dev_above_vwap': 0.012, 'min_rsi': 75, 'min_rvol': 4.0, 'stop_pct_floor': 0.012}
2026-09-28 10:31:32 | INFO    | __main__ | equity Rs1,000,000 | open 0 | pending 0 | closed 0 | WR 0.0% | PF None | friction Rs0
2026-09-28 10:45:53 | INFO    | __main__ | ================================================================
2026-09-28 10:45:53 | INFO    | __main__ | Scan | 2026-09-28 10:45 IST
2026-09-28 10:46:08 | INFO    | data.fetcher | Fetched 15min data for 212/212 tickers
2026-09-28 10:46:08 | INFO    | __main__ | SIZING: 0.400% of equity (Rs4,000 risk per trade)
2026-09-28 10:46:08 | INFO    | __main__ |   base 0.40%
2026-09-28 10:46:08 | INFO    | __main__ |   performance x1.0: n=0, too few trades to infer anything - base size
2026-09-28 10:46:08 | INFO    | __main__ |   drawdown    x1.0: at high-water mark
2026-09-28 10:46:08 | INFO    | __main__ | strategy: MOM-v3
2026-09-28 10:46:08 | INFO    | __main__ | walk-forward overrides in force: {'min_dev_above_vwap': 0.012, 'min_rsi': 75, 'min_rvol': 4.0, 'stop_pct_floor': 0.012}
2026-09-28 10:46:09 | INFO    | __main__ | equity Rs1,000,000 | open 0 | pending 0 | closed 0 | WR 0.0% | PF None | friction Rs0
2026-09-28 11:01:44 | INFO    | __main__ | ================================================================
2026-09-28 11:01:44 | INFO    | __main__ | Scan | 2026-09-28 11:01 IST
2026-09-28 11:02:04 | INFO    | data.fetcher | Fetched 15min data for 212/212 tickers
2026-09-28 11:02:04 | INFO    | __main__ | SIZING: 0.400% of equity (Rs4,000 risk per trade)
2026-09-28 11:02:04 | INFO    | __main__ |   base 0.40%
2026-09-28 11:02:04 | INFO    | __main__ |   performance x1.0: n=0, too few trades to infer anything - base size
2026-09-28 11:02:04 | INFO    | __main__ |   drawdown    x1.0: at high-water mark
2026-09-28 11:02:04 | INFO    | __main__ | strategy: MOM-v3
2026-09-28 11:02:04 | INFO    | __main__ | walk-forward overrides in force: {'min_dev_above_vwap': 0.012, 'min_rsi': 75, 'min_rvol': 4.0, 'stop_pct_floor': 0.012}
2026-09-28 11:02:05 | INFO    | __main__ | equity Rs1,000,000 | open 0 | pending 0 | closed 0 | WR 0.0% | PF None | friction Rs0
2026-09-28 11:15:47 | INFO    | __main__ | ================================================================
2026-09-28 11:15:47 | INFO    | __main__ | Scan | 2026-09-28 11:15 IST
2026-09-28 11:15:59 | INFO    | data.fetcher | Fetched 15min data for 212/212 tickers
2026-09-28 11:15:59 | INFO    | __main__ | SIZING: 0.400% of equity (Rs4,000 risk per trade)
2026-09-28 11:15:59 | INFO    | __main__ |   base 0.40%
2026-09-28 11:15:59 | INFO    | __main__ |   performance x1.0: n=0, too few trades to infer anything - base size
2026-09-28 11:15:59 | INFO    | __main__ |   drawdown    x1.0: at high-water mark
2026-09-28 11:15:59 | INFO    | __main__ | strategy: MOM-v3
2026-09-28 11:15:59 | INFO    | __main__ | walk-forward overrides in force: {'min_dev_above_vwap': 0.012, 'min_rsi': 75, 'min_rvol': 4.0, 'stop_pct_floor': 0.012}
2026-09-28 11:16:00 | INFO    | __main__ | equity Rs1,000,000 | open 0 | pending 0 | closed 0 | WR 0.0% | PF None | friction Rs0
2026-09-28 11:31:25 | INFO    | __main__ | ================================================================
2026-09-28 11:31:25 | INFO    | __main__ | Scan | 2026-09-28 11:31 IST
2026-09-28 11:31:39 | INFO    | data.fetcher | Fetched 15min data for 212/212 tickers
2026-09-28 11:31:39 | INFO    | __main__ | SIZING: 0.400% of equity (Rs4,000 risk per trade)
2026-09-28 11:31:39 | INFO    | __main__ |   base 0.40%
2026-09-28 11:31:39 | INFO    | __main__ |   performance x1.0: n=0, too few trades to infer anything - base size
2026-09-28 11:31:39 | INFO    | __main__ |   drawdown    x1.0: at high-water mark
2026-09-28 11:31:39 | INFO    | __main__ | strategy: MOM-v3
2026-09-28 11:31:39 | INFO    | __main__ | walk-forward overrides in force: {'min_dev_above_vwap': 0.012, 'min_rsi': 75, 'min_rvol': 4.0, 'stop_pct_floor': 0.012}
2026-09-28 11:31:40 | INFO    | __main__ | equity Rs1,000,000 | open 0 | pending 0 | closed 0 | WR 0.0% | PF None | friction Rs0
2026-09-28 11:45:45 | INFO    | __main__ | ================================================================
2026-09-28 11:45:45 | INFO    | __main__ | Scan | 2026-09-28 11:45 IST
2026-09-28 11:46:00 | INFO    | data.fetcher | Fetched 15min data for 212/212 tickers
2026-09-28 11:46:00 | INFO    | __main__ | SIZING: 0.400% of equity (Rs4,000 risk per trade)
2026-09-28 11:46:00 | INFO    | __main__ |   base 0.40%
2026-09-28 11:46:00 | INFO    | __main__ |   performance x1.0: n=0, too few trades to infer anything - base size
2026-09-28 11:46:00 | INFO    | __main__ |   drawdown    x1.0: at high-water mark
2026-09-28 11:46:00 | INFO    | __main__ | strategy: MOM-v3
2026-09-28 11:46:00 | INFO    | __main__ | walk-forward overrides in force: {'min_dev_above_vwap': 0.012, 'min_rsi': 75, 'min_rvol': 4.0, 'stop_pct_floor': 0.012}
2026-09-28 11:46:01 | INFO    | __main__ | equity Rs1,000,000 | open 0 | pending 0 | closed 0 | WR 0.0% | PF None | friction Rs0
2026-09-28 12:01:03 | INFO    | __main__ | ================================================================
2026-09-28 12:01:03 | INFO    | __main__ | Scan | 2026-09-28 12:01 IST
2026-09-28 12:01:14 | INFO    | data.fetcher | Fetched 15min data for 212/212 tickers
2026-09-28 12:01:15 | INFO    | __main__ | SIZING: 0.400% of equity (Rs4,000 risk per trade)
2026-09-28 12:01:15 | INFO    | __main__ |   base 0.40%
2026-09-28 12:01:15 | INFO    | __main__ |   performance x1.0: n=0, too few trades to infer anything - base size
2026-09-28 12:01:15 | INFO    | __main__ |   drawdown    x1.0: at high-water mark
2026-09-28 12:01:15 | INFO    | __main__ | strategy: MOM-v3
2026-09-28 12:01:15 | INFO    | __main__ | walk-forward overrides in force: {'min_dev_above_vwap': 0.012, 'min_rsi': 75, 'min_rvol': 4.0, 'stop_pct_floor': 0.012}
2026-09-28 12:01:15 | INFO    | __main__ | equity Rs1,000,000 | open 0 | pending 0 | closed 0 | WR 0.0% | PF None | friction Rs0
2026-09-28 12:15:51 | INFO    | __main__ | ================================================================
2026-09-28 12:15:51 | INFO    | __main__ | Scan | 2026-09-28 12:15 IST
2026-09-28 12:16:03 | INFO    | data.fetcher | Fetched 15min data for 212/212 tickers
2026-09-28 12:16:03 | INFO    | __main__ | SIZING: 0.400% of equity (Rs4,000 risk per trade)
2026-09-28 12:16:03 | INFO    | __main__ |   base 0.40%
2026-09-28 12:16:03 | INFO    | __main__ |   performance x1.0: n=0, too few trades to infer anything - base size
2026-09-28 12:16:03 | INFO    | __main__ |   drawdown    x1.0: at high-water mark
2026-09-28 12:16:03 | INFO    | __main__ | strategy: MOM-v3
2026-09-28 12:16:03 | INFO    | __main__ | walk-forward overrides in force: {'min_dev_above_vwap': 0.012, 'min_rsi': 75, 'min_rvol': 4.0, 'stop_pct_floor': 0.012}
2026-09-28 12:16:04 | INFO    | __main__ | equity Rs1,000,000 | open 0 | pending 0 | closed 0 | WR 0.0% | PF None | friction Rs0
2026-09-28 12:31:23 | INFO    | __main__ | ================================================================
2026-09-28 12:31:23 | INFO    | __main__ | Scan | 2026-09-28 12:31 IST
2026-09-28 12:31:26 | ERROR   | yfinance | 
1 Failed download:
2026-09-28 12:31:26 | ERROR   | yfinance | ['BIOCON.NS']: OperationalError('database is locked')
2026-09-28 12:31:37 | INFO    | data.fetcher | Fetched 15min data for 211/212 tickers
2026-09-28 12:31:37 | WARNING | data.fetcher | NO DATA for 1 symbol(s): BIOCON.NS
2026-09-28 12:31:37 | INFO    | __main__ | SIZING: 0.400% of equity (Rs4,000 risk per trade)
2026-09-28 12:31:37 | INFO    | __main__ |   base 0.40%
2026-09-28 12:31:37 | INFO    | __main__ |   performance x1.0: n=0, too few trades to infer anything - base size
2026-09-28 12:31:37 | INFO    | __main__ |   drawdown    x1.0: at high-water mark
2026-09-28 12:31:37 | INFO    | __main__ | strategy: MOM-v3
2026-09-28 12:31:37 | INFO    | __main__ | walk-forward overrides in force: {'min_dev_above_vwap': 0.012, 'min_rsi': 75, 'min_rvol': 4.0, 'stop_pct_floor': 0.012}
2026-09-28 12:31:38 | INFO    | __main__ | equity Rs1,000,000 | open 0 | pending 0 | closed 0 | WR 0.0% | PF None | friction Rs0
2026-09-28 12:45:48 | INFO    | __main__ | ================================================================
2026-09-28 12:45:48 | INFO    | __main__ | Scan | 2026-09-28 12:45 IST
2026-09-28 12:46:03 | INFO    | data.fetcher | Fetched 15min data for 212/212 tickers
2026-09-28 12:46:03 | INFO    | __main__ | SIZING: 0.400% of equity (Rs4,000 risk per trade)
2026-09-28 12:46:03 | INFO    | __main__ |   base 0.40%
2026-09-28 12:46:03 | INFO    | __main__ |   performance x1.0: n=0, too few trades to infer anything - base size
2026-09-28 12:46:03 | INFO    | __main__ |   drawdown    x1.0: at high-water mark
2026-09-28 12:46:03 | INFO    | __main__ | strategy: MOM-v3
2026-09-28 12:46:03 | INFO    | __main__ | walk-forward overrides in force: {'min_dev_above_vwap': 0.012, 'min_rsi': 75, 'min_rvol': 4.0, 'stop_pct_floor': 0.012}
2026-09-28 12:46:04 | INFO    | __main__ | equity Rs1,000,000 | open 0 | pending 0 | closed 0 | WR 0.0% | PF None | friction Rs0
2026-09-28 13:01:09 | INFO    | __main__ | ================================================================
2026-09-28 13:01:09 | INFO    | __main__ | Scan | 2026-09-28 13:01 IST
2026-09-28 13:01:26 | INFO    | data.fetcher | Fetched 15min data for 212/212 tickers
2026-09-28 13:01:26 | INFO    | __main__ | SIZING: 0.400% of equity (Rs4,000 risk per trade)
2026-09-28 13:01:26 | INFO    | __main__ |   base 0.40%
2026-09-28 13:01:26 | INFO    | __main__ |   performance x1.0: n=0, too few trades to infer anything - base size
2026-09-28 13:01:26 | INFO    | __main__ |   drawdown    x1.0: at high-water mark
2026-09-28 13:01:26 | INFO    | __main__ | strategy: MOM-v3
2026-09-28 13:01:26 | INFO    | __main__ | walk-forward overrides in force: {'min_dev_above_vwap': 0.012, 'min_rsi': 75, 'min_rvol': 4.0, 'stop_pct_floor': 0.012}
2026-09-28 13:01:27 | INFO    | __main__ | equity Rs1,000,000 | open 0 | pending 0 | closed 0 | WR 0.0% | PF None | friction Rs0
2026-09-28 13:15:54 | INFO    | __main__ | ================================================================
2026-09-28 13:15:54 | INFO    | __main__ | Scan | 2026-09-28 13:15 IST
2026-09-28 13:16:07 | INFO    | data.fetcher | Fetched 15min data for 212/212 tickers
2026-09-28 13:16:07 | INFO    | __main__ | SIZING: 0.400% of equity (Rs4,000 risk per trade)
2026-09-28 13:16:07 | INFO    | __main__ |   base 0.40%
2026-09-28 13:16:07 | INFO    | __main__ |   performance x1.0: n=0, too few trades to infer anything - base size
2026-09-28 13:16:07 | INFO    | __main__ |   drawdown    x1.0: at high-water mark
2026-09-28 13:16:07 | INFO    | __main__ | strategy: MOM-v3
2026-09-28 13:16:07 | INFO    | __main__ | walk-forward overrides in force: {'min_dev_above_vwap': 0.012, 'min_rsi': 75, 'min_rvol': 4.0, 'stop_pct_floor': 0.012}
2026-09-28 13:16:08 | INFO    | __main__ | equity Rs1,000,000 | open 0 | pending 0 | closed 0 | WR 0.0% | PF None | friction Rs0
2026-09-28 13:31:55 | INFO    | __main__ | ================================================================
2026-09-28 13:31:55 | INFO    | __main__ | Scan | 2026-09-28 13:31 IST
2026-09-28 13:32:09 | INFO    | data.fetcher | Fetched 15min data for 212/212 tickers
2026-09-28 13:32:10 | INFO    | __main__ | SIZING: 0.400% of equity (Rs4,000 risk per trade)
2026-09-28 13:32:10 | INFO    | __main__ |   base 0.40%
2026-09-28 13:32:10 | INFO    | __main__ |   performance x1.0: n=0, too few trades to infer anything - base size
2026-09-28 13:32:10 | INFO    | __main__ |   drawdown    x1.0: at high-water mark
2026-09-28 13:32:10 | INFO    | __main__ | strategy: MOM-v3
2026-09-28 13:32:10 | INFO    | __main__ | walk-forward overrides in force: {'min_dev_above_vwap': 0.012, 'min_rsi': 75, 'min_rvol': 4.0, 'stop_pct_floor': 0.012}
2026-09-28 13:32:11 | INFO    | __main__ | equity Rs1,000,000 | open 0 | pending 0 | closed 0 | WR 0.0% | PF None | friction Rs0
2026-09-28 13:45:52 | INFO    | __main__ | ================================================================
2026-09-28 13:45:52 | INFO    | __main__ | Scan | 2026-09-28 13:45 IST
2026-09-28 13:46:07 | INFO    | data.fetcher | Fetched 15min data for 212/212 tickers
2026-09-28 13:46:07 | INFO    | __main__ | SIZING: 0.400% of equity (Rs4,000 risk per trade)
2026-09-28 13:46:07 | INFO    | __main__ |   base 0.40%
2026-09-28 13:46:07 | INFO    | __main__ |   performance x1.0: n=0, too few trades to infer anything - base size
2026-09-28 13:46:07 | INFO    | __main__ |   drawdown    x1.0: at high-water mark
2026-09-28 13:46:07 | INFO    | __main__ | strategy: MOM-v3
2026-09-28 13:46:07 | INFO    | __main__ | walk-forward overrides in force: {'min_dev_above_vwap': 0.012, 'min_rsi': 75, 'min_rvol': 4.0, 'stop_pct_floor': 0.012}
2026-09-28 13:46:07 | INFO    | __main__ | equity Rs1,000,000 | open 0 | pending 0 | closed 0 | WR 0.0% | PF None | friction Rs0
2026-09-28 14:01:10 | INFO    | __main__ | ================================================================
2026-09-28 14:01:10 | INFO    | __main__ | Scan | 2026-09-28 14:01 IST
2026-09-28 14:01:13 | ERROR   | yfinance | 
1 Failed download:
2026-09-28 14:01:13 | ERROR   | yfinance | ['ABBOTINDIA.NS']: OperationalError('database is locked')
2026-09-28 14:01:28 | INFO    | data.fetcher | Fetched 15min data for 211/212 tickers
2026-09-28 14:01:28 | WARNING | data.fetcher | NO DATA for 1 symbol(s): ABBOTINDIA.NS
2026-09-28 14:01:28 | INFO    | __main__ | SIZING: 0.400% of equity (Rs4,000 risk per trade)
2026-09-28 14:01:28 | INFO    | __main__ |   base 0.40%
2026-09-28 14:01:28 | INFO    | __main__ |   performance x1.0: n=0, too few trades to infer anything - base size
2026-09-28 14:01:28 | INFO    | __main__ |   drawdown    x1.0: at high-water mark
2026-09-28 14:01:28 | INFO    | __main__ | strategy: MOM-v3
2026-09-28 14:01:28 | INFO    | __main__ | walk-forward overrides in force: {'min_dev_above_vwap': 0.012, 'min_rsi': 75, 'min_rvol': 4.0, 'stop_pct_floor': 0.012}
2026-09-28 14:01:28 | INFO    | __main__ | equity Rs1,000,000 | open 0 | pending 0 | closed 0 | WR 0.0% | PF None | friction Rs0
2026-09-28 14:15:51 | INFO    | __main__ | ================================================================
2026-09-28 14:15:51 | INFO    | __main__ | Scan | 2026-09-28 14:15 IST
2026-09-28 14:16:03 | INFO    | data.fetcher | Fetched 15min data for 212/212 tickers
2026-09-28 14:16:03 | INFO    | __main__ | SIZING: 0.400% of equity (Rs4,000 risk per trade)
2026-09-28 14:16:03 | INFO    | __main__ |   base 0.40%
2026-09-28 14:16:03 | INFO    | __main__ |   performance x1.0: n=0, too few trades to infer anything - base size
2026-09-28 14:16:03 | INFO    | __main__ |   drawdown    x1.0: at high-water mark
2026-09-28 14:16:03 | INFO    | __main__ | strategy: MOM-v3
2026-09-28 14:16:03 | INFO    | __main__ | walk-forward overrides in force: {'min_dev_above_vwap': 0.012, 'min_rsi': 75, 'min_rvol': 4.0, 'stop_pct_floor': 0.012}
2026-09-28 14:16:03 | INFO    | __main__ | equity Rs1,000,000 | open 0 | pending 0 | closed 0 | WR 0.0% | PF None | friction Rs0
2026-09-28 14:31:20 | INFO    | __main__ | ================================================================
2026-09-28 14:31:20 | INFO    | __main__ | Scan | 2026-09-28 14:31 IST
2026-09-28 14:31:42 | INFO    | data.fetcher | Fetched 15min data for 212/212 tickers
2026-09-28 14:31:42 | INFO    | __main__ | SIZING: 0.400% of equity (Rs4,000 risk per trade)
2026-09-28 14:31:42 | INFO    | __main__ |   base 0.40%
2026-09-28 14:31:42 | INFO    | __main__ |   performance x1.0: n=0, too few trades to infer anything - base size
2026-09-28 14:31:42 | INFO    | __main__ |   drawdown    x1.0: at high-water mark
2026-09-28 14:31:42 | INFO    | __main__ | strategy: MOM-v3
2026-09-28 14:31:42 | INFO    | __main__ | walk-forward overrides in force: {'min_dev_above_vwap': 0.012, 'min_rsi': 75, 'min_rvol': 4.0, 'stop_pct_floor': 0.012}
2026-09-28 14:31:42 | INFO    | __main__ | equity Rs1,000,000 | open 0 | pending 0 | closed 0 | WR 0.0% | PF None | friction Rs0
2026-09-28 14:45:58 | INFO    | __main__ | ================================================================
2026-09-28 14:45:58 | INFO    | __main__ | Scan | 2026-09-28 14:45 IST
2026-09-28 14:46:17 | INFO    | data.fetcher | Fetched 15min data for 212/212 tickers
2026-09-28 14:46:17 | INFO    | __main__ | SIZING: 0.400% of equity (Rs4,000 risk per trade)
2026-09-28 14:46:17 | INFO    | __main__ |   base 0.40%
2026-09-28 14:46:17 | INFO    | __main__ |   performance x1.0: n=0, too few trades to infer anything - base size
2026-09-28 14:46:17 | INFO    | __main__ |   drawdown    x1.0: at high-water mark
2026-09-28 14:46:17 | INFO    | __main__ | strategy: MOM-v3
2026-09-28 14:46:17 | INFO    | __main__ | walk-forward overrides in force: {'min_dev_above_vwap': 0.012, 'min_rsi': 75, 'min_rvol': 4.0, 'stop_pct_floor': 0.012}
2026-09-28 14:46:17 | INFO    | __main__ | equity Rs1,000,000 | open 0 | pending 0 | closed 0 | WR 0.0% | PF None | friction Rs0
2026-09-28 15:01:04 | INFO    | __main__ | ================================================================
2026-09-28 15:01:04 | INFO    | __main__ | Scan | 2026-09-28 15:01 IST
2026-09-28 15:01:18 | INFO    | data.fetcher | Fetched 15min data for 212/212 tickers
2026-09-28 15:01:18 | INFO    | __main__ | SIZING: 0.400% of equity (Rs4,000 risk per trade)
2026-09-28 15:01:18 | INFO    | __main__ |   base 0.40%
2026-09-28 15:01:18 | INFO    | __main__ |   performance x1.0: n=0, too few trades to infer anything - base size
2026-09-28 15:01:18 | INFO    | __main__ |   drawdown    x1.0: at high-water mark
2026-09-28 15:01:18 | INFO    | __main__ | strategy: MOM-v3
2026-09-28 15:01:18 | INFO    | __main__ | walk-forward overrides in force: {'min_dev_above_vwap': 0.012, 'min_rsi': 75, 'min_rvol': 4.0, 'stop_pct_floor': 0.012}
2026-09-28 15:01:18 | INFO    | __main__ | equity Rs1,000,000 | open 0 | pending 0 | closed 0 | WR 0.0% | PF None | friction Rs0
2026-09-28 15:08:55 | INFO    | __main__ | ================================================================
2026-09-28 15:08:55 | INFO    | __main__ | Scan | 2026-09-28 15:08 IST
2026-09-28 15:09:12 | INFO    | data.fetcher | Fetched 15min data for 212/212 tickers
2026-09-28 15:09:12 | INFO    | __main__ | EOD: {'equity': 1000000.0, 'cash': 1000000, 'open_positions': 0, 'pending_orders': 0, 'closed_trades': 0, 'win_rate_pct': 0.0, 'profit_factor': None, 'total_friction': 0, 'total_pnl': 0.0, 'return_pct': 0.0}
2026-09-28 15:15:51 | INFO    | __main__ | ================================================================
2026-09-28 15:15:51 | INFO    | __main__ | Scan | 2026-09-28 15:15 IST
2026-09-28 15:16:06 | INFO    | data.fetcher | Fetched 15min data for 212/212 tickers
2026-09-28 15:16:06 | INFO    | __main__ | EOD: {'equity': 1000000.0, 'cash': 1000000, 'open_positions': 0, 'pending_orders': 0, 'closed_trades': 0, 'win_rate_pct': 0.0, 'profit_factor': None, 'total_friction': 0, 'total_pnl': 0.0, 'return_pct': 0.0}
2026-09-28 15:31:19 | INFO    | __main__ | ================================================================
2026-09-28 15:31:19 | INFO    | __main__ | Scan | 2026-09-28 15:31 IST
2026-09-28 15:31:19 | INFO    | __main__ | outside NSE hours
2026-09-28 15:46:01 | INFO    | __main__ | ================================================================
2026-09-28 15:46:01 | INFO    | __main__ | Scan | 2026-09-28 15:46 IST
2026-09-28 15:46:01 | INFO    | __main__ | outside NSE hours
2026-09-28 16:01:04 | INFO    | __main__ | ================================================================
2026-09-28 16:01:04 | INFO    | __main__ | Scan | 2026-09-28 16:01 IST
2026-09-28 16:01:04 | INFO    | __main__ | outside NSE hours
2026-09-28 16:15:52 | INFO    | __main__ | ================================================================
2026-09-28 16:15:52 | INFO    | __main__ | Scan | 2026-09-28 16:15 IST
2026-09-28 16:15:52 | INFO    | __main__ | outside NSE hours
2026-09-28 23:20:03 | INFO    | __main__ | ================================================================
2026-09-28 23:20:03 | INFO    | __main__ | Scan | 2026-09-28 23:20 IST
2026-09-28 23:20:03 | INFO    | __main__ | outside NSE hours
2026-09-29 08:31:17 | INFO    | __main__ | ================================================================
2026-09-29 08:31:17 | INFO    | __main__ | Scan | 2026-09-29 08:31 IST
2026-09-29 08:31:17 | INFO    | __main__ | outside NSE hours
2026-09-29 08:45:51 | INFO    | __main__ | ================================================================
2026-09-29 08:45:51 | INFO    | __main__ | Scan | 2026-09-29 08:45 IST
2026-09-29 08:45:51 | INFO    | __main__ | outside NSE hours
2026-09-29 09:01:03 | INFO    | __main__ | ================================================================
2026-09-29 09:01:03 | INFO    | __main__ | Scan | 2026-09-29 09:01 IST
2026-09-29 09:01:03 | INFO    | __main__ | outside NSE hours
2026-09-29 09:15:53 | INFO    | __main__ | ================================================================
2026-09-29 09:15:53 | INFO    | __main__ | Scan | 2026-09-29 09:15 IST
2026-09-29 09:16:11 | INFO    | data.fetcher | Fetched 15min data for 212/212 tickers
2026-09-29 09:16:11 | INFO    | __main__ | SIZING: 0.400% of equity (Rs4,000 risk per trade)
2026-09-29 09:16:11 | INFO    | __main__ |   base 0.40%
2026-09-29 09:16:11 | INFO    | __main__ |   performance x1.0: n=0, too few trades to infer anything - base size
2026-09-29 09:16:11 | INFO    | __main__ |   drawdown    x1.0: at high-water mark
2026-09-29 09:16:11 | INFO    | __main__ | strategy: MOM-v3
2026-09-29 09:16:11 | INFO    | __main__ | walk-forward overrides in force: {'min_dev_above_vwap': 0.012, 'min_rsi': 75, 'min_rvol': 4.0, 'stop_pct_floor': 0.012}
2026-09-29 09:16:11 | INFO    | strategies.momentum_v3 | REGIME GATE CLOSED: insufficient index bars - no entries this scan
2026-09-29 09:16:11 | INFO    | __main__ | equity Rs1,000,000 | open 0 | pending 0 | closed 0 | WR 0.0% | PF None | friction Rs0
2026-09-29 09:31:17 | INFO    | __main__ | ================================================================
2026-09-29 09:31:17 | INFO    | __main__ | Scan | 2026-09-29 09:31 IST
2026-09-29 09:31:30 | INFO    | data.fetcher | Fetched 15min data for 212/212 tickers
2026-09-29 09:31:30 | INFO    | __main__ | SIZING: 0.400% of equity (Rs4,000 risk per trade)
2026-09-29 09:31:30 | INFO    | __main__ |   base 0.40%
2026-09-29 09:31:30 | INFO    | __main__ |   performance x1.0: n=0, too few trades to infer anything - base size
2026-09-29 09:31:30 | INFO    | __main__ |   drawdown    x1.0: at high-water mark
2026-09-29 09:31:30 | INFO    | __main__ | strategy: MOM-v3
2026-09-29 09:31:30 | INFO    | __main__ | walk-forward overrides in force: {'min_dev_above_vwap': 0.012, 'min_rsi': 75, 'min_rvol': 4.0, 'stop_pct_floor': 0.012}
2026-09-29 09:31:30 | INFO    | strategies.momentum_v3 | REGIME GATE CLOSED: insufficient index bars - no entries this scan
2026-09-29 09:31:30 | INFO    | __main__ | equity Rs1,000,000 | open 0 | pending 0 | closed 0 | WR 0.0% | PF None | friction Rs0
2026-09-29 09:45:47 | INFO    | __main__ | ================================================================
2026-09-29 09:45:47 | INFO    | __main__ | Scan | 2026-09-29 09:45 IST
2026-09-29 09:46:02 | INFO    | data.fetcher | Fetched 15min data for 212/212 tickers
2026-09-29 09:46:02 | INFO    | __main__ | SIZING: 0.400% of equity (Rs4,000 risk per trade)
2026-09-29 09:46:02 | INFO    | __main__ |   base 0.40%
2026-09-29 09:46:02 | INFO    | __main__ |   performance x1.0: n=0, too few trades to infer anything - base size
2026-09-29 09:46:02 | INFO    | __main__ |   drawdown    x1.0: at high-water mark
2026-09-29 09:46:02 | INFO    | __main__ | strategy: MOM-v3
2026-09-29 09:46:02 | INFO    | __main__ | walk-forward overrides in force: {'min_dev_above_vwap': 0.012, 'min_rsi': 75, 'min_rvol': 4.0, 'stop_pct_floor': 0.012}
2026-09-29 09:46:02 | INFO    | __main__ | equity Rs1,000,000 | open 0 | pending 0 | closed 0 | WR 0.0% | PF None | friction Rs0
2026-09-29 10:01:15 | INFO    | __main__ | ================================================================
2026-09-29 10:01:15 | INFO    | __main__ | Scan | 2026-09-29 10:01 IST
2026-09-29 10:01:30 | INFO    | data.fetcher | Fetched 15min data for 212/212 tickers
2026-09-29 10:01:30 | INFO    | __main__ | SIZING: 0.400% of equity (Rs4,000 risk per trade)
2026-09-29 10:01:30 | INFO    | __main__ |   base 0.40%
2026-09-29 10:01:30 | INFO    | __main__ |   performance x1.0: n=0, too few trades to infer anything - base size
2026-09-29 10:01:30 | INFO    | __main__ |   drawdown    x1.0: at high-water mark
2026-09-29 10:01:30 | INFO    | __main__ | strategy: MOM-v3
2026-09-29 10:01:30 | INFO    | __main__ | walk-forward overrides in force: {'min_dev_above_vwap': 0.012, 'min_rsi': 75, 'min_rvol': 4.0, 'stop_pct_floor': 0.012}
2026-09-29 10:01:30 | INFO    | __main__ | equity Rs1,000,000 | open 0 | pending 0 | closed 0 | WR 0.0% | PF None | friction Rs0
2026-09-29 10:15:50 | INFO    | __main__ | ================================================================
2026-09-29 10:15:50 | INFO    | __main__ | Scan | 2026-09-29 10:15 IST
2026-09-29 10:16:08 | INFO    | data.fetcher | Fetched 15min data for 212/212 tickers
2026-09-29 10:16:08 | INFO    | __main__ | SIZING: 0.400% of equity (Rs4,000 risk per trade)
2026-09-29 10:16:08 | INFO    | __main__ |   base 0.40%
2026-09-29 10:16:08 | INFO    | __main__ |   performance x1.0: n=0, too few trades to infer anything - base size
2026-09-29 10:16:08 | INFO    | __main__ |   drawdown    x1.0: at high-water mark
2026-09-29 10:16:08 | INFO    | __main__ | strategy: MOM-v3
2026-09-29 10:16:08 | INFO    | __main__ | walk-forward overrides in force: {'min_dev_above_vwap': 0.012, 'min_rsi': 75, 'min_rvol': 4.0, 'stop_pct_floor': 0.012}
2026-09-29 10:16:09 | INFO    | __main__ | equity Rs1,000,000 | open 0 | pending 0 | closed 0 | WR 0.0% | PF None | friction Rs0
2026-09-29 10:31:14 | INFO    | __main__ | ================================================================
2026-09-29 10:31:14 | INFO    | __main__ | Scan | 2026-09-29 10:31 IST
2026-09-29 10:31:32 | INFO    | data.fetcher | Fetched 15min data for 212/212 tickers
2026-09-29 10:31:32 | INFO    | __main__ | SIZING: 0.400% of equity (Rs4,000 risk per trade)
2026-09-29 10:31:32 | INFO    | __main__ |   base 0.40%
2026-09-29 10:31:32 | INFO    | __main__ |   performance x1.0: n=0, too few trades to infer anything - base size
2026-09-29 10:31:32 | INFO    | __main__ |   drawdown    x1.0: at high-water mark
2026-09-29 10:31:32 | INFO    | __main__ | strategy: MOM-v3
2026-09-29 10:31:32 | INFO    | __main__ | walk-forward overrides in force: {'min_dev_above_vwap': 0.012, 'min_rsi': 75, 'min_rvol': 4.0, 'stop_pct_floor': 0.012}
2026-09-29 10:31:32 | INFO    | __main__ | equity Rs1,000,000 | open 0 | pending 0 | closed 0 | WR 0.0% | PF None | friction Rs0
2026-09-29 10:45:50 | INFO    | __main__ | ================================================================
2026-09-29 10:45:50 | INFO    | __main__ | Scan | 2026-09-29 10:45 IST
2026-09-29 10:46:10 | INFO    | data.fetcher | Fetched 15min data for 212/212 tickers
2026-09-29 10:46:10 | INFO    | __main__ | SIZING: 0.400% of equity (Rs4,000 risk per trade)
2026-09-29 10:46:10 | INFO    | __main__ |   base 0.40%
2026-09-29 10:46:10 | INFO    | __main__ |   performance x1.0: n=0, too few trades to infer anything - base size
2026-09-29 10:46:10 | INFO    | __main__ |   drawdown    x1.0: at high-water mark
2026-09-29 10:46:10 | INFO    | __main__ | strategy: MOM-v3
2026-09-29 10:46:10 | INFO    | __main__ | walk-forward overrides in force: {'min_dev_above_vwap': 0.012, 'min_rsi': 75, 'min_rvol': 4.0, 'stop_pct_floor': 0.012}
2026-09-29 10:46:11 | INFO    | __main__ | equity Rs1,000,000 | open 0 | pending 0 | closed 0 | WR 0.0% | PF None | friction Rs0
2026-09-29 11:01:03 | INFO    | __main__ | ================================================================
2026-09-29 11:01:03 | INFO    | __main__ | Scan | 2026-09-29 11:01 IST
2026-09-29 11:01:16 | INFO    | data.fetcher | Fetched 15min data for 212/212 tickers
2026-09-29 11:01:16 | INFO    | __main__ | SIZING: 0.400% of equity (Rs4,000 risk per trade)
2026-09-29 11:01:16 | INFO    | __main__ |   base 0.40%
2026-09-29 11:01:16 | INFO    | __main__ |   performance x1.0: n=0, too few trades to infer anything - base size
2026-09-29 11:01:16 | INFO    | __main__ |   drawdown    x1.0: at high-water mark
2026-09-29 11:01:16 | INFO    | __main__ | strategy: MOM-v3
2026-09-29 11:01:16 | INFO    | __main__ | walk-forward overrides in force: {'min_dev_above_vwap': 0.012, 'min_rsi': 75, 'min_rvol': 4.0, 'stop_pct_floor': 0.012}
2026-09-29 11:01:17 | INFO    | __main__ | equity Rs1,000,000 | open 0 | pending 0 | closed 0 | WR 0.0% | PF None | friction Rs0
2026-09-29 11:15:53 | INFO    | __main__ | ================================================================
2026-09-29 11:15:53 | INFO    | __main__ | Scan | 2026-09-29 11:15 IST
2026-09-29 11:16:07 | INFO    | data.fetcher | Fetched 15min data for 212/212 tickers
2026-09-29 11:16:07 | INFO    | __main__ | SIZING: 0.400% of equity (Rs4,000 risk per trade)
2026-09-29 11:16:07 | INFO    | __main__ |   base 0.40%
2026-09-29 11:16:07 | INFO    | __main__ |   performance x1.0: n=0, too few trades to infer anything - base size
2026-09-29 11:16:07 | INFO    | __main__ |   drawdown    x1.0: at high-water mark
2026-09-29 11:16:07 | INFO    | __main__ | strategy: MOM-v3
2026-09-29 11:16:07 | INFO    | __main__ | walk-forward overrides in force: {'min_dev_above_vwap': 0.012, 'min_rsi': 75, 'min_rvol': 4.0, 'stop_pct_floor': 0.012}
2026-09-29 11:16:08 | INFO    | __main__ | equity Rs1,000,000 | open 0 | pending 0 | closed 0 | WR 0.0% | PF None | friction Rs0
2026-09-29 11:31:18 | INFO    | __main__ | ================================================================
2026-09-29 11:31:18 | INFO    | __main__ | Scan | 2026-09-29 11:31 IST
2026-09-29 11:31:29 | INFO    | data.fetcher | Fetched 15min data for 212/212 tickers
2026-09-29 11:31:29 | INFO    | __main__ | SIZING: 0.400% of equity (Rs4,000 risk per trade)
2026-09-29 11:31:29 | INFO    | __main__ |   base 0.40%
2026-09-29 11:31:29 | INFO    | __main__ |   performance x1.0: n=0, too few trades to infer anything - base size
2026-09-29 11:31:29 | INFO    | __main__ |   drawdown    x1.0: at high-water mark
2026-09-29 11:31:29 | INFO    | __main__ | strategy: MOM-v3
2026-09-29 11:31:29 | INFO    | __main__ | walk-forward overrides in force: {'min_dev_above_vwap': 0.012, 'min_rsi': 75, 'min_rvol': 4.0, 'stop_pct_floor': 0.012}
2026-09-29 11:31:30 | INFO    | __main__ | equity Rs1,000,000 | open 0 | pending 0 | closed 0 | WR 0.0% | PF None | friction Rs0
2026-09-29 11:45:55 | INFO    | __main__ | ================================================================
2026-09-29 11:45:55 | INFO    | __main__ | Scan | 2026-09-29 11:45 IST
2026-09-29 11:46:39 | INFO    | data.fetcher | Fetched 15min data for 212/212 tickers
2026-09-29 11:46:39 | INFO    | __main__ | SIZING: 0.400% of equity (Rs4,000 risk per trade)
2026-09-29 11:46:39 | INFO    | __main__ |   base 0.40%
2026-09-29 11:46:39 | INFO    | __main__ |   performance x1.0: n=0, too few trades to infer anything - base size
2026-09-29 11:46:39 | INFO    | __main__ |   drawdown    x1.0: at high-water mark
2026-09-29 11:46:39 | INFO    | __main__ | strategy: MOM-v3
2026-09-29 11:46:39 | INFO    | __main__ | walk-forward overrides in force: {'min_dev_above_vwap': 0.012, 'min_rsi': 75, 'min_rvol': 4.0, 'stop_pct_floor': 0.012}
2026-09-29 11:46:40 | INFO    | __main__ | equity Rs1,000,000 | open 0 | pending 0 | closed 0 | WR 0.0% | PF None | friction Rs0
2026-09-29 12:01:05 | INFO    | __main__ | ================================================================
2026-09-29 12:01:05 | INFO    | __main__ | Scan | 2026-09-29 12:01 IST
2026-09-29 12:01:35 | INFO    | data.fetcher | Fetched 15min data for 212/212 tickers
2026-09-29 12:01:35 | INFO    | __main__ | SIZING: 0.400% of equity (Rs4,000 risk per trade)
2026-09-29 12:01:35 | INFO    | __main__ |   base 0.40%
2026-09-29 12:01:35 | INFO    | __main__ |   performance x1.0: n=0, too few trades to infer anything - base size
2026-09-29 12:01:35 | INFO    | __main__ |   drawdown    x1.0: at high-water mark
2026-09-29 12:01:35 | INFO    | __main__ | strategy: MOM-v3
2026-09-29 12:01:36 | INFO    | __main__ | equity Rs1,000,000 | open 0 | pending 0 | closed 0 | WR 0.0% | PF None | friction Rs0
2026-09-29 12:15:50 | INFO    | __main__ | ================================================================
2026-09-29 12:15:50 | INFO    | __main__ | Scan | 2026-09-29 12:15 IST
2026-09-29 12:16:19 | INFO    | data.fetcher | Fetched 15min data for 212/212 tickers
2026-09-29 12:16:19 | INFO    | __main__ | SIZING: 0.400% of equity (Rs4,000 risk per trade)
2026-09-29 12:16:19 | INFO    | __main__ |   base 0.40%
2026-09-29 12:16:19 | INFO    | __main__ |   performance x1.0: n=0, too few trades to infer anything - base size
2026-09-29 12:16:19 | INFO    | __main__ |   drawdown    x1.0: at high-water mark
2026-09-29 12:16:19 | INFO    | __main__ | strategy: MOM-v3
2026-09-29 12:16:20 | INFO    | engine.paper_trader_v2 | ORDER SUNTV.NS market buy at next open (ref Rs538.55, SL 1.67%, RSI 73.2, rvol 5.56)
2026-09-29 12:16:20 | INFO    | engine.paper_trader_v2 | FILLED SUNTV.NS @ Rs538.5499877929688 | qty=444 notional=Rs239,116 friction=Rs276
2026-09-29 12:16:20 | INFO    | __main__ | equity Rs1,000,000 | open 1 | pending 0 | closed 0 | WR 0.0% | PF None | friction Rs0
2026-09-29 12:31:18 | INFO    | __main__ | ================================================================
2026-09-29 12:31:18 | INFO    | __main__ | Scan | 2026-09-29 12:31 IST
2026-09-29 12:31:43 | INFO    | data.fetcher | Fetched 15min data for 212/212 tickers
2026-09-29 12:31:44 | INFO    | __main__ | SIZING: 0.400% of equity (Rs3,999 risk per trade)
2026-09-29 12:31:44 | INFO    | __main__ |   base 0.40%
2026-09-29 12:31:44 | INFO    | __main__ |   performance x1.0: n=0, too few trades to infer anything - base size
2026-09-29 12:31:44 | INFO    | __main__ |   drawdown    x1.0: drawdown 0.0% - within normal range
2026-09-29 12:31:44 | INFO    | __main__ | strategy: MOM-v3
2026-09-29 12:31:44 | INFO    | __main__ | walk-forward overrides in force: {'min_dev_above_vwap': 0.008, 'min_rsi': 70, 'min_rvol': 2.0, 'stop_pct_floor': 0.012}
2026-09-29 12:31:44 | INFO    | engine.paper_trader_v2 | ORDER REJECTED SUNTV.NS: already holding this name
2026-09-29 12:31:44 | INFO    | __main__ | equity Rs999,711 | open 1 | pending 0 | closed 0 | WR 0.0% | PF None | friction Rs0
2026-09-29 12:45:50 | INFO    | __main__ | ================================================================
2026-09-29 12:45:50 | INFO    | __main__ | Scan | 2026-09-29 12:45 IST
2026-09-29 12:46:32 | INFO    | data.fetcher | Fetched 15min data for 212/212 tickers
2026-09-29 12:46:32 | INFO    | engine.paper_trader_v2 | EXIT SUNTV.NS 444@Rs539.5 | P&L Rs+146 (+0.04R) | friction Rs276 | t1_vwap
2026-09-29 12:46:32 | INFO    | engine.paper_trader_v2 | T1 SUNTV.NS - half out at VWAP, stop to Rs540.52 (a real breakeven, not v1's entry+0.1R which locked in -0.17R)
2026-09-29 12:46:33 | INFO    | __main__ | SIZING: 0.400% of equity (Rs4,001 risk per trade)
2026-09-29 12:46:33 | INFO    | __main__ |   base 0.40%
2026-09-29 12:46:33 | INFO    | __main__ |   performance x1.0: n=1, too few trades to infer anything - base size
2026-09-29 12:46:33 | INFO    | __main__ |   drawdown    x1.0: at high-water mark
2026-09-29 12:46:33 | INFO    | __main__ | strategy: MOM-v3
2026-09-29 12:46:33 | INFO    | __main__ | walk-forward overrides in force: {'min_dev_above_vwap': 0.008, 'min_rsi': 70, 'min_rvol': 2.0, 'stop_pct_floor': 0.012}
2026-09-29 12:46:33 | INFO    | engine.paper_trader_v2 | ORDER SUNTV.NS market buy at next open (ref Rs539.0, SL 1.653%, RSI 73.3, rvol 5.03)
2026-09-29 12:46:33 | INFO    | engine.paper_trader_v2 | ORDER WELCORP.NS market buy at next open (ref Rs2833.0, SL 1.684%, RSI 70.7, rvol 2.19)
2026-09-29 12:46:33 | INFO    | engine.paper_trader_v2 | FILLED SUNTV.NS @ Rs539.2000122070312 | qty=224 notional=Rs120,781 friction=Rs163
2026-09-29 12:46:33 | INFO    | engine.paper_trader_v2 | FILLED WELCORP.NS @ Rs2834.199951171875 | qty=41 notional=Rs116,202 friction=Rs158
2026-09-29 12:46:34 | INFO    | __main__ | equity Rs1,000,191 | open 2 | pending 0 | closed 1 | WR 100.0% | PF None | friction Rs276
2026-09-29 13:01:07 | INFO    | __main__ | ================================================================
2026-09-29 13:01:07 | INFO    | __main__ | Scan | 2026-09-29 13:01 IST
2026-09-29 13:01:37 | INFO    | data.fetcher | Fetched 15min data for 212/212 tickers
2026-09-29 13:01:37 | INFO    | __main__ | SIZING: 0.400% of equity (Rs4,005 risk per trade)
2026-09-29 13:01:37 | INFO    | __main__ |   base 0.40%
2026-09-29 13:01:37 | INFO    | __main__ |   performance x1.0: n=1, too few trades to infer anything - base size
2026-09-29 13:01:37 | INFO    | __main__ |   drawdown    x1.0: at high-water mark
2026-09-29 13:01:37 | INFO    | __main__ | strategy: MOM-v3
2026-09-29 13:01:37 | INFO    | __main__ | walk-forward overrides in force: {'min_dev_above_vwap': 0.008, 'min_rsi': 70, 'min_rvol': 2.0, 'stop_pct_floor': 0.012}
2026-09-29 13:01:38 | INFO    | engine.paper_trader_v2 | ORDER REJECTED SUNTV.NS: already holding this name
2026-09-29 13:01:38 | INFO    | engine.paper_trader_v2 | ORDER REJECTED WELCORP.NS: already holding this name
2026-09-29 13:01:38 | INFO    | __main__ | equity Rs1,001,136 | open 2 | pending 0 | closed 1 | WR 100.0% | PF None | friction Rs276
2026-09-29 13:15:50 | INFO    | __main__ | ================================================================
2026-09-29 13:15:50 | INFO    | __main__ | Scan | 2026-09-29 13:15 IST
2026-09-29 13:16:23 | INFO    | data.fetcher | Fetched 15min data for 212/212 tickers
2026-09-29 13:16:23 | INFO    | engine.paper_trader_v2 | EXIT SUNTV.NS 224@Rs543.51 | P&L Rs+802 (+0.40R) | friction Rs163 | t1_vwap
2026-09-29 13:16:23 | INFO    | engine.paper_trader_v2 | T1 SUNTV.NS - half out at VWAP, stop to Rs541.26 (a real breakeven, not v1's entry+0.1R which locked in -0.17R)
2026-09-29 13:16:23 | INFO    | __main__ | SIZING: 0.400% of equity (Rs4,005 risk per trade)
2026-09-29 13:16:23 | INFO    | __main__ |   base 0.40%
2026-09-29 13:16:23 | INFO    | __main__ |   performance x1.0: n=2, too few trades to infer anything - base size
2026-09-29 13:16:23 | INFO    | __main__ |   drawdown    x1.0: at high-water mark
2026-09-29 13:16:23 | INFO    | __main__ | strategy: MOM-v3
2026-09-29 13:16:23 | INFO    | __main__ | walk-forward overrides in force: {'min_dev_above_vwap': 0.008, 'min_rsi': 70, 'min_rvol': 2.0, 'stop_pct_floor': 0.012}
2026-09-29 13:16:24 | INFO    | engine.paper_trader_v2 | ORDER SUNTV.NS market buy at next open (ref Rs544.1, SL 1.2%, RSI 77.3, rvol 6.41)
2026-09-29 13:16:24 | INFO    | engine.paper_trader_v2 | FILLED SUNTV.NS @ Rs543.6500244140625 | qty=614 notional=Rs333,801 friction=Rs366
2026-09-29 13:16:25 | INFO    | __main__ | equity Rs1,001,252 | open 2 | pending 0 | closed 2 | WR 100.0% | PF None | friction Rs439
2026-09-29 13:31:31 | INFO    | __main__ | ================================================================
2026-09-29 13:31:31 | INFO    | __main__ | Scan | 2026-09-29 13:31 IST
2026-09-29 13:32:14 | INFO    | data.fetcher | Fetched 15min data for 212/212 tickers
2026-09-29 13:32:14 | INFO    | __main__ | SIZING: 0.400% of equity (Rs4,000 risk per trade)
2026-09-29 13:32:14 | INFO    | __main__ |   base 0.40%
2026-09-29 13:32:14 | INFO    | __main__ |   performance x1.0: n=2, too few trades to infer anything - base size
2026-09-29 13:32:14 | INFO    | __main__ |   drawdown    x1.0: drawdown 0.1% - within normal range
2026-09-29 13:32:14 | INFO    | __main__ | strategy: MOM-v3
2026-09-29 13:32:14 | INFO    | __main__ | walk-forward overrides in force: {'min_dev_above_vwap': 0.008, 'min_rsi': 70, 'min_rvol': 2.0, 'stop_pct_floor': 0.012}
2026-09-29 13:32:15 | INFO    | engine.paper_trader_v2 | ORDER REJECTED SUNTV.NS: already holding this name
2026-09-29 13:32:15 | INFO    | __main__ | equity Rs999,944 | open 2 | pending 0 | closed 2 | WR 100.0% | PF None | friction Rs439
2026-09-29 13:39:04 | INFO    | __main__ | ================================================================
2026-09-29 13:39:04 | INFO    | __main__ | Scan | 2026-09-29 13:39 IST
2026-09-29 13:39:46 | INFO    | data.fetcher | Fetched 15min data for 212/212 tickers
2026-09-29 13:39:47 | INFO    | __main__ | SIZING: 0.400% of equity (Rs4,002 risk per trade)
2026-09-29 13:39:47 | INFO    | __main__ |   base 0.40%
2026-09-29 13:39:47 | INFO    | __main__ |   performance x1.0: n=2, too few trades to infer anything - base size
2026-09-29 13:39:47 | INFO    | __main__ |   drawdown    x1.0: drawdown 0.1% - within normal range
2026-09-29 13:39:47 | INFO    | __main__ | strategy: MOM-v3
2026-09-29 13:39:47 | INFO    | __main__ | walk-forward overrides in force: {'min_dev_above_vwap': 0.008, 'min_rsi': 70, 'min_rvol': 2.0, 'stop_pct_floor': 0.012}
2026-09-29 13:39:47 | INFO    | engine.paper_trader_v2 | ORDER REJECTED SUNTV.NS: already holding this name
2026-09-29 13:39:47 | INFO    | __main__ | equity Rs1,000,621 | open 2 | pending 0 | closed 2 | WR 100.0% | PF None | friction Rs439
2026-09-29 13:45:51 | INFO    | __main__ | ================================================================
2026-09-29 13:45:51 | INFO    | __main__ | Scan | 2026-09-29 13:45 IST
2026-09-29 13:46:19 | INFO    | data.fetcher | Fetched 15min data for 212/212 tickers
2026-09-29 13:46:20 | INFO    | __main__ | SIZING: 0.400% of equity (Rs4,001 risk per trade)
2026-09-29 13:46:20 | INFO    | __main__ |   base 0.40%
2026-09-29 13:46:20 | INFO    | __main__ |   performance x1.0: n=2, too few trades to infer anything - base size
2026-09-29 13:46:20 | INFO    | __main__ |   drawdown    x1.0: drawdown 0.1% - within normal range
2026-09-29 13:46:20 | INFO    | __main__ | strategy: MOM-v3
2026-09-29 13:46:20 | INFO    | __main__ | walk-forward overrides in force: {'min_dev_above_vwap': 0.008, 'min_rsi': 70, 'min_rvol': 2.0, 'stop_pct_floor': 0.012}
2026-09-29 13:46:20 | INFO    | __main__ | equity Rs1,000,204 | open 2 | pending 0 | closed 2 | WR 100.0% | PF None | friction Rs439
2026-09-29 14:01:04 | INFO    | __main__ | ================================================================
2026-09-29 14:01:04 | INFO    | __main__ | Scan | 2026-09-29 14:01 IST
2026-09-29 14:01:33 | INFO    | data.fetcher | Fetched 15min data for 212/212 tickers
2026-09-29 14:01:33 | INFO    | engine.paper_trader_v2 | EXIT WELCORP.NS 41@Rs2868.21 | P&L Rs+1,235 (+0.63R) | friction Rs159 | t1_vwap
2026-09-29 14:01:33 | INFO    | engine.paper_trader_v2 | T1 WELCORP.NS - half out at VWAP, stop to Rs2845.22 (a real breakeven, not v1's entry+0.1R which locked in -0.17R)
2026-09-29 14:01:33 | INFO    | engine.paper_trader_v2 | EXIT SUNTV.NS 614@Rs546.91 | P&L Rs+1,634 (+0.41R) | friction Rs367 | t1_vwap
2026-09-29 14:01:33 | INFO    | engine.paper_trader_v2 | T1 SUNTV.NS - half out at VWAP, stop to Rs545.22 (a real breakeven, not v1's entry+0.1R which locked in -0.17R)
2026-09-29 14:01:33 | INFO    | __main__ | SIZING: 0.400% of equity (Rs4,015 risk per trade)
2026-09-29 14:01:33 | INFO    | __main__ |   base 0.40%
2026-09-29 14:01:33 | INFO    | __main__ |   performance x1.0: n=4, too few trades to infer anything - base size
2026-09-29 14:01:33 | INFO    | __main__ |   drawdown    x1.0: at high-water mark
2026-09-29 14:01:33 | INFO    | __main__ | strategy: MOM-v3
2026-09-29 14:01:33 | INFO    | __main__ | walk-forward overrides in force: {'min_dev_above_vwap': 0.008, 'min_rsi': 70, 'min_rvol': 2.0, 'stop_pct_floor': 0.012}
2026-09-29 14:01:34 | INFO    | __main__ | equity Rs1,003,817 | open 0 | pending 0 | closed 4 | WR 100.0% | PF None | friction Rs966
2026-09-29 14:15:52 | INFO    | __main__ | ================================================================
2026-09-29 14:15:52 | INFO    | __main__ | Scan | 2026-09-29 14:15 IST
2026-09-29 14:16:32 | INFO    | data.fetcher | Fetched 15min data for 212/212 tickers
2026-09-29 14:16:32 | INFO    | __main__ | SIZING: 0.400% of equity (Rs4,015 risk per trade)
2026-09-29 14:16:32 | INFO    | __main__ |   base 0.40%
2026-09-29 14:16:32 | INFO    | __main__ |   performance x1.0: n=4, too few trades to infer anything - base size
2026-09-29 14:16:32 | INFO    | __main__ |   drawdown    x1.0: at high-water mark
2026-09-29 14:16:32 | INFO    | __main__ | strategy: MOM-v3
2026-09-29 14:16:32 | INFO    | __main__ | walk-forward overrides in force: {'min_dev_above_vwap': 0.008, 'min_rsi': 70, 'min_rvol': 2.0, 'stop_pct_floor': 0.012}
2026-09-29 14:16:32 | INFO    | __main__ | equity Rs1,003,817 | open 0 | pending 0 | closed 4 | WR 100.0% | PF None | friction Rs966
2026-09-29 14:31:17 | INFO    | __main__ | ================================================================
2026-09-29 14:31:17 | INFO    | __main__ | Scan | 2026-09-29 14:31 IST
2026-09-29 14:31:46 | INFO    | data.fetcher | Fetched 15min data for 212/212 tickers
2026-09-29 14:31:46 | INFO    | __main__ | SIZING: 0.400% of equity (Rs4,015 risk per trade)
2026-09-29 14:31:46 | INFO    | __main__ |   base 0.40%
2026-09-29 14:31:46 | INFO    | __main__ |   performance x1.0: n=4, too few trades to infer anything - base size
2026-09-29 14:31:46 | INFO    | __main__ |   drawdown    x1.0: at high-water mark
2026-09-29 14:31:46 | INFO    | __main__ | strategy: MOM-v3
2026-09-29 14:31:46 | INFO    | __main__ | walk-forward overrides in force: {'min_dev_above_vwap': 0.008, 'min_rsi': 70, 'min_rvol': 2.0, 'stop_pct_floor': 0.012}
2026-09-29 14:31:46 | INFO    | __main__ | equity Rs1,003,817 | open 0 | pending 0 | closed 4 | WR 100.0% | PF None | friction Rs966
2026-09-29 14:45:45 | INFO    | __main__ | ================================================================
2026-09-29 14:45:45 | INFO    | __main__ | Scan | 2026-09-29 14:45 IST
2026-09-29 14:46:13 | INFO    | data.fetcher | Fetched 15min data for 212/212 tickers
2026-09-29 14:46:13 | INFO    | __main__ | SIZING: 0.400% of equity (Rs4,015 risk per trade)
2026-09-29 14:46:13 | INFO    | __main__ |   base 0.40%
2026-09-29 14:46:13 | INFO    | __main__ |   performance x1.0: n=4, too few trades to infer anything - base size
2026-09-29 14:46:13 | INFO    | __main__ |   drawdown    x1.0: at high-water mark
2026-09-29 14:46:13 | INFO    | __main__ | strategy: MOM-v3
2026-09-29 14:46:13 | INFO    | __main__ | walk-forward overrides in force: {'min_dev_above_vwap': 0.008, 'min_rsi': 70, 'min_rvol': 2.0, 'stop_pct_floor': 0.012}
2026-09-29 14:46:13 | INFO    | __main__ | equity Rs1,003,817 | open 0 | pending 0 | closed 4 | WR 100.0% | PF None | friction Rs966
2026-09-29 15:01:07 | INFO    | __main__ | ================================================================
2026-09-29 15:01:07 | INFO    | __main__ | Scan | 2026-09-29 15:01 IST
2026-09-29 15:01:38 | INFO    | data.fetcher | Fetched 15min data for 212/212 tickers
2026-09-29 15:01:38 | INFO    | __main__ | SIZING: 0.400% of equity (Rs4,015 risk per trade)
2026-09-29 15:01:38 | INFO    | __main__ |   base 0.40%
2026-09-29 15:01:38 | INFO    | __main__ |   performance x1.0: n=4, too few trades to infer anything - base size
2026-09-29 15:01:38 | INFO    | __main__ |   drawdown    x1.0: at high-water mark
2026-09-29 15:01:38 | INFO    | __main__ | strategy: MOM-v3
2026-09-29 15:01:38 | INFO    | __main__ | walk-forward overrides in force: {'min_dev_above_vwap': 0.008, 'min_rsi': 70, 'min_rvol': 2.0, 'stop_pct_floor': 0.012}
2026-09-29 15:01:38 | INFO    | __main__ | equity Rs1,003,817 | open 0 | pending 0 | closed 4 | WR 100.0% | PF None | friction Rs966
2026-09-29 15:13:11 | INFO    | __main__ | ================================================================
2026-09-29 15:13:11 | INFO    | __main__ | Scan | 2026-09-29 15:13 IST
2026-09-29 15:13:40 | INFO    | data.fetcher | Fetched 15min data for 212/212 tickers
2026-09-29 15:13:40 | INFO    | __main__ | EOD: {'equity': 1003817.41, 'cash': 1003817.41, 'open_positions': 0, 'pending_orders': 0, 'closed_trades': 4, 'win_rate_pct': 100.0, 'profit_factor': None, 'total_friction': 965.86, 'total_pnl': 3817.41, 'return_pct': 0.38}
2026-09-29 15:15:49 | INFO    | __main__ | ================================================================
2026-09-29 15:15:49 | INFO    | __main__ | Scan | 2026-09-29 15:15 IST
2026-09-29 15:16:19 | INFO    | data.fetcher | Fetched 15min data for 212/212 tickers
2026-09-29 15:16:19 | INFO    | __main__ | EOD: {'equity': 1003817.41, 'cash': 1003817.41, 'open_positions': 0, 'pending_orders': 0, 'closed_trades': 4, 'win_rate_pct': 100.0, 'profit_factor': None, 'total_friction': 965.86, 'total_pnl': 3817.41, 'return_pct': 0.38}
2026-09-29 15:31:23 | INFO    | __main__ | ================================================================
2026-09-29 15:31:23 | INFO    | __main__ | Scan | 2026-09-29 15:31 IST
2026-09-29 15:31:23 | INFO    | __main__ | outside NSE hours
2026-09-29 15:45:49 | INFO    | __main__ | ================================================================
2026-09-29 15:45:49 | INFO    | __main__ | Scan | 2026-09-29 15:45 IST
2026-09-29 15:45:49 | INFO    | __main__ | outside NSE hours
2026-09-29 16:01:06 | INFO    | __main__ | ================================================================
2026-09-29 16:01:06 | INFO    | __main__ | Scan | 2026-09-29 16:01 IST
2026-09-29 16:01:06 | INFO    | __main__ | outside NSE hours
2026-09-29 16:15:52 | INFO    | __main__ | ================================================================
2026-09-29 16:15:52 | INFO    | __main__ | Scan | 2026-09-29 16:15 IST
2026-09-29 16:15:52 | INFO    | __main__ | outside NSE hours
2026-09-29 21:39:44 | INFO    | __main__ | ================================================================
2026-09-29 21:39:44 | INFO    | __main__ | Scan | 2026-09-29 21:39 IST
2026-09-29 21:39:44 | INFO    | __main__ | outside NSE hours
2026-09-30 08:31:16 | INFO    | __main__ | ================================================================
2026-09-30 08:31:16 | INFO    | __main__ | Scan | 2026-09-30 08:31 IST
2026-09-30 08:31:16 | INFO    | __main__ | outside NSE hours
2026-09-30 08:45:45 | INFO    | __main__ | ================================================================
2026-09-30 08:45:45 | INFO    | __main__ | Scan | 2026-09-30 08:45 IST
2026-09-30 08:45:45 | INFO    | __main__ | outside NSE hours
2026-09-30 09:01:05 | INFO    | __main__ | ================================================================
2026-09-30 09:01:05 | INFO    | __main__ | Scan | 2026-09-30 09:01 IST
2026-09-30 09:01:05 | INFO    | __main__ | outside NSE hours
2026-09-30 09:15:48 | INFO    | __main__ | ================================================================
2026-09-30 09:15:48 | INFO    | __main__ | Scan | 2026-09-30 09:15 IST
2026-09-30 09:16:17 | INFO    | data.fetcher | Fetched 15min data for 212/212 tickers
2026-09-30 09:16:17 | INFO    | __main__ | SIZING: 0.400% of equity (Rs4,015 risk per trade)
2026-09-30 09:16:17 | INFO    | __main__ |   base 0.40%
2026-09-30 09:16:17 | INFO    | __main__ |   performance x1.0: n=4, too few trades to infer anything - base size
2026-09-30 09:16:17 | INFO    | __main__ |   drawdown    x1.0: at high-water mark
2026-09-30 09:16:17 | INFO    | __main__ | strategy: MOM-v3
2026-09-30 09:16:17 | INFO    | __main__ | walk-forward overrides in force: {'min_dev_above_vwap': 0.008, 'min_rsi': 70, 'min_rvol': 2.0, 'stop_pct_floor': 0.012}
2026-09-30 09:16:17 | INFO    | strategies.momentum_v3 | REGIME GATE CLOSED: insufficient index bars - no entries this scan
2026-09-30 09:16:17 | INFO    | __main__ | equity Rs1,003,817 | open 0 | pending 0 | closed 4 | WR 100.0% | PF None | friction Rs966
2026-09-30 09:31:14 | INFO    | __main__ | ================================================================
2026-09-30 09:31:14 | INFO    | __main__ | Scan | 2026-09-30 09:31 IST
2026-09-30 09:31:58 | INFO    | data.fetcher | Fetched 15min data for 212/212 tickers
2026-09-30 09:31:58 | INFO    | __main__ | SIZING: 0.400% of equity (Rs4,015 risk per trade)
2026-09-30 09:31:58 | INFO    | __main__ |   base 0.40%
2026-09-30 09:31:58 | INFO    | __main__ |   performance x1.0: n=4, too few trades to infer anything - base size
2026-09-30 09:31:58 | INFO    | __main__ |   drawdown    x1.0: at high-water mark
2026-09-30 09:31:58 | INFO    | __main__ | strategy: MOM-v3
2026-09-30 09:31:58 | INFO    | __main__ | walk-forward overrides in force: {'min_dev_above_vwap': 0.008, 'min_rsi': 70, 'min_rvol': 2.0, 'stop_pct_floor': 0.012}
2026-09-30 09:31:58 | INFO    | strategies.momentum_v3 | REGIME GATE CLOSED: insufficient index bars - no entries this scan
2026-09-30 09:31:58 | INFO    | __main__ | equity Rs1,003,817 | open 0 | pending 0 | closed 4 | WR 100.0% | PF None | friction Rs966
2026-09-30 09:45:48 | INFO    | __main__ | ================================================================
2026-09-30 09:45:48 | INFO    | __main__ | Scan | 2026-09-30 09:45 IST
2026-09-30 09:46:16 | INFO    | data.fetcher | Fetched 15min data for 212/212 tickers
2026-09-30 09:46:16 | INFO    | __main__ | SIZING: 0.400% of equity (Rs4,015 risk per trade)
2026-09-30 09:46:16 | INFO    | __main__ |   base 0.40%
2026-09-30 09:46:16 | INFO    | __main__ |   performance x1.0: n=4, too few trades to infer anything - base size
2026-09-30 09:46:16 | INFO    | __main__ |   drawdown    x1.0: at high-water mark
2026-09-30 09:46:16 | INFO    | __main__ | strategy: MOM-v3
2026-09-30 09:46:16 | INFO    | __main__ | walk-forward overrides in force: {'min_dev_above_vwap': 0.008, 'min_rsi': 70, 'min_rvol': 2.0, 'stop_pct_floor': 0.012}
2026-09-30 09:46:16 | INFO    | __main__ | equity Rs1,003,817 | open 0 | pending 0 | closed 4 | WR 100.0% | PF None | friction Rs966
2026-09-30 10:01:07 | INFO    | __main__ | ================================================================
2026-09-30 10:01:07 | INFO    | __main__ | Scan | 2026-09-30 10:01 IST
2026-09-30 10:01:39 | INFO    | data.fetcher | Fetched 15min data for 212/212 tickers
2026-09-30 10:01:39 | INFO    | __main__ | SIZING: 0.400% of equity (Rs4,015 risk per trade)
2026-09-30 10:01:39 | INFO    | __main__ |   base 0.40%
2026-09-30 10:01:39 | INFO    | __main__ |   performance x1.0: n=4, too few trades to infer anything - base size
2026-09-30 10:01:39 | INFO    | __main__ |   drawdown    x1.0: at high-water mark
2026-09-30 10:01:39 | INFO    | __main__ | strategy: MOM-v3
2026-09-30 10:01:39 | INFO    | __main__ | walk-forward overrides in force: {'min_dev_above_vwap': 0.008, 'min_rsi': 70, 'min_rvol': 2.0, 'stop_pct_floor': 0.012}
2026-09-30 10:01:39 | INFO    | __main__ | equity Rs1,003,817 | open 0 | pending 0 | closed 4 | WR 100.0% | PF None | friction Rs966
2026-09-30 10:15:54 | INFO    | __main__ | ================================================================
2026-09-30 10:15:54 | INFO    | __main__ | Scan | 2026-09-30 10:15 IST
2026-09-30 10:16:27 | INFO    | data.fetcher | Fetched 15min data for 212/212 tickers
2026-09-30 10:16:27 | INFO    | __main__ | SIZING: 0.400% of equity (Rs4,015 risk per trade)
2026-09-30 10:16:27 | INFO    | __main__ |   base 0.40%
2026-09-30 10:16:27 | INFO    | __main__ |   performance x1.0: n=4, too few trades to infer anything - base size
2026-09-30 10:16:27 | INFO    | __main__ |   drawdown    x1.0: at high-water mark
2026-09-30 10:16:27 | INFO    | __main__ | strategy: MOM-v3
2026-09-30 10:16:27 | INFO    | __main__ | walk-forward overrides in force: {'min_dev_above_vwap': 0.008, 'min_rsi': 70, 'min_rvol': 2.0, 'stop_pct_floor': 0.012}
2026-09-30 10:16:28 | INFO    | engine.paper_trader_v2 | ORDER SUNTV.NS market buy at next open (ref Rs600.4, SL 1.375%, RSI 90.2, rvol 33.07)
2026-09-30 10:16:28 | INFO    | engine.paper_trader_v2 | ORDER CUB.NS market buy at next open (ref Rs220.99, SL 1.2%, RSI 74.2, rvol 2.26)
2026-09-30 10:16:28 | INFO    | engine.paper_trader_v2 | ORDER INFY.NS market buy at next open (ref Rs1022.1, SL 1.2%, RSI 76.0, rvol 2.17)
2026-09-30 10:16:28 | INFO    | engine.paper_trader_v2 | FILLED SUNTV.NS @ Rs600.7000122070312 | qty=486 notional=Rs291,940 friction=Rs326
2026-09-30 10:16:28 | INFO    | engine.paper_trader_v2 | FILLED CUB.NS @ Rs221.60000610351562 | qty=1509 notional=Rs334,394 friction=Rs366
2026-09-30 10:16:28 | INFO    | engine.paper_trader_v2 | FILLED INFY.NS @ Rs1022.2000122070312 | qty=327 notional=Rs334,259 friction=Rs366
2026-09-30 10:16:29 | INFO    | __main__ | equity Rs1,003,817 | open 3 | pending 0 | closed 4 | WR 100.0% | PF None | friction Rs966
2026-09-30 10:31:14 | INFO    | __main__ | ================================================================
2026-09-30 10:31:14 | INFO    | __main__ | Scan | 2026-09-30 10:31 IST
2026-09-30 10:31:42 | INFO    | data.fetcher | Fetched 15min data for 212/212 tickers
2026-09-30 10:31:42 | INFO    | __main__ | SIZING: 0.400% of equity (Rs4,027 risk per trade)
2026-09-30 10:31:42 | INFO    | __main__ |   base 0.40%
2026-09-30 10:31:42 | INFO    | __main__ |   performance x1.0: n=4, too few trades to infer anything - base size
2026-09-30 10:31:42 | INFO    | __main__ |   drawdown    x1.0: at high-water mark
2026-09-30 10:31:42 | INFO    | __main__ | strategy: MOM-v3
2026-09-30 10:31:42 | INFO    | __main__ | walk-forward overrides in force: {'min_dev_above_vwap': 0.008, 'min_rsi': 70, 'min_rvol': 2.0, 'stop_pct_floor': 0.012}
2026-09-30 10:31:43 | INFO    | engine.paper_trader_v2 | ORDER REJECTED SUNTV.NS: already holding this name
2026-09-30 10:31:43 | INFO    | engine.paper_trader_v2 | ORDER REJECTED CYIENT.NS: at max concurrent positions (3)
2026-09-30 10:31:43 | INFO    | engine.paper_trader_v2 | ORDER REJECTED TATATECH.NS: at max concurrent positions (3)
2026-09-30 10:31:43 | INFO    | engine.paper_trader_v2 | ORDER REJECTED CUB.NS: already holding this name
2026-09-30 10:31:43 | INFO    | __main__ | equity Rs1,006,767 | open 3 | pending 0 | closed 4 | WR 100.0% | PF None | friction Rs966
2026-09-30 10:45:53 | INFO    | __main__ | ================================================================
2026-09-30 10:45:53 | INFO    | __main__ | Scan | 2026-09-30 10:45 IST
2026-09-30 10:46:25 | INFO    | data.fetcher | Fetched 15min data for 212/212 tickers
2026-09-30 10:46:25 | INFO    | engine.paper_trader_v2 | EXIT CUB.NS 1509@Rs223.64 | P&L Rs+2,709 (+0.68R) | friction Rs369 | t1_vwap
2026-09-30 10:46:25 | INFO    | engine.paper_trader_v2 | T1 CUB.NS - half out at VWAP, stop to Rs222.24 (a real breakeven, not v1's entry+0.1R which locked in -0.17R)
2026-09-30 10:46:26 | INFO    | __main__ | SIZING: 0.400% of equity (Rs4,015 risk per trade)
2026-09-30 10:46:26 | INFO    | __main__ |   base 0.40%
2026-09-30 10:46:26 | INFO    | __main__ |   performance x1.0: n=5, too few trades to infer anything - base size
2026-09-30 10:46:26 | INFO    | __main__ |   drawdown    x1.0: drawdown 0.3% - within normal range
2026-09-30 10:46:26 | INFO    | __main__ | strategy: MOM-v3
2026-09-30 10:46:26 | INFO    | __main__ | walk-forward overrides in force: {'min_dev_above_vwap': 0.008, 'min_rsi': 70, 'min_rvol': 2.0, 'stop_pct_floor': 0.012}
2026-09-30 10:46:27 | INFO    | engine.paper_trader_v2 | ORDER REJECTED SUNTV.NS: already holding this name
2026-09-30 10:46:27 | INFO    | engine.paper_trader_v2 | ORDER REJECTED CYIENT.NS: already hold 1 position(s) in IT
2026-09-30 10:46:27 | INFO    | engine.paper_trader_v2 | ORDER CUB.NS market buy at next open (ref Rs224.96, SL 1.2%, RSI 81.9, rvol 6.3)
2026-09-30 10:46:27 | INFO    | engine.paper_trader_v2 | FILLED CUB.NS @ Rs225.10000610351562 | qty=1487 notional=Rs334,724 friction=Rs367
2026-09-30 10:46:27 | INFO    | __main__ | equity Rs1,003,273 | open 3 | pending 0 | closed 5 | WR 100.0% | PF None | friction Rs1,335
2026-09-30 11:01:02 | INFO    | __main__ | ================================================================
2026-09-30 11:01:02 | INFO    | __main__ | Scan | 2026-09-30 11:01 IST
2026-09-30 11:01:30 | INFO    | data.fetcher | Fetched 15min data for 212/212 tickers
2026-09-30 11:01:30 | INFO    | __main__ | SIZING: 0.400% of equity (Rs4,028 risk per trade)
2026-09-30 11:01:30 | INFO    | __main__ |   base 0.40%
2026-09-30 11:01:30 | INFO    | __main__ |   performance x1.0: n=5, too few trades to infer anything - base size
2026-09-30 11:01:30 | INFO    | __main__ |   drawdown    x1.0: at high-water mark
2026-09-30 11:01:30 | INFO    | __main__ | strategy: MOM-v3
2026-09-30 11:01:30 | INFO    | __main__ | walk-forward overrides in force: {'min_dev_above_vwap': 0.008, 'min_rsi': 70, 'min_rvol': 2.0, 'stop_pct_floor': 0.012}
2026-09-30 11:01:31 | INFO    | engine.paper_trader_v2 | ORDER REJECTED CYIENT.NS: at max concurrent positions (3)
2026-09-30 11:01:31 | INFO    | engine.paper_trader_v2 | ORDER REJECTED CUB.NS: already holding this name
2026-09-30 11:01:31 | INFO    | engine.paper_trader_v2 | ORDER REJECTED SUNTV.NS: already holding this name
2026-09-30 11:01:31 | INFO    | __main__ | equity Rs1,007,012 | open 3 | pending 0 | closed 5 | WR 100.0% | PF None | friction Rs1,335
2026-09-30 11:15:50 | INFO    | __main__ | ================================================================
2026-09-30 11:15:50 | INFO    | __main__ | Scan | 2026-09-30 11:15 IST
2026-09-30 11:16:23 | INFO    | data.fetcher | Fetched 15min data for 212/212 tickers
2026-09-30 11:16:23 | INFO    | engine.paper_trader_v2 | THESIS EXIT INFY.NS - vwap_reclaim at ~Rs1010.40
2026-09-30 11:16:23 | INFO    | engine.paper_trader_v2 | EXIT INFY.NS 327@Rs1010.4000244140625 | P&L Rs-4,222 (-1.05R) | friction Rs363 | vwap_reclaim
2026-09-30 11:16:23 | INFO    | __main__ | SIZING: 0.400% of equity (Rs4,024 risk per trade)
2026-09-30 11:16:23 | INFO    | __main__ |   base 0.40%
2026-09-30 11:16:23 | INFO    | __main__ |   performance x1.0: n=6, too few trades to infer anything - base size
2026-09-30 11:16:23 | INFO    | __main__ |   drawdown    x1.0: drawdown 0.1% - within normal range
2026-09-30 11:16:23 | INFO    | __main__ | strategy: MOM-v3
2026-09-30 11:16:23 | INFO    | __main__ | walk-forward overrides in force: {'min_dev_above_vwap': 0.008, 'min_rsi': 70, 'min_rvol': 2.0, 'stop_pct_floor': 0.012}
2026-09-30 11:16:24 | INFO    | engine.paper_trader_v2 | ORDER CYIENT.NS market buy at next open (ref Rs1127.6, SL 1.2%, RSI 75.6, rvol 17.49)
2026-09-30 11:16:24 | INFO    | engine.paper_trader_v2 | ORDER REJECTED CUB.NS: already holding this name
2026-09-30 11:16:24 | INFO    | engine.paper_trader_v2 | ORDER REJECTED SUNTV.NS: already holding this name
2026-09-30 11:16:24 | INFO    | engine.paper_trader_v2 | ORDER SYRMA.NS market buy at next open (ref Rs1767.0, SL 1.2%, RSI 74.5, rvol 2.93)
2026-09-30 11:16:24 | INFO    | engine.paper_trader_v2 | FILLED CYIENT.NS @ Rs1127.5 | qty=297 notional=Rs334,868 friction=Rs367
2026-09-30 11:16:24 | INFO    | engine.paper_trader_v2 | FILLED SYRMA.NS @ Rs1766.9000244140625 | qty=189 notional=Rs333,944 friction=Rs366
2026-09-30 11:16:25 | INFO    | __main__ | equity Rs1,006,005 | open 4 | pending 0 | closed 6 | WR 83.3% | PF 1.55 | friction Rs1,698
2026-09-30 11:31:15 | INFO    | __main__ | ================================================================
2026-09-30 11:31:15 | INFO    | __main__ | Scan | 2026-09-30 11:31 IST
2026-09-30 11:31:43 | INFO    | data.fetcher | Fetched 15min data for 212/212 tickers
2026-09-30 11:31:43 | INFO    | engine.paper_trader_v2 | EXIT SUNTV.NS 486@Rs607.6 | P&L Rs+3,025 (+0.75R) | friction Rs329 | t1_vwap
2026-09-30 11:31:43 | INFO    | engine.paper_trader_v2 | T1 SUNTV.NS - half out at VWAP, stop to Rs602.61 (a real breakeven, not v1's entry+0.1R which locked in -0.17R)
2026-09-30 11:31:43 | INFO    | __main__ | SIZING: 0.400% of equity (Rs4,023 risk per trade)
2026-09-30 11:31:43 | INFO    | __main__ |   base 0.40%
2026-09-30 11:31:43 | INFO    | __main__ |   performance x1.0: n=7, too few trades to infer anything - base size
2026-09-30 11:31:43 | INFO    | __main__ |   drawdown    x1.0: drawdown 0.1% - within normal range
2026-09-30 11:31:43 | INFO    | __main__ | strategy: MOM-v3
2026-09-30 11:31:43 | INFO    | __main__ | walk-forward overrides in force: {'min_dev_above_vwap': 0.008, 'min_rsi': 70, 'min_rvol': 2.0, 'stop_pct_floor': 0.012}
2026-09-30 11:31:45 | INFO    | engine.paper_trader_v2 | ORDER REJECTED CYIENT.NS: already holding this name
2026-09-30 11:31:45 | INFO    | engine.paper_trader_v2 | ORDER REJECTED SUNTV.NS: at max concurrent positions (3)
2026-09-30 11:31:45 | INFO    | engine.paper_trader_v2 | ORDER REJECTED SYRMA.NS: already holding this name
2026-09-30 11:31:45 | INFO    | __main__ | equity Rs1,005,663 | open 3 | pending 0 | closed 7 | WR 85.7% | PF 2.26 | friction Rs2,027
2026-09-30 11:45:53 | INFO    | __main__ | ================================================================
2026-09-30 11:45:53 | INFO    | __main__ | Scan | 2026-09-30 11:45 IST
2026-09-30 11:46:25 | INFO    | data.fetcher | Fetched 15min data for 212/212 tickers
2026-09-30 11:46:25 | INFO    | engine.paper_trader_v2 | EXIT CUB.NS 1487@Rs227.66 | P&L Rs+3,437 (+0.86R) | friction Rs370 | t1_vwap
2026-09-30 11:46:25 | INFO    | engine.paper_trader_v2 | T1 CUB.NS - half out at VWAP, stop to Rs225.75 (a real breakeven, not v1's entry+0.1R which locked in -0.17R)
2026-09-30 11:46:26 | INFO    | __main__ | SIZING: 0.400% of equity (Rs4,030 risk per trade)
2026-09-30 11:46:26 | INFO    | __main__ |   base 0.40%
2026-09-30 11:46:26 | INFO    | __main__ |   performance x1.0: n=8, too few trades to infer anything - base size
2026-09-30 11:46:26 | INFO    | __main__ |   drawdown    x1.0: at high-water mark
2026-09-30 11:46:26 | INFO    | __main__ | strategy: MOM-v3
2026-09-30 11:46:26 | INFO    | __main__ | walk-forward overrides in force: {'min_dev_above_vwap': 0.008, 'min_rsi': 70, 'min_rvol': 2.0, 'stop_pct_floor': 0.012}
2026-09-30 11:46:27 | INFO    | engine.paper_trader_v2 | ORDER REJECTED SUNTV.NS: at max entries per day (5)
2026-09-30 11:46:27 | INFO    | engine.paper_trader_v2 | ORDER REJECTED CUB.NS: max 2 entries per day for CUB.NS
2026-09-30 11:46:27 | INFO    | __main__ | equity Rs1,007,592 | open 2 | pending 0 | closed 8 | WR 87.5% | PF 3.08 | friction Rs2,396
2026-09-30 12:01:07 | INFO    | __main__ | ================================================================
2026-09-30 12:01:07 | INFO    | __main__ | Scan | 2026-09-30 12:01 IST
2026-09-30 12:01:38 | INFO    | data.fetcher | Fetched 15min data for 212/212 tickers
2026-09-30 12:01:38 | INFO    | __main__ | SIZING: 0.400% of equity (Rs4,035 risk per trade)
2026-09-30 12:01:38 | INFO    | __main__ |   base 0.40%
2026-09-30 12:01:38 | INFO    | __main__ |   performance x1.0: n=8, too few trades to infer anything - base size
2026-09-30 12:01:38 | INFO    | __main__ |   drawdown    x1.0: at high-water mark
2026-09-30 12:01:38 | INFO    | __main__ | strategy: MOM-v3
2026-09-30 12:01:38 | INFO    | __main__ | walk-forward overrides in force: {'min_dev_above_vwap': 0.008, 'min_rsi': 70, 'min_rvol': 2.0, 'stop_pct_floor': 0.012}
2026-09-30 12:01:39 | INFO    | engine.paper_trader_v2 | ORDER REJECTED RVNL.NS: at max entries per day (5)
2026-09-30 12:01:39 | INFO    | engine.paper_trader_v2 | ORDER REJECTED SUNTV.NS: at max entries per day (5)
2026-09-30 12:01:39 | INFO    | __main__ | equity Rs1,008,853 | open 2 | pending 0 | closed 8 | WR 87.5% | PF 3.08 | friction Rs2,396
2026-09-30 12:15:56 | INFO    | __main__ | ================================================================
2026-09-30 12:15:56 | INFO    | __main__ | Scan | 2026-09-30 12:15 IST
2026-09-30 12:16:28 | INFO    | data.fetcher | Fetched 15min data for 212/212 tickers
2026-09-30 12:16:29 | INFO    | __main__ | SIZING: 0.400% of equity (Rs4,030 risk per trade)
2026-09-30 12:16:29 | INFO    | __main__ |   base 0.40%
2026-09-30 12:16:29 | INFO    | __main__ |   performance x1.0: n=8, too few trades to infer anything - base size
2026-09-30 12:16:29 | INFO    | __main__ |   drawdown    x1.0: drawdown 0.1% - within normal range
2026-09-30 12:16:29 | INFO    | __main__ | strategy: MOM-v3
2026-09-30 12:16:29 | INFO    | __main__ | walk-forward overrides in force: {'min_dev_above_vwap': 0.008, 'min_rsi': 70, 'min_rvol': 2.0, 'stop_pct_floor': 0.012}
2026-09-30 12:16:30 | INFO    | engine.paper_trader_v2 | ORDER REJECTED SUNTV.NS: at max entries per day (5)
2026-09-30 12:16:30 | INFO    | __main__ | equity Rs1,007,587 | open 2 | pending 0 | closed 8 | WR 87.5% | PF 3.08 | friction Rs2,396
2026-09-30 12:31:18 | INFO    | __main__ | ================================================================
2026-09-30 12:31:18 | INFO    | __main__ | Scan | 2026-09-30 12:31 IST
2026-09-30 12:32:02 | INFO    | data.fetcher | Fetched 15min data for 212/212 tickers
2026-09-30 12:32:02 | INFO    | engine.paper_trader_v2 | THESIS EXIT CYIENT.NS - vwap_reclaim at ~Rs1118.50
2026-09-30 12:32:02 | INFO    | engine.paper_trader_v2 | EXIT CYIENT.NS 297@Rs1118.5 | P&L Rs-3,038 (-0.76R) | friction Rs365 | vwap_reclaim
2026-09-30 12:32:02 | INFO    | __main__ | SIZING: 0.400% of equity (Rs4,030 risk per trade)
2026-09-30 12:32:02 | INFO    | __main__ |   base 0.40%
2026-09-30 12:32:02 | INFO    | __main__ |   performance x1.0: n=9, too few trades to infer anything - base size
2026-09-30 12:32:02 | INFO    | __main__ |   drawdown    x1.0: drawdown 0.1% - within normal range
2026-09-30 12:32:02 | INFO    | __main__ | strategy: MOM-v3
2026-09-30 12:32:02 | INFO    | __main__ | walk-forward overrides in force: {'min_dev_above_vwap': 0.008, 'min_rsi': 70, 'min_rvol': 2.0, 'stop_pct_floor': 0.012}
2026-09-30 12:32:03 | INFO    | engine.paper_trader_v2 | ORDER REJECTED WHIRLPOOL.NS: at max entries per day (5)
2026-09-30 12:32:03 | INFO    | engine.paper_trader_v2 | ORDER REJECTED RVNL.NS: at max entries per day (5)
2026-09-30 12:32:03 | INFO    | __main__ | equity Rs1,007,468 | open 1 | pending 0 | closed 9 | WR 77.8% | PF 1.79 | friction Rs2,761
2026-09-30 12:45:51 | INFO    | __main__ | ================================================================
2026-09-30 12:45:51 | INFO    | __main__ | Scan | 2026-09-30 12:45 IST
2026-09-30 12:46:19 | INFO    | data.fetcher | Fetched 15min data for 212/212 tickers
2026-09-30 12:46:20 | INFO    | __main__ | SIZING: 0.400% of equity (Rs4,032 risk per trade)
2026-09-30 12:46:20 | INFO    | __main__ |   base 0.40%
2026-09-30 12:46:20 | INFO    | __main__ |   performance x1.0: n=9, too few trades to infer anything - base size
2026-09-30 12:46:20 | INFO    | __main__ |   drawdown    x1.0: drawdown 0.1% - within normal range
2026-09-30 12:46:20 | INFO    | __main__ | strategy: MOM-v3
2026-09-30 12:46:20 | INFO    | __main__ | walk-forward overrides in force: {'min_dev_above_vwap': 0.008, 'min_rsi': 70, 'min_rvol': 2.0, 'stop_pct_floor': 0.012}
2026-09-30 12:46:21 | INFO    | engine.paper_trader_v2 | ORDER REJECTED SYRMA.NS: already holding this name
2026-09-30 12:46:21 | INFO    | engine.paper_trader_v2 | ORDER REJECTED CUB.NS: max 2 entries per day for CUB.NS
2026-09-30 12:46:21 | INFO    | __main__ | equity Rs1,007,883 | open 1 | pending 0 | closed 9 | WR 77.8% | PF 1.79 | friction Rs2,761
2026-09-30 13:01:06 | INFO    | __main__ | ================================================================
2026-09-30 13:01:06 | INFO    | __main__ | Scan | 2026-09-30 13:01 IST
2026-09-30 13:02:04 | INFO    | data.fetcher | Fetched 15min data for 212/212 tickers
2026-09-30 13:02:04 | INFO    | __main__ | SIZING: 0.400% of equity (Rs4,036 risk per trade)
2026-09-30 13:02:04 | INFO    | __main__ |   base 0.40%
2026-09-30 13:02:04 | INFO    | __main__ |   performance x1.0: n=9, too few trades to infer anything - base size
2026-09-30 13:02:04 | INFO    | __main__ |   drawdown    x1.0: at high-water mark
2026-09-30 13:02:04 | INFO    | __main__ | strategy: MOM-v3
2026-09-30 13:02:04 | INFO    | __main__ | walk-forward overrides in force: {'min_dev_above_vwap': 0.008, 'min_rsi': 70, 'min_rvol': 2.0, 'stop_pct_floor': 0.012}
2026-09-30 13:02:05 | INFO    | engine.paper_trader_v2 | ORDER REJECTED SUNTV.NS: at max entries per day (5)
2026-09-30 13:02:05 | INFO    | __main__ | equity Rs1,009,055 | open 1 | pending 0 | closed 9 | WR 77.8% | PF 1.79 | friction Rs2,761
2026-09-30 13:15:50 | INFO    | __main__ | ================================================================
2026-09-30 13:15:50 | INFO    | __main__ | Scan | 2026-09-30 13:15 IST
2026-09-30 13:16:20 | INFO    | data.fetcher | Fetched 15min data for 212/212 tickers
2026-09-30 13:16:20 | INFO    | __main__ | SIZING: 0.400% of equity (Rs4,038 risk per trade)
2026-09-30 13:16:20 | INFO    | __main__ |   base 0.40%
2026-09-30 13:16:20 | INFO    | __main__ |   performance x1.0: n=9, too few trades to infer anything - base size
2026-09-30 13:16:20 | INFO    | __main__ |   drawdown    x1.0: at high-water mark
2026-09-30 13:16:20 | INFO    | __main__ | strategy: MOM-v3
2026-09-30 13:16:20 | INFO    | __main__ | walk-forward overrides in force: {'min_dev_above_vwap': 0.008, 'min_rsi': 70, 'min_rvol': 2.0, 'stop_pct_floor': 0.012}
2026-09-30 13:16:21 | INFO    | engine.paper_trader_v2 | ORDER REJECTED SUNTV.NS: at max entries per day (5)
2026-09-30 13:16:21 | INFO    | engine.paper_trader_v2 | ORDER REJECTED IGL.NS: at max entries per day (5)
2026-09-30 13:16:21 | INFO    | engine.paper_trader_v2 | ORDER REJECTED SYRMA.NS: already holding this name
2026-09-30 13:16:21 | INFO    | __main__ | equity Rs1,009,622 | open 1 | pending 0 | closed 9 | WR 77.8% | PF 1.79 | friction Rs2,761
2026-09-30 13:31:15 | INFO    | __main__ | ================================================================
2026-09-30 13:31:15 | INFO    | __main__ | Scan | 2026-09-30 13:31 IST
2026-09-30 13:31:57 | INFO    | data.fetcher | Fetched 15min data for 212/212 tickers
2026-09-30 13:31:57 | INFO    | engine.paper_trader_v2 | EXIT SYRMA.NS 189@Rs1788.2 | P&L Rs+3,656 (+0.91R) | friction Rs369 | t1_vwap
2026-09-30 13:31:57 | INFO    | engine.paper_trader_v2 | T1 SYRMA.NS - half out at VWAP, stop to Rs1772.02 (a real breakeven, not v1's entry+0.1R which locked in -0.17R)
2026-09-30 13:31:57 | INFO    | __main__ | SIZING: 0.480% of equity (Rs4,845 risk per trade)
2026-09-30 13:31:57 | INFO    | __main__ |   base 0.40%
2026-09-30 13:31:57 | INFO    | __main__ |   performance x1.2: n=10, observed expectancy shrunk to +0.152R vs prior +0.125R -> adding (1.20x)
2026-09-30 13:31:57 | INFO    | __main__ |   drawdown    x1.0: drawdown 0.0% - within normal range
2026-09-30 13:31:57 | INFO    | __main__ | strategy: MOM-v3
2026-09-30 13:31:57 | INFO    | __main__ | walk-forward overrides in force: {'min_dev_above_vwap': 0.008, 'min_rsi': 70, 'min_rvol': 2.0, 'stop_pct_floor': 0.012}
2026-09-30 13:31:58 | INFO    | engine.paper_trader_v2 | ORDER REJECTED SUNTV.NS: at max entries per day (5)
2026-09-30 13:31:58 | INFO    | engine.paper_trader_v2 | ORDER REJECTED SYRMA.NS: at max entries per day (5)
2026-09-30 13:31:58 | INFO    | __main__ | equity Rs1,009,385 | open 0 | pending 0 | closed 10 | WR 80.0% | PF 2.29 | friction Rs3,131
2026-09-30 13:45:56 | INFO    | __main__ | ================================================================
2026-09-30 13:45:56 | INFO    | __main__ | Scan | 2026-09-30 13:45 IST
2026-09-30 13:46:39 | INFO    | data.fetcher | Fetched 15min data for 212/212 tickers
2026-09-30 13:46:39 | INFO    | __main__ | SIZING: 0.480% of equity (Rs4,845 risk per trade)
2026-09-30 13:46:39 | INFO    | __main__ |   base 0.40%
2026-09-30 13:46:39 | INFO    | __main__ |   performance x1.2: n=10, observed expectancy shrunk to +0.152R vs prior +0.125R -> adding (1.20x)
2026-09-30 13:46:39 | INFO    | __main__ |   drawdown    x1.0: drawdown 0.0% - within normal range
2026-09-30 13:46:39 | INFO    | __main__ | strategy: MOM-v3
2026-09-30 13:46:39 | INFO    | __main__ | walk-forward overrides in force: {'min_dev_above_vwap': 0.008, 'min_rsi': 70, 'min_rvol': 2.0, 'stop_pct_floor': 0.012}
2026-09-30 13:46:39 | INFO    | __main__ | equity Rs1,009,385 | open 0 | pending 0 | closed 10 | WR 80.0% | PF 2.29 | friction Rs3,131
2026-09-30 14:01:10 | INFO    | __main__ | ================================================================
2026-09-30 14:01:10 | INFO    | __main__ | Scan | 2026-09-30 14:01 IST
2026-09-30 14:01:41 | INFO    | data.fetcher | Fetched 15min data for 212/212 tickers
2026-09-30 14:01:41 | INFO    | __main__ | SIZING: 0.480% of equity (Rs4,845 risk per trade)
2026-09-30 14:01:41 | INFO    | __main__ |   base 0.40%
2026-09-30 14:01:41 | INFO    | __main__ |   performance x1.2: n=10, observed expectancy shrunk to +0.152R vs prior +0.125R -> adding (1.20x)
2026-09-30 14:01:41 | INFO    | __main__ |   drawdown    x1.0: drawdown 0.0% - within normal range
2026-09-30 14:01:41 | INFO    | __main__ | strategy: MOM-v3
2026-09-30 14:01:41 | INFO    | __main__ | walk-forward overrides in force: {'min_dev_above_vwap': 0.008, 'min_rsi': 70, 'min_rvol': 2.0, 'stop_pct_floor': 0.012}
2026-09-30 14:01:41 | INFO    | __main__ | equity Rs1,009,385 | open 0 | pending 0 | closed 10 | WR 80.0% | PF 2.29 | friction Rs3,131
2026-09-30 14:15:51 | INFO    | __main__ | ================================================================
2026-09-30 14:15:51 | INFO    | __main__ | Scan | 2026-09-30 14:15 IST
2026-09-30 14:16:27 | INFO    | data.fetcher | Fetched 15min data for 212/212 tickers
2026-09-30 14:16:27 | INFO    | __main__ | SIZING: 0.480% of equity (Rs4,845 risk per trade)
2026-09-30 14:16:27 | INFO    | __main__ |   base 0.40%
2026-09-30 14:16:27 | INFO    | __main__ |   performance x1.2: n=10, observed expectancy shrunk to +0.152R vs prior +0.125R -> adding (1.20x)
2026-09-30 14:16:27 | INFO    | __main__ |   drawdown    x1.0: drawdown 0.0% - within normal range
2026-09-30 14:16:27 | INFO    | __main__ | strategy: MOM-v3
2026-09-30 14:16:27 | INFO    | __main__ | walk-forward overrides in force: {'min_dev_above_vwap': 0.008, 'min_rsi': 70, 'min_rvol': 2.0, 'stop_pct_floor': 0.012}
2026-09-30 14:16:27 | INFO    | __main__ | equity Rs1,009,385 | open 0 | pending 0 | closed 10 | WR 80.0% | PF 2.29 | friction Rs3,131
2026-09-30 14:31:18 | INFO    | __main__ | ================================================================
2026-09-30 14:31:18 | INFO    | __main__ | Scan | 2026-09-30 14:31 IST
2026-09-30 14:31:59 | INFO    | data.fetcher | Fetched 15min data for 212/212 tickers
2026-09-30 14:31:59 | INFO    | __main__ | SIZING: 0.480% of equity (Rs4,845 risk per trade)
2026-09-30 14:31:59 | INFO    | __main__ |   base 0.40%
2026-09-30 14:31:59 | INFO    | __main__ |   performance x1.2: n=10, observed expectancy shrunk to +0.152R vs prior +0.125R -> adding (1.20x)
2026-09-30 14:31:59 | INFO    | __main__ |   drawdown    x1.0: drawdown 0.0% - within normal range
2026-09-30 14:31:59 | INFO    | __main__ | strategy: MOM-v3
2026-09-30 14:31:59 | INFO    | __main__ | walk-forward overrides in force: {'min_dev_above_vwap': 0.008, 'min_rsi': 70, 'min_rvol': 2.0, 'stop_pct_floor': 0.012}
2026-09-30 14:32:00 | INFO    | __main__ | equity Rs1,009,385 | open 0 | pending 0 | closed 10 | WR 80.0% | PF 2.29 | friction Rs3,131
2026-09-30 14:45:48 | INFO    | __main__ | ================================================================
2026-09-30 14:45:48 | INFO    | __main__ | Scan | 2026-09-30 14:45 IST
2026-09-30 14:46:17 | INFO    | data.fetcher | Fetched 15min data for 212/212 tickers
2026-09-30 14:46:17 | INFO    | __main__ | SIZING: 0.480% of equity (Rs4,845 risk per trade)
2026-09-30 14:46:17 | INFO    | __main__ |   base 0.40%
2026-09-30 14:46:17 | INFO    | __main__ |   performance x1.2: n=10, observed expectancy shrunk to +0.152R vs prior +0.125R -> adding (1.20x)
2026-09-30 14:46:17 | INFO    | __main__ |   drawdown    x1.0: drawdown 0.0% - within normal range
2026-09-30 14:46:17 | INFO    | __main__ | strategy: MOM-v3
2026-09-30 14:46:17 | INFO    | __main__ | walk-forward overrides in force: {'min_dev_above_vwap': 0.008, 'min_rsi': 70, 'min_rvol': 2.0, 'stop_pct_floor': 0.012}
2026-09-30 14:46:17 | INFO    | __main__ | equity Rs1,009,385 | open 0 | pending 0 | closed 10 | WR 80.0% | PF 2.29 | friction Rs3,131
2026-09-30 15:01:01 | INFO    | __main__ | ================================================================
2026-09-30 15:01:01 | INFO    | __main__ | Scan | 2026-09-30 15:01 IST
2026-09-30 15:01:41 | INFO    | data.fetcher | Fetched 15min data for 212/212 tickers
2026-09-30 15:01:41 | INFO    | __main__ | SIZING: 0.480% of equity (Rs4,845 risk per trade)
2026-09-30 15:01:41 | INFO    | __main__ |   base 0.40%
2026-09-30 15:01:41 | INFO    | __main__ |   performance x1.2: n=10, observed expectancy shrunk to +0.152R vs prior +0.125R -> adding (1.20x)
2026-09-30 15:01:41 | INFO    | __main__ |   drawdown    x1.0: drawdown 0.0% - within normal range
2026-09-30 15:01:41 | INFO    | __main__ | strategy: MOM-v3
2026-09-30 15:01:41 | INFO    | __main__ | walk-forward overrides in force: {'min_dev_above_vwap': 0.008, 'min_rsi': 70, 'min_rvol': 2.0, 'stop_pct_floor': 0.012}
2026-09-30 15:01:41 | INFO    | __main__ | equity Rs1,009,385 | open 0 | pending 0 | closed 10 | WR 80.0% | PF 2.29 | friction Rs3,131
2026-09-30 15:05:07 | INFO    | __main__ | ================================================================
2026-09-30 15:05:07 | INFO    | __main__ | Scan | 2026-09-30 15:05 IST
2026-09-30 15:05:50 | INFO    | data.fetcher | Fetched 15min data for 212/212 tickers
2026-09-30 15:05:50 | INFO    | __main__ | EOD: {'equity': 1009385.3, 'cash': 1009385.3, 'open_positions': 0, 'pending_orders': 0, 'closed_trades': 10, 'win_rate_pct': 80.0, 'profit_factor': 2.29, 'total_friction': 3130.53, 'total_pnl': 9385.3, 'return_pct': 0.94}
2026-09-30 15:15:53 | INFO    | __main__ | ================================================================
2026-09-30 15:15:53 | INFO    | __main__ | Scan | 2026-09-30 15:15 IST
2026-09-30 15:16:25 | INFO    | data.fetcher | Fetched 15min data for 212/212 tickers
2026-09-30 15:16:25 | INFO    | __main__ | EOD: {'equity': 1009385.3, 'cash': 1009385.3, 'open_positions': 0, 'pending_orders': 0, 'closed_trades': 10, 'win_rate_pct': 80.0, 'profit_factor': 2.29, 'total_friction': 3130.53, 'total_pnl': 9385.3, 'return_pct': 0.94}
2026-09-30 15:31:18 | INFO    | __main__ | ================================================================
2026-09-30 15:31:18 | INFO    | __main__ | Scan | 2026-09-30 15:31 IST
2026-09-30 15:31:18 | INFO    | __main__ | outside NSE hours
2026-09-30 15:45:54 | INFO    | __main__ | ================================================================
2026-09-30 15:45:54 | INFO    | __main__ | Scan | 2026-09-30 15:45 IST
2026-09-30 15:45:54 | INFO    | __main__ | outside NSE hours
2026-09-30 16:01:12 | INFO    | __main__ | ================================================================
2026-09-30 16:01:12 | INFO    | __main__ | Scan | 2026-09-30 16:01 IST
2026-09-30 16:01:12 | INFO    | __main__ | outside NSE hours
2026-09-30 16:15:53 | INFO    | __main__ | ================================================================
2026-09-30 16:15:53 | INFO    | __main__ | Scan | 2026-09-30 16:15 IST
2026-09-30 16:15:53 | INFO    | __main__ | outside NSE hours
2026-09-30 21:34:04 | INFO    | __main__ | ================================================================
2026-09-30 21:34:04 | INFO    | __main__ | Scan | 2026-09-30 21:34 IST
2026-09-30 21:34:04 | INFO    | __main__ | outside NSE hours
2026-10-01 08:31:22 | INFO    | __main__ | ================================================================
2026-10-01 08:31:22 | INFO    | __main__ | Scan | 2026-10-01 08:31 IST
2026-10-01 08:31:22 | INFO    | __main__ | outside NSE hours
2026-10-01 08:45:51 | INFO    | __main__ | ================================================================
2026-10-01 08:45:51 | INFO    | __main__ | Scan | 2026-10-01 08:45 IST
2026-10-01 08:45:51 | INFO    | __main__ | outside NSE hours
2026-10-01 09:01:05 | INFO    | __main__ | ================================================================
2026-10-01 09:01:05 | INFO    | __main__ | Scan | 2026-10-01 09:01 IST
2026-10-01 09:01:05 | INFO    | __main__ | outside NSE hours
2026-10-01 09:16:24 | INFO    | __main__ | ================================================================
2026-10-01 09:16:24 | INFO    | __main__ | Scan | 2026-10-01 09:16 IST
2026-10-01 09:16:53 | INFO    | data.fetcher | Fetched 15min data for 212/212 tickers
2026-10-01 09:16:53 | INFO    | __main__ | SIZING: 0.480% of equity (Rs4,845 risk per trade)
2026-10-01 09:16:53 | INFO    | __main__ |   base 0.40%
2026-10-01 09:16:53 | INFO    | __main__ |   performance x1.2: n=10, observed expectancy shrunk to +0.152R vs prior +0.125R -> adding (1.20x)
2026-10-01 09:16:53 | INFO    | __main__ |   drawdown    x1.0: drawdown 0.0% - within normal range
2026-10-01 09:16:53 | INFO    | __main__ | strategy: MOM-v3
2026-10-01 09:16:53 | INFO    | __main__ | walk-forward overrides in force: {'min_dev_above_vwap': 0.008, 'min_rsi': 70, 'min_rvol': 2.0, 'stop_pct_floor': 0.012}
2026-10-01 09:16:53 | INFO    | strategies.momentum_v3 | REGIME GATE CLOSED: insufficient index bars - no entries this scan
2026-10-01 09:16:53 | INFO    | __main__ | equity Rs1,009,385 | open 0 | pending 0 | closed 10 | WR 80.0% | PF 2.29 | friction Rs3,131
2026-10-01 09:31:16 | INFO    | __main__ | ================================================================
2026-10-01 09:31:16 | INFO    | __main__ | Scan | 2026-10-01 09:31 IST
2026-10-01 09:31:59 | INFO    | data.fetcher | Fetched 15min data for 212/212 tickers
2026-10-01 09:31:59 | INFO    | __main__ | SIZING: 0.480% of equity (Rs4,845 risk per trade)
2026-10-01 09:31:59 | INFO    | __main__ |   base 0.40%
2026-10-01 09:31:59 | INFO    | __main__ |   performance x1.2: n=10, observed expectancy shrunk to +0.152R vs prior +0.125R -> adding (1.20x)
2026-10-01 09:31:59 | INFO    | __main__ |   drawdown    x1.0: drawdown 0.0% - within normal range
2026-10-01 09:31:59 | INFO    | __main__ | strategy: MOM-v3
2026-10-01 09:31:59 | INFO    | __main__ | walk-forward overrides in force: {'min_dev_above_vwap': 0.008, 'min_rsi': 70, 'min_rvol': 2.0, 'stop_pct_floor': 0.012}
2026-10-01 09:31:59 | INFO    | strategies.momentum_v3 | REGIME GATE CLOSED: insufficient index bars - no entries this scan
2026-10-01 09:31:59 | INFO    | __main__ | equity Rs1,009,385 | open 0 | pending 0 | closed 10 | WR 80.0% | PF 2.29 | friction Rs3,131
2026-10-01 09:45:53 | INFO    | __main__ | ================================================================
2026-10-01 09:45:53 | INFO    | __main__ | Scan | 2026-10-01 09:45 IST
2026-10-01 09:46:26 | INFO    | data.fetcher | Fetched 15min data for 212/212 tickers
2026-10-01 09:46:26 | INFO    | __main__ | SIZING: 0.480% of equity (Rs4,845 risk per trade)
2026-10-01 09:46:26 | INFO    | __main__ |   base 0.40%
2026-10-01 09:46:26 | INFO    | __main__ |   performance x1.2: n=10, observed expectancy shrunk to +0.152R vs prior +0.125R -> adding (1.20x)
2026-10-01 09:46:26 | INFO    | __main__ |   drawdown    x1.0: drawdown 0.0% - within normal range
2026-10-01 09:46:26 | INFO    | __main__ | strategy: MOM-v3
2026-10-01 09:46:26 | INFO    | __main__ | walk-forward overrides in force: {'min_dev_above_vwap': 0.008, 'min_rsi': 70, 'min_rvol': 2.0, 'stop_pct_floor': 0.012}
2026-10-01 09:46:26 | INFO    | __main__ | equity Rs1,009,385 | open 0 | pending 0 | closed 10 | WR 80.0% | PF 2.29 | friction Rs3,131
2026-10-01 10:01:03 | INFO    | __main__ | ================================================================
2026-10-01 10:01:03 | INFO    | __main__ | Scan | 2026-10-01 10:01 IST
2026-10-01 10:01:47 | INFO    | data.fetcher | Fetched 15min data for 212/212 tickers
2026-10-01 10:01:47 | INFO    | __main__ | SIZING: 0.480% of equity (Rs4,845 risk per trade)
2026-10-01 10:01:47 | INFO    | __main__ |   base 0.40%
2026-10-01 10:01:47 | INFO    | __main__ |   performance x1.2: n=10, observed expectancy shrunk to +0.152R vs prior +0.125R -> adding (1.20x)
2026-10-01 10:01:47 | INFO    | __main__ |   drawdown    x1.0: drawdown 0.0% - within normal range
2026-10-01 10:01:47 | INFO    | __main__ | strategy: MOM-v3
2026-10-01 10:01:47 | INFO    | __main__ | walk-forward overrides in force: {'min_dev_above_vwap': 0.008, 'min_rsi': 70, 'min_rvol': 2.0, 'stop_pct_floor': 0.012}
2026-10-01 10:01:47 | INFO    | __main__ | equity Rs1,009,385 | open 0 | pending 0 | closed 10 | WR 80.0% | PF 2.29 | friction Rs3,131
2026-10-01 10:15:46 | INFO    | __main__ | ================================================================
2026-10-01 10:15:46 | INFO    | __main__ | Scan | 2026-10-01 10:15 IST
2026-10-01 10:16:14 | INFO    | data.fetcher | Fetched 15min data for 212/212 tickers
2026-10-01 10:16:14 | INFO    | __main__ | SIZING: 0.480% of equity (Rs4,845 risk per trade)
2026-10-01 10:16:14 | INFO    | __main__ |   base 0.40%
2026-10-01 10:16:14 | INFO    | __main__ |   performance x1.2: n=10, observed expectancy shrunk to +0.152R vs prior +0.125R -> adding (1.20x)
2026-10-01 10:16:14 | INFO    | __main__ |   drawdown    x1.0: drawdown 0.0% - within normal range
2026-10-01 10:16:14 | INFO    | __main__ | strategy: MOM-v3
2026-10-01 10:16:14 | INFO    | __main__ | walk-forward overrides in force: {'min_dev_above_vwap': 0.008, 'min_rsi': 70, 'min_rvol': 2.0, 'stop_pct_floor': 0.012}
2026-10-01 10:16:15 | INFO    | __main__ | equity Rs1,009,385 | open 0 | pending 0 | closed 10 | WR 80.0% | PF 2.29 | friction Rs3,131
2026-10-01 10:31:14 | INFO    | __main__ | ================================================================
2026-10-01 10:31:14 | INFO    | __main__ | Scan | 2026-10-01 10:31 IST
2026-10-01 10:31:56 | INFO    | data.fetcher | Fetched 15min data for 212/212 tickers
2026-10-01 10:31:56 | INFO    | __main__ | SIZING: 0.480% of equity (Rs4,845 risk per trade)
2026-10-01 10:31:56 | INFO    | __main__ |   base 0.40%
2026-10-01 10:31:56 | INFO    | __main__ |   performance x1.2: n=10, observed expectancy shrunk to +0.152R vs prior +0.125R -> adding (1.20x)
2026-10-01 10:31:56 | INFO    | __main__ |   drawdown    x1.0: drawdown 0.0% - within normal range
2026-10-01 10:31:56 | INFO    | __main__ | strategy: MOM-v3
2026-10-01 10:31:56 | INFO    | __main__ | walk-forward overrides in force: {'min_dev_above_vwap': 0.008, 'min_rsi': 70, 'min_rvol': 2.0, 'stop_pct_floor': 0.012}
2026-10-01 10:31:57 | INFO    | __main__ | equity Rs1,009,385 | open 0 | pending 0 | closed 10 | WR 80.0% | PF 2.29 | friction Rs3,131
2026-10-01 10:45:58 | INFO    | __main__ | ================================================================
2026-10-01 10:45:58 | INFO    | __main__ | Scan | 2026-10-01 10:45 IST
2026-10-01 10:46:38 | INFO    | data.fetcher | Fetched 15min data for 212/212 tickers
2026-10-01 10:46:38 | INFO    | __main__ | SIZING: 0.480% of equity (Rs4,845 risk per trade)
2026-10-01 10:46:38 | INFO    | __main__ |   base 0.40%
2026-10-01 10:46:38 | INFO    | __main__ |   performance x1.2: n=10, observed expectancy shrunk to +0.152R vs prior +0.125R -> adding (1.20x)
2026-10-01 10:46:38 | INFO    | __main__ |   drawdown    x1.0: drawdown 0.0% - within normal range
2026-10-01 10:46:38 | INFO    | __main__ | strategy: MOM-v3
2026-10-01 10:46:38 | INFO    | __main__ | walk-forward overrides in force: {'min_dev_above_vwap': 0.008, 'min_rsi': 70, 'min_rvol': 2.0, 'stop_pct_floor': 0.012}
2026-10-01 10:46:39 | INFO    | engine.paper_trader_v2 | ORDER KOTAKBANK.NS market buy at next open (ref Rs434.25, SL 1.2%, RSI 81.1, rvol 4.93)
2026-10-01 10:46:39 | INFO    | engine.paper_trader_v2 | FILLED KOTAKBANK.NS @ Rs434.20001220703125 | qty=929 notional=Rs403,372 friction=Rs432
2026-10-01 10:46:39 | INFO    | __main__ | equity Rs1,009,385 | open 1 | pending 0 | closed 10 | WR 80.0% | PF 2.29 | friction Rs3,131
2026-10-01 11:01:02 | INFO    | __main__ | ================================================================
2026-10-01 11:01:02 | INFO    | __main__ | Scan | 2026-10-01 11:01 IST
2026-10-01 11:01:27 | INFO    | data.fetcher | Fetched 15min data for 212/212 tickers
2026-10-01 11:01:28 | INFO    | engine.paper_trader_v2 | THESIS EXIT KOTAKBANK.NS - vwap_reclaim at ~Rs429.50
2026-10-01 11:01:28 | INFO    | engine.paper_trader_v2 | EXIT KOTAKBANK.NS 929@Rs429.5 | P&L Rs-4,795 (-0.99R) | friction Rs429 | vwap_reclaim
2026-10-01 11:01:28 | INFO    | __main__ | SIZING: 0.426% of equity (Rs4,284 risk per trade)
2026-10-01 11:01:28 | INFO    | __main__ |   base 0.40%
2026-10-01 11:01:28 | INFO    | __main__ |   performance x1.066: n=11, observed expectancy shrunk to +0.133R vs prior +0.125R -> adding (1.07x)
2026-10-01 11:01:28 | INFO    | __main__ |   drawdown    x1.0: drawdown 0.5% - within normal range
2026-10-01 11:01:28 | INFO    | __main__ | strategy: MOM-v3
2026-10-01 11:01:28 | INFO    | __main__ | walk-forward overrides in force: {'min_dev_above_vwap': 0.008, 'min_rsi': 70, 'min_rvol': 2.0, 'stop_pct_floor': 0.012}
2026-10-01 11:01:29 | INFO    | engine.paper_trader_v2 | ORDER HDFCLIFE.NS market buy at next open (ref Rs533.7, SL 1.2%, RSI 79.0, rvol 2.87)
2026-10-01 11:01:29 | INFO    | engine.paper_trader_v2 | FILLED HDFCLIFE.NS @ Rs533.7999877929688 | qty=668 notional=Rs356,578 friction=Rs388
2026-10-01 11:01:29 | INFO    | __main__ | equity Rs1,004,590 | open 1 | pending 0 | closed 11 | WR 72.7% | PF 1.38 | friction Rs3,559
2026-10-01 11:15:54 | INFO    | __main__ | ================================================================
2026-10-01 11:15:54 | INFO    | __main__ | Scan | 2026-10-01 11:15 IST
2026-10-01 11:16:26 | INFO    | data.fetcher | Fetched 15min data for 212/212 tickers
2026-10-01 11:16:26 | INFO    | __main__ | SIZING: 0.426% of equity (Rs4,284 risk per trade)
2026-10-01 11:16:26 | INFO    | __main__ |   base 0.40%
2026-10-01 11:16:26 | INFO    | __main__ |   performance x1.066: n=11, observed expectancy shrunk to +0.133R vs prior +0.125R -> adding (1.07x)
2026-10-01 11:16:26 | INFO    | __main__ |   drawdown    x1.0: drawdown 0.5% - within normal range
2026-10-01 11:16:26 | INFO    | __main__ | strategy: MOM-v3
2026-10-01 11:16:26 | INFO    | __main__ | walk-forward overrides in force: {'min_dev_above_vwap': 0.008, 'min_rsi': 70, 'min_rvol': 2.0, 'stop_pct_floor': 0.012}
2026-10-01 11:16:27 | INFO    | __main__ | equity Rs1,004,423 | open 1 | pending 0 | closed 11 | WR 72.7% | PF 1.38 | friction Rs3,559
2026-10-01 11:31:24 | INFO    | __main__ | ================================================================
2026-10-01 11:31:24 | INFO    | __main__ | Scan | 2026-10-01 11:31 IST
2026-10-01 11:31:56 | INFO    | data.fetcher | Fetched 15min data for 212/212 tickers
2026-10-01 11:31:56 | INFO    | __main__ | SIZING: 0.426% of equity (Rs4,278 risk per trade)
2026-10-01 11:31:56 | INFO    | __main__ |   base 0.40%
2026-10-01 11:31:56 | INFO    | __main__ |   performance x1.066: n=11, observed expectancy shrunk to +0.133R vs prior +0.125R -> adding (1.07x)
2026-10-01 11:31:56 | INFO    | __main__ |   drawdown    x1.0: drawdown 0.7% - within normal range
2026-10-01 11:31:56 | INFO    | __main__ | strategy: MOM-v3
2026-10-01 11:31:56 | INFO    | __main__ | walk-forward overrides in force: {'min_dev_above_vwap': 0.008, 'min_rsi': 70, 'min_rvol': 2.0, 'stop_pct_floor': 0.012}
2026-10-01 11:31:57 | INFO    | __main__ | equity Rs1,003,054 | open 1 | pending 0 | closed 11 | WR 72.7% | PF 1.38 | friction Rs3,559
2026-10-01 11:45:44 | INFO    | __main__ | ================================================================
2026-10-01 11:45:44 | INFO    | __main__ | Scan | 2026-10-01 11:45 IST
2026-10-01 11:46:28 | INFO    | data.fetcher | Fetched 15min data for 212/212 tickers
2026-10-01 11:46:28 | INFO    | __main__ | SIZING: 0.426% of equity (Rs4,279 risk per trade)
2026-10-01 11:46:28 | INFO    | __main__ |   base 0.40%
2026-10-01 11:46:28 | INFO    | __main__ |   performance x1.066: n=11, observed expectancy shrunk to +0.133R vs prior +0.125R -> adding (1.07x)
2026-10-01 11:46:28 | INFO    | __main__ |   drawdown    x1.0: drawdown 0.6% - within normal range
2026-10-01 11:46:28 | INFO    | __main__ | strategy: MOM-v3
2026-10-01 11:46:28 | INFO    | __main__ | walk-forward overrides in force: {'min_dev_above_vwap': 0.008, 'min_rsi': 70, 'min_rvol': 2.0, 'stop_pct_floor': 0.012}
2026-10-01 11:46:28 | INFO    | __main__ | equity Rs1,003,354 | open 1 | pending 0 | closed 11 | WR 72.7% | PF 1.38 | friction Rs3,559
2026-10-01 12:01:00 | INFO    | __main__ | ================================================================
2026-10-01 12:01:00 | INFO    | __main__ | Scan | 2026-10-01 12:01 IST
2026-10-01 12:01:40 | INFO    | data.fetcher | Fetched 15min data for 212/212 tickers
2026-10-01 12:01:40 | INFO    | __main__ | SIZING: 0.426% of equity (Rs4,287 risk per trade)
2026-10-01 12:01:40 | INFO    | __main__ |   base 0.40%
2026-10-01 12:01:40 | INFO    | __main__ |   performance x1.066: n=11, observed expectancy shrunk to +0.133R vs prior +0.125R -> adding (1.07x)
2026-10-01 12:01:40 | INFO    | __main__ |   drawdown    x1.0: drawdown 0.4% - within normal range
2026-10-01 12:01:40 | INFO    | __main__ | strategy: MOM-v3
2026-10-01 12:01:40 | INFO    | __main__ | walk-forward overrides in force: {'min_dev_above_vwap': 0.008, 'min_rsi': 70, 'min_rvol': 2.0, 'stop_pct_floor': 0.012}
2026-10-01 12:01:41 | INFO    | __main__ | equity Rs1,005,191 | open 1 | pending 0 | closed 11 | WR 72.7% | PF 1.38 | friction Rs3,559
2026-10-01 12:15:48 | INFO    | __main__ | ================================================================
2026-10-01 12:15:48 | INFO    | __main__ | Scan | 2026-10-01 12:15 IST
2026-10-01 12:16:13 | INFO    | data.fetcher | Fetched 15min data for 212/212 tickers
2026-10-01 12:16:13 | INFO    | engine.paper_trader_v2 | THESIS EXIT HDFCLIFE.NS - vwap_reclaim at ~Rs530.15
2026-10-01 12:16:13 | INFO    | engine.paper_trader_v2 | EXIT HDFCLIFE.NS 668@Rs530.1500244140625 | P&L Rs-2,824 (-0.66R) | friction Rs386 | vwap_reclaim
2026-10-01 12:16:13 | INFO    | __main__ | SIZING: 0.386% of equity (Rs3,862 risk per trade)
2026-10-01 12:16:13 | INFO    | __main__ |   base 0.40%
2026-10-01 12:16:13 | INFO    | __main__ |   performance x0.964: n=12, observed expectancy shrunk to +0.120R vs prior +0.125R -> trimming (0.96x)
2026-10-01 12:16:13 | INFO    | __main__ |   drawdown    x1.0: drawdown 0.8% - within normal range
2026-10-01 12:16:13 | INFO    | __main__ | strategy: MOM-v3
2026-10-01 12:16:13 | INFO    | __main__ | walk-forward overrides in force: {'min_dev_above_vwap': 0.008, 'min_rsi': 70, 'min_rvol': 2.0, 'stop_pct_floor': 0.012}
2026-10-01 12:16:14 | INFO    | __main__ | equity Rs1,001,766 | open 0 | pending 0 | closed 12 | WR 66.7% | PF 1.12 | friction Rs3,945
2026-10-01 12:31:22 | INFO    | __main__ | ================================================================
2026-10-01 12:31:22 | INFO    | __main__ | Scan | 2026-10-01 12:31 IST
2026-10-01 12:31:51 | INFO    | data.fetcher | Fetched 15min data for 212/212 tickers
2026-10-01 12:31:51 | INFO    | __main__ | SIZING: 0.386% of equity (Rs3,862 risk per trade)
2026-10-01 12:31:51 | INFO    | __main__ |   base 0.40%
2026-10-01 12:31:51 | INFO    | __main__ |   performance x0.964: n=12, observed expectancy shrunk to +0.120R vs prior +0.125R -> trimming (0.96x)
2026-10-01 12:31:51 | INFO    | __main__ |   drawdown    x1.0: drawdown 0.8% - within normal range
2026-10-01 12:31:51 | INFO    | __main__ | strategy: MOM-v3
2026-10-01 12:31:51 | INFO    | __main__ | walk-forward overrides in force: {'min_dev_above_vwap': 0.008, 'min_rsi': 70, 'min_rvol': 2.0, 'stop_pct_floor': 0.012}
2026-10-01 12:31:53 | INFO    | __main__ | equity Rs1,001,766 | open 0 | pending 0 | closed 12 | WR 66.7% | PF 1.12 | friction Rs3,945
2026-10-01 12:45:51 | INFO    | __main__ | ================================================================
2026-10-01 12:45:51 | INFO    | __main__ | Scan | 2026-10-01 12:45 IST
2026-10-01 12:46:21 | INFO    | data.fetcher | Fetched 15min data for 212/212 tickers
2026-10-01 12:46:21 | INFO    | __main__ | SIZING: 0.386% of equity (Rs3,862 risk per trade)
2026-10-01 12:46:21 | INFO    | __main__ |   base 0.40%
2026-10-01 12:46:21 | INFO    | __main__ |   performance x0.964: n=12, observed expectancy shrunk to +0.120R vs prior +0.125R -> trimming (0.96x)
2026-10-01 12:46:21 | INFO    | __main__ |   drawdown    x1.0: drawdown 0.8% - within normal range
2026-10-01 12:46:21 | INFO    | __main__ | strategy: MOM-v3
2026-10-01 12:46:21 | INFO    | __main__ | walk-forward overrides in force: {'min_dev_above_vwap': 0.008, 'min_rsi': 70, 'min_rvol': 2.0, 'stop_pct_floor': 0.012}
2026-10-01 12:46:22 | INFO    | __main__ | equity Rs1,001,766 | open 0 | pending 0 | closed 12 | WR 66.7% | PF 1.12 | friction Rs3,945
2026-10-01 13:01:19 | INFO    | __main__ | ================================================================
2026-10-01 13:01:19 | INFO    | __main__ | Scan | 2026-10-01 13:01 IST
2026-10-01 13:01:50 | INFO    | data.fetcher | Fetched 15min data for 212/212 tickers
2026-10-01 13:01:50 | INFO    | __main__ | SIZING: 0.386% of equity (Rs3,862 risk per trade)
2026-10-01 13:01:50 | INFO    | __main__ |   base 0.40%
2026-10-01 13:01:50 | INFO    | __main__ |   performance x0.964: n=12, observed expectancy shrunk to +0.120R vs prior +0.125R -> trimming (0.96x)
2026-10-01 13:01:50 | INFO    | __main__ |   drawdown    x1.0: drawdown 0.8% - within normal range
2026-10-01 13:01:50 | INFO    | __main__ | strategy: MOM-v3
2026-10-01 13:01:50 | INFO    | __main__ | walk-forward overrides in force: {'min_dev_above_vwap': 0.008, 'min_rsi': 70, 'min_rvol': 2.0, 'stop_pct_floor': 0.012}
2026-10-01 13:01:52 | INFO    | engine.paper_trader_v2 | ORDER CUB.NS market buy at next open (ref Rs230.01, SL 1.2%, RSI 72.9, rvol 6.52)
2026-10-01 13:01:52 | INFO    | engine.paper_trader_v2 | FILLED CUB.NS @ Rs229.97000122070312 | qty=1399 notional=Rs321,728 friction=Rs354
2026-10-01 13:01:52 | INFO    | __main__ | equity Rs1,001,766 | open 1 | pending 0 | closed 12 | WR 66.7% | PF 1.12 | friction Rs3,945
2026-10-01 13:15:49 | INFO    | __main__ | ================================================================
2026-10-01 13:15:49 | INFO    | __main__ | Scan | 2026-10-01 13:15 IST
2026-10-01 13:16:33 | INFO    | data.fetcher | Fetched 15min data for 212/212 tickers
2026-10-01 13:16:33 | INFO    | __main__ | SIZING: 0.386% of equity (Rs3,862 risk per trade)
2026-10-01 13:16:33 | INFO    | __main__ |   base 0.40%
2026-10-01 13:16:33 | INFO    | __main__ |   performance x0.964: n=12, observed expectancy shrunk to +0.120R vs prior +0.125R -> trimming (0.96x)
2026-10-01 13:16:33 | INFO    | __main__ |   drawdown    x1.0: drawdown 0.8% - within normal range
2026-10-01 13:16:33 | INFO    | __main__ | strategy: MOM-v3
2026-10-01 13:16:33 | INFO    | __main__ | walk-forward overrides in force: {'min_dev_above_vwap': 0.008, 'min_rsi': 70, 'min_rvol': 2.0, 'stop_pct_floor': 0.012}
2026-10-01 13:16:34 | INFO    | engine.paper_trader_v2 | ORDER REJECTED CUB.NS: already holding this name
2026-10-01 13:16:34 | INFO    | __main__ | equity Rs1,001,808 | open 1 | pending 0 | closed 12 | WR 66.7% | PF 1.12 | friction Rs3,945
2026-10-01 13:31:16 | INFO    | __main__ | ================================================================
2026-10-01 13:31:16 | INFO    | __main__ | Scan | 2026-10-01 13:31 IST
2026-10-01 13:31:57 | INFO    | data.fetcher | Fetched 15min data for 212/212 tickers
2026-10-01 13:31:57 | INFO    | __main__ | SIZING: 0.386% of equity (Rs3,870 risk per trade)
2026-10-01 13:31:57 | INFO    | __main__ |   base 0.40%
2026-10-01 13:31:57 | INFO    | __main__ |   performance x0.964: n=12, observed expectancy shrunk to +0.120R vs prior +0.125R -> trimming (0.96x)
2026-10-01 13:31:57 | INFO    | __main__ |   drawdown    x1.0: drawdown 0.6% - within normal range
2026-10-01 13:31:57 | INFO    | __main__ | strategy: MOM-v3
2026-10-01 13:31:57 | INFO    | __main__ | walk-forward overrides in force: {'min_dev_above_vwap': 0.008, 'min_rsi': 70, 'min_rvol': 2.0, 'stop_pct_floor': 0.012}
2026-10-01 13:31:58 | INFO    | engine.paper_trader_v2 | ORDER REJECTED CUB.NS: already holding this name
2026-10-01 13:31:58 | INFO    | __main__ | equity Rs1,003,655 | open 1 | pending 0 | closed 12 | WR 66.7% | PF 1.12 | friction Rs3,945
2026-10-01 13:45:44 | INFO    | __main__ | ================================================================
2026-10-01 13:45:44 | INFO    | __main__ | Scan | 2026-10-01 13:45 IST
2026-10-01 13:46:29 | INFO    | data.fetcher | Fetched 15min data for 212/212 tickers
2026-10-01 13:46:29 | INFO    | __main__ | SIZING: 0.386% of equity (Rs3,869 risk per trade)
2026-10-01 13:46:29 | INFO    | __main__ |   base 0.40%
2026-10-01 13:46:29 | INFO    | __main__ |   performance x0.964: n=12, observed expectancy shrunk to +0.120R vs prior +0.125R -> trimming (0.96x)
2026-10-01 13:46:29 | INFO    | __main__ |   drawdown    x1.0: drawdown 0.6% - within normal range
2026-10-01 13:46:29 | INFO    | __main__ | strategy: MOM-v3
2026-10-01 13:46:29 | INFO    | __main__ | walk-forward overrides in force: {'min_dev_above_vwap': 0.008, 'min_rsi': 70, 'min_rvol': 2.0, 'stop_pct_floor': 0.012}
2026-10-01 13:46:29 | INFO    | __main__ | equity Rs1,003,585 | open 1 | pending 0 | closed 12 | WR 66.7% | PF 1.12 | friction Rs3,945
2026-10-01 14:01:53 | INFO    | __main__ | ================================================================
2026-10-01 14:01:53 | INFO    | __main__ | Scan | 2026-10-01 14:01 IST
2026-10-01 14:02:21 | INFO    | data.fetcher | Fetched 15min data for 212/212 tickers
2026-10-01 14:02:21 | INFO    | __main__ | SIZING: 0.386% of equity (Rs3,871 risk per trade)
2026-10-01 14:02:21 | INFO    | __main__ |   base 0.40%
2026-10-01 14:02:21 | INFO    | __main__ |   performance x0.964: n=12, observed expectancy shrunk to +0.120R vs prior +0.125R -> trimming (0.96x)
2026-10-01 14:02:21 | INFO    | __main__ |   drawdown    x1.0: drawdown 0.6% - within normal range
2026-10-01 14:02:21 | INFO    | __main__ | strategy: MOM-v3
2026-10-01 14:02:21 | INFO    | __main__ | walk-forward overrides in force: {'min_dev_above_vwap': 0.008, 'min_rsi': 70, 'min_rvol': 2.0, 'stop_pct_floor': 0.012}
2026-10-01 14:02:21 | INFO    | __main__ | equity Rs1,003,907 | open 1 | pending 0 | closed 12 | WR 66.7% | PF 1.12 | friction Rs3,945
2026-10-01 14:15:51 | INFO    | __main__ | ================================================================
2026-10-01 14:15:51 | INFO    | __main__ | Scan | 2026-10-01 14:15 IST
2026-10-01 14:16:23 | INFO    | data.fetcher | Fetched 15min data for 212/212 tickers
2026-10-01 14:16:23 | INFO    | __main__ | SIZING: 0.386% of equity (Rs3,861 risk per trade)
2026-10-01 14:16:23 | INFO    | __main__ |   base 0.40%
2026-10-01 14:16:23 | INFO    | __main__ |   performance x0.964: n=12, observed expectancy shrunk to +0.120R vs prior +0.125R -> trimming (0.96x)
2026-10-01 14:16:23 | INFO    | __main__ |   drawdown    x1.0: drawdown 0.8% - within normal range
2026-10-01 14:16:23 | INFO    | __main__ | strategy: MOM-v3
2026-10-01 14:16:23 | INFO    | __main__ | walk-forward overrides in force: {'min_dev_above_vwap': 0.008, 'min_rsi': 70, 'min_rvol': 2.0, 'stop_pct_floor': 0.012}
2026-10-01 14:16:23 | INFO    | __main__ | equity Rs1,001,388 | open 1 | pending 0 | closed 12 | WR 66.7% | PF 1.12 | friction Rs3,945
2026-10-01 14:31:25 | INFO    | __main__ | ================================================================
2026-10-01 14:31:25 | INFO    | __main__ | Scan | 2026-10-01 14:31 IST
2026-10-01 14:31:57 | INFO    | data.fetcher | Fetched 15min data for 212/212 tickers
2026-10-01 14:31:57 | INFO    | __main__ | SIZING: 0.386% of equity (Rs3,863 risk per trade)
2026-10-01 14:31:57 | INFO    | __main__ |   base 0.40%
2026-10-01 14:31:57 | INFO    | __main__ |   performance x0.964: n=12, observed expectancy shrunk to +0.120R vs prior +0.125R -> trimming (0.96x)
2026-10-01 14:31:57 | INFO    | __main__ |   drawdown    x1.0: drawdown 0.8% - within normal range
2026-10-01 14:31:57 | INFO    | __main__ | strategy: MOM-v3
2026-10-01 14:31:57 | INFO    | __main__ | walk-forward overrides in force: {'min_dev_above_vwap': 0.008, 'min_rsi': 70, 'min_rvol': 2.0, 'stop_pct_floor': 0.012}
2026-10-01 14:31:57 | INFO    | __main__ | equity Rs1,001,906 | open 1 | pending 0 | closed 12 | WR 66.7% | PF 1.12 | friction Rs3,945
2026-10-01 14:45:49 | INFO    | __main__ | ================================================================
2026-10-01 14:45:49 | INFO    | __main__ | Scan | 2026-10-01 14:45 IST
2026-10-01 14:46:17 | INFO    | data.fetcher | Fetched 15min data for 212/212 tickers
2026-10-01 14:46:17 | INFO    | __main__ | SIZING: 0.386% of equity (Rs3,869 risk per trade)
2026-10-01 14:46:17 | INFO    | __main__ |   base 0.40%
2026-10-01 14:46:17 | INFO    | __main__ |   performance x0.964: n=12, observed expectancy shrunk to +0.120R vs prior +0.125R -> trimming (0.96x)
2026-10-01 14:46:17 | INFO    | __main__ |   drawdown    x1.0: drawdown 0.6% - within normal range
2026-10-01 14:46:17 | INFO    | __main__ | strategy: MOM-v3
2026-10-01 14:46:17 | INFO    | __main__ | walk-forward overrides in force: {'min_dev_above_vwap': 0.008, 'min_rsi': 70, 'min_rvol': 2.0, 'stop_pct_floor': 0.012}
2026-10-01 14:46:18 | INFO    | __main__ | equity Rs1,003,431 | open 1 | pending 0 | closed 12 | WR 66.7% | PF 1.12 | friction Rs3,945
2026-10-01 15:01:08 | INFO    | __main__ | ================================================================
2026-10-01 15:01:08 | INFO    | __main__ | Scan | 2026-10-01 15:01 IST
2026-10-01 15:01:39 | INFO    | data.fetcher | Fetched 15min data for 212/212 tickers
2026-10-01 15:01:39 | INFO    | __main__ | SIZING: 0.386% of equity (Rs3,869 risk per trade)
2026-10-01 15:01:39 | INFO    | __main__ |   base 0.40%
2026-10-01 15:01:39 | INFO    | __main__ |   performance x0.964: n=12, observed expectancy shrunk to +0.120R vs prior +0.125R -> trimming (0.96x)
2026-10-01 15:01:39 | INFO    | __main__ |   drawdown    x1.0: drawdown 0.6% - within normal range
2026-10-01 15:01:39 | INFO    | __main__ | strategy: MOM-v3
2026-10-01 15:01:39 | INFO    | __main__ | walk-forward overrides in force: {'min_dev_above_vwap': 0.008, 'min_rsi': 70, 'min_rvol': 2.0, 'stop_pct_floor': 0.012}
2026-10-01 15:01:39 | INFO    | __main__ | equity Rs1,003,515 | open 1 | pending 0 | closed 12 | WR 66.7% | PF 1.12 | friction Rs3,945
2026-10-01 15:15:56 | INFO    | __main__ | ================================================================
2026-10-01 15:15:56 | INFO    | __main__ | Scan | 2026-10-01 15:15 IST
2026-10-01 15:16:39 | INFO    | data.fetcher | Fetched 15min data for 212/212 tickers
2026-10-01 15:16:39 | INFO    | engine.paper_trader_v2 | EXIT CUB.NS 1399@Rs229.05999755859375 | P&L Rs-1,626 (-0.42R) | friction Rs353 | square_off
2026-10-01 15:16:39 | INFO    | __main__ | EOD: {'equity': 1000139.68, 'cash': 1000139.68, 'open_positions': 0, 'pending_orders': 0, 'closed_trades': 13, 'win_rate_pct': 61.5, 'profit_factor': 1.01, 'total_friction': 4298.58, 'total_pnl': 139.68, 'return_pct': 0.01}
2026-10-01 15:31:02 | INFO    | __main__ | ================================================================
2026-10-01 15:31:02 | INFO    | __main__ | Scan | 2026-10-01 15:31 IST
2026-10-01 15:31:02 | INFO    | __main__ | outside NSE hours
2026-10-01 15:45:50 | INFO    | __main__ | ================================================================
2026-10-01 15:45:50 | INFO    | __main__ | Scan | 2026-10-01 15:45 IST
2026-10-01 15:45:50 | INFO    | __main__ | outside NSE hours
2026-10-01 16:01:07 | INFO    | __main__ | ================================================================
2026-10-01 16:01:07 | INFO    | __main__ | Scan | 2026-10-01 16:01 IST
2026-10-01 16:01:07 | INFO    | __main__ | outside NSE hours
2026-10-01 16:15:50 | INFO    | __main__ | ================================================================
2026-10-01 16:15:50 | INFO    | __main__ | Scan | 2026-10-01 16:15 IST
2026-10-01 16:15:50 | INFO    | __main__ | outside NSE hours
2026-10-01 22:29:31 | INFO    | __main__ | ================================================================
2026-10-01 22:29:31 | INFO    | __main__ | Scan | 2026-10-01 22:29 IST
2026-10-01 22:29:31 | INFO    | __main__ | outside NSE hours
2026-10-02 08:31:15 | INFO    | __main__ | ================================================================
2026-10-02 08:31:15 | INFO    | __main__ | Scan | 2026-10-02 08:31 IST
2026-10-02 08:31:15 | INFO    | __main__ | outside NSE hours
2026-10-02 08:45:51 | INFO    | __main__ | ================================================================
2026-10-02 08:45:51 | INFO    | __main__ | Scan | 2026-10-02 08:45 IST
2026-10-02 08:45:51 | INFO    | __main__ | outside NSE hours
2026-10-02 09:01:07 | INFO    | __main__ | ================================================================
2026-10-02 09:01:07 | INFO    | __main__ | Scan | 2026-10-02 09:01 IST
2026-10-02 09:01:07 | INFO    | __main__ | outside NSE hours
2026-10-02 09:15:52 | INFO    | __main__ | ================================================================
2026-10-02 09:15:52 | INFO    | __main__ | Scan | 2026-10-02 09:15 IST
2026-10-02 09:16:24 | INFO    | data.fetcher | Fetched 15min data for 212/212 tickers
2026-10-02 09:16:24 | INFO    | __main__ | SIZING: 0.358% of equity (Rs3,581 risk per trade)
2026-10-02 09:16:24 | INFO    | __main__ |   base 0.40%
2026-10-02 09:16:24 | INFO    | __main__ |   performance x0.895: n=13, observed expectancy shrunk to +0.112R vs prior +0.125R -> trimming (0.90x)
2026-10-02 09:16:24 | INFO    | __main__ |   drawdown    x1.0: drawdown 0.9% - within normal range
2026-10-02 09:16:24 | INFO    | __main__ | strategy: MOM-v3
2026-10-02 09:16:24 | INFO    | __main__ | walk-forward overrides in force: {'min_dev_above_vwap': 0.008, 'min_rsi': 70, 'min_rvol': 2.0, 'stop_pct_floor': 0.012}
2026-10-02 09:16:24 | INFO    | strategies.momentum_v3 | REGIME GATE CLOSED: insufficient index bars - no entries this scan
2026-10-02 09:16:24 | INFO    | __main__ | equity Rs1,000,140 | open 0 | pending 0 | closed 13 | WR 61.5% | PF 1.01 | friction Rs4,299
2026-10-02 09:31:20 | INFO    | __main__ | ================================================================
2026-10-02 09:31:20 | INFO    | __main__ | Scan | 2026-10-02 09:31 IST
2026-10-02 09:31:45 | INFO    | data.fetcher | Fetched 15min data for 212/212 tickers
2026-10-02 09:31:45 | INFO    | __main__ | SIZING: 0.358% of equity (Rs3,581 risk per trade)
2026-10-02 09:31:45 | INFO    | __main__ |   base 0.40%
2026-10-02 09:31:45 | INFO    | __main__ |   performance x0.895: n=13, observed expectancy shrunk to +0.112R vs prior +0.125R -> trimming (0.90x)
2026-10-02 09:31:45 | INFO    | __main__ |   drawdown    x1.0: drawdown 0.9% - within normal range
2026-10-02 09:31:45 | INFO    | __main__ | strategy: MOM-v3
2026-10-02 09:31:45 | INFO    | __main__ | walk-forward overrides in force: {'min_dev_above_vwap': 0.008, 'min_rsi': 70, 'min_rvol': 2.0, 'stop_pct_floor': 0.012}
2026-10-02 09:31:45 | INFO    | strategies.momentum_v3 | REGIME GATE CLOSED: insufficient index bars - no entries this scan
2026-10-02 09:31:45 | INFO    | __main__ | equity Rs1,000,140 | open 0 | pending 0 | closed 13 | WR 61.5% | PF 1.01 | friction Rs4,299
2026-10-02 09:45:56 | INFO    | __main__ | ================================================================
2026-10-02 09:45:56 | INFO    | __main__ | Scan | 2026-10-02 09:45 IST
2026-10-02 09:46:28 | INFO    | data.fetcher | Fetched 15min data for 212/212 tickers
2026-10-02 09:46:28 | INFO    | __main__ | SIZING: 0.358% of equity (Rs3,581 risk per trade)
2026-10-02 09:46:28 | INFO    | __main__ |   base 0.40%
2026-10-02 09:46:28 | INFO    | __main__ |   performance x0.895: n=13, observed expectancy shrunk to +0.112R vs prior +0.125R -> trimming (0.90x)
2026-10-02 09:46:28 | INFO    | __main__ |   drawdown    x1.0: drawdown 0.9% - within normal range
2026-10-02 09:46:28 | INFO    | __main__ | strategy: MOM-v3
2026-10-02 09:46:28 | INFO    | __main__ | walk-forward overrides in force: {'min_dev_above_vwap': 0.008, 'min_rsi': 70, 'min_rvol': 2.0, 'stop_pct_floor': 0.012}
2026-10-02 09:46:28 | INFO    | strategies.momentum_v3 | REGIME GATE CLOSED: insufficient index bars - no entries this scan
2026-10-02 09:46:28 | INFO    | __main__ | equity Rs1,000,140 | open 0 | pending 0 | closed 13 | WR 61.5% | PF 1.01 | friction Rs4,299
2026-10-02 10:01:04 | INFO    | __main__ | ================================================================
2026-10-02 10:01:04 | INFO    | __main__ | Scan | 2026-10-02 10:01 IST
2026-10-02 10:01:34 | INFO    | data.fetcher | Fetched 15min data for 212/212 tickers
2026-10-02 10:01:34 | INFO    | __main__ | SIZING: 0.358% of equity (Rs3,581 risk per trade)
2026-10-02 10:01:34 | INFO    | __main__ |   base 0.40%
2026-10-02 10:01:34 | INFO    | __main__ |   performance x0.895: n=13, observed expectancy shrunk to +0.112R vs prior +0.125R -> trimming (0.90x)
2026-10-02 10:01:34 | INFO    | __main__ |   drawdown    x1.0: drawdown 0.9% - within normal range
2026-10-02 10:01:34 | INFO    | __main__ | strategy: MOM-v3
2026-10-02 10:01:34 | INFO    | __main__ | walk-forward overrides in force: {'min_dev_above_vwap': 0.008, 'min_rsi': 70, 'min_rvol': 2.0, 'stop_pct_floor': 0.012}
2026-10-02 10:01:34 | INFO    | strategies.momentum_v3 | REGIME GATE CLOSED: insufficient index bars - no entries this scan
2026-10-02 10:01:34 | INFO    | __main__ | equity Rs1,000,140 | open 0 | pending 0 | closed 13 | WR 61.5% | PF 1.01 | friction Rs4,299
2026-10-02 10:15:48 | INFO    | __main__ | ================================================================
2026-10-02 10:15:48 | INFO    | __main__ | Scan | 2026-10-02 10:15 IST
2026-10-02 10:16:32 | INFO    | data.fetcher | Fetched 15min data for 212/212 tickers
2026-10-02 10:16:32 | INFO    | __main__ | SIZING: 0.358% of equity (Rs3,581 risk per trade)
2026-10-02 10:16:32 | INFO    | __main__ |   base 0.40%
2026-10-02 10:16:32 | INFO    | __main__ |   performance x0.895: n=13, observed expectancy shrunk to +0.112R vs prior +0.125R -> trimming (0.90x)
2026-10-02 10:16:32 | INFO    | __main__ |   drawdown    x1.0: drawdown 0.9% - within normal range
2026-10-02 10:16:32 | INFO    | __main__ | strategy: MOM-v3
2026-10-02 10:16:32 | INFO    | __main__ | walk-forward overrides in force: {'min_dev_above_vwap': 0.008, 'min_rsi': 70, 'min_rvol': 2.0, 'stop_pct_floor': 0.012}
2026-10-02 10:16:32 | INFO    | strategies.momentum_v3 | REGIME GATE CLOSED: insufficient index bars - no entries this scan
2026-10-02 10:16:32 | INFO    | __main__ | equity Rs1,000,140 | open 0 | pending 0 | closed 13 | WR 61.5% | PF 1.01 | friction Rs4,299
2026-10-02 10:31:19 | INFO    | __main__ | ================================================================
2026-10-02 10:31:19 | INFO    | __main__ | Scan | 2026-10-02 10:31 IST
2026-10-02 10:31:52 | INFO    | data.fetcher | Fetched 15min data for 212/212 tickers
2026-10-02 10:31:52 | INFO    | __main__ | SIZING: 0.358% of equity (Rs3,581 risk per trade)
2026-10-02 10:31:52 | INFO    | __main__ |   base 0.40%
2026-10-02 10:31:52 | INFO    | __main__ |   performance x0.895: n=13, observed expectancy shrunk to +0.112R vs prior +0.125R -> trimming (0.90x)
2026-10-02 10:31:52 | INFO    | __main__ |   drawdown    x1.0: drawdown 0.9% - within normal range
2026-10-02 10:31:52 | INFO    | __main__ | strategy: MOM-v3
2026-10-02 10:31:52 | INFO    | __main__ | walk-forward overrides in force: {'min_dev_above_vwap': 0.008, 'min_rsi': 70, 'min_rvol': 2.0, 'stop_pct_floor': 0.012}
2026-10-02 10:31:52 | INFO    | strategies.momentum_v3 | REGIME GATE CLOSED: insufficient index bars - no entries this scan
2026-10-02 10:31:52 | INFO    | __main__ | equity Rs1,000,140 | open 0 | pending 0 | closed 13 | WR 61.5% | PF 1.01 | friction Rs4,299
2026-10-02 10:45:49 | INFO    | __main__ | ================================================================
2026-10-02 10:45:49 | INFO    | __main__ | Scan | 2026-10-02 10:45 IST
2026-10-02 10:46:16 | INFO    | data.fetcher | Fetched 15min data for 212/212 tickers
2026-10-02 10:46:16 | INFO    | __main__ | SIZING: 0.358% of equity (Rs3,581 risk per trade)
2026-10-02 10:46:16 | INFO    | __main__ |   base 0.40%
2026-10-02 10:46:16 | INFO    | __main__ |   performance x0.895: n=13, observed expectancy shrunk to +0.112R vs prior +0.125R -> trimming (0.90x)
2026-10-02 10:46:16 | INFO    | __main__ |   drawdown    x1.0: drawdown 0.9% - within normal range
2026-10-02 10:46:16 | INFO    | __main__ | strategy: MOM-v3
2026-10-02 10:46:16 | INFO    | __main__ | walk-forward overrides in force: {'min_dev_above_vwap': 0.008, 'min_rsi': 70, 'min_rvol': 2.0, 'stop_pct_floor': 0.012}
2026-10-02 10:46:16 | INFO    | strategies.momentum_v3 | REGIME GATE CLOSED: insufficient index bars - no entries this scan
2026-10-02 10:46:16 | INFO    | __main__ | equity Rs1,000,140 | open 0 | pending 0 | closed 13 | WR 61.5% | PF 1.01 | friction Rs4,299
2026-10-02 11:01:10 | INFO    | __main__ | ================================================================
2026-10-02 11:01:10 | INFO    | __main__ | Scan | 2026-10-02 11:01 IST
2026-10-02 11:01:36 | INFO    | data.fetcher | Fetched 15min data for 212/212 tickers
2026-10-02 11:01:36 | INFO    | __main__ | SIZING: 0.358% of equity (Rs3,581 risk per trade)
2026-10-02 11:01:36 | INFO    | __main__ |   base 0.40%
2026-10-02 11:01:36 | INFO    | __main__ |   performance x0.895: n=13, observed expectancy shrunk to +0.112R vs prior +0.125R -> trimming (0.90x)
2026-10-02 11:01:36 | INFO    | __main__ |   drawdown    x1.0: drawdown 0.9% - within normal range
2026-10-02 11:01:36 | INFO    | __main__ | strategy: MOM-v3
2026-10-02 11:01:36 | INFO    | __main__ | walk-forward overrides in force: {'min_dev_above_vwap': 0.008, 'min_rsi': 70, 'min_rvol': 2.0, 'stop_pct_floor': 0.012}
2026-10-02 11:01:36 | INFO    | strategies.momentum_v3 | REGIME GATE CLOSED: insufficient index bars - no entries this scan
2026-10-02 11:01:36 | INFO    | __main__ | equity Rs1,000,140 | open 0 | pending 0 | closed 13 | WR 61.5% | PF 1.01 | friction Rs4,299
2026-10-02 11:15:53 | INFO    | __main__ | ================================================================
2026-10-02 11:15:53 | INFO    | __main__ | Scan | 2026-10-02 11:15 IST
2026-10-02 11:16:36 | INFO    | data.fetcher | Fetched 15min data for 212/212 tickers
2026-10-02 11:16:36 | INFO    | __main__ | SIZING: 0.358% of equity (Rs3,581 risk per trade)
2026-10-02 11:16:36 | INFO    | __main__ |   base 0.40%
2026-10-02 11:16:36 | INFO    | __main__ |   performance x0.895: n=13, observed expectancy shrunk to +0.112R vs prior +0.125R -> trimming (0.90x)
2026-10-02 11:16:36 | INFO    | __main__ |   drawdown    x1.0: drawdown 0.9% - within normal range
2026-10-02 11:16:36 | INFO    | __main__ | strategy: MOM-v3
2026-10-02 11:16:36 | INFO    | __main__ | walk-forward overrides in force: {'min_dev_above_vwap': 0.008, 'min_rsi': 70, 'min_rvol': 2.0, 'stop_pct_floor': 0.012}
2026-10-02 11:16:36 | INFO    | strategies.momentum_v3 | REGIME GATE CLOSED: insufficient index bars - no entries this scan
2026-10-02 11:16:36 | INFO    | __main__ | equity Rs1,000,140 | open 0 | pending 0 | closed 13 | WR 61.5% | PF 1.01 | friction Rs4,299
2026-10-02 11:31:19 | INFO    | __main__ | ================================================================
2026-10-02 11:31:19 | INFO    | __main__ | Scan | 2026-10-02 11:31 IST
2026-10-02 11:32:16 | INFO    | data.fetcher | Fetched 15min data for 212/212 tickers
2026-10-02 11:32:16 | INFO    | __main__ | SIZING: 0.358% of equity (Rs3,581 risk per trade)
2026-10-02 11:32:16 | INFO    | __main__ |   base 0.40%
2026-10-02 11:32:16 | INFO    | __main__ |   performance x0.895: n=13, observed expectancy shrunk to +0.112R vs prior +0.125R -> trimming (0.90x)
2026-10-02 11:32:16 | INFO    | __main__ |   drawdown    x1.0: drawdown 0.9% - within normal range
2026-10-02 11:32:16 | INFO    | __main__ | strategy: MOM-v3
2026-10-02 11:32:16 | INFO    | __main__ | walk-forward overrides in force: {'min_dev_above_vwap': 0.008, 'min_rsi': 70, 'min_rvol': 2.0, 'stop_pct_floor': 0.012}
2026-10-02 11:32:16 | INFO    | strategies.momentum_v3 | REGIME GATE CLOSED: insufficient index bars - no entries this scan
2026-10-02 11:32:16 | INFO    | __main__ | equity Rs1,000,140 | open 0 | pending 0 | closed 13 | WR 61.5% | PF 1.01 | friction Rs4,299
2026-10-02 11:45:55 | INFO    | __main__ | ================================================================
2026-10-02 11:45:55 | INFO    | __main__ | Scan | 2026-10-02 11:45 IST
2026-10-02 11:46:39 | INFO    | data.fetcher | Fetched 15min data for 212/212 tickers
2026-10-02 11:46:39 | INFO    | __main__ | SIZING: 0.358% of equity (Rs3,581 risk per trade)
2026-10-02 11:46:39 | INFO    | __main__ |   base 0.40%
2026-10-02 11:46:39 | INFO    | __main__ |   performance x0.895: n=13, observed expectancy shrunk to +0.112R vs prior +0.125R -> trimming (0.90x)
2026-10-02 11:46:39 | INFO    | __main__ |   drawdown    x1.0: drawdown 0.9% - within normal range
2026-10-02 11:46:39 | INFO    | __main__ | strategy: MOM-v3
2026-10-02 11:46:39 | INFO    | __main__ | walk-forward overrides in force: {'min_dev_above_vwap': 0.008, 'min_rsi': 70, 'min_rvol': 2.0, 'stop_pct_floor': 0.012}
2026-10-02 11:46:39 | INFO    | strategies.momentum_v3 | REGIME GATE CLOSED: insufficient index bars - no entries this scan
2026-10-02 11:46:39 | INFO    | __main__ | equity Rs1,000,140 | open 0 | pending 0 | closed 13 | WR 61.5% | PF 1.01 | friction Rs4,299
2026-10-02 12:01:11 | INFO    | __main__ | ================================================================
2026-10-02 12:01:11 | INFO    | __main__ | Scan | 2026-10-02 12:01 IST
2026-10-02 12:01:53 | INFO    | data.fetcher | Fetched 15min data for 212/212 tickers
2026-10-02 12:01:54 | INFO    | __main__ | SIZING: 0.358% of equity (Rs3,581 risk per trade)
2026-10-02 12:01:54 | INFO    | __main__ |   base 0.40%
2026-10-02 12:01:54 | INFO    | __main__ |   performance x0.895: n=13, observed expectancy shrunk to +0.112R vs prior +0.125R -> trimming (0.90x)
2026-10-02 12:01:54 | INFO    | __main__ |   drawdown    x1.0: drawdown 0.9% - within normal range
2026-10-02 12:01:54 | INFO    | __main__ | strategy: MOM-v3
2026-10-02 12:01:54 | INFO    | __main__ | walk-forward overrides in force: {'min_dev_above_vwap': 0.008, 'min_rsi': 70, 'min_rvol': 2.0, 'stop_pct_floor': 0.012}
2026-10-02 12:01:54 | INFO    | strategies.momentum_v3 | REGIME GATE CLOSED: insufficient index bars - no entries this scan
2026-10-02 12:01:54 | INFO    | __main__ | equity Rs1,000,140 | open 0 | pending 0 | closed 13 | WR 61.5% | PF 1.01 | friction Rs4,299
2026-10-02 12:15:52 | INFO    | __main__ | ================================================================
2026-10-02 12:15:52 | INFO    | __main__ | Scan | 2026-10-02 12:15 IST
2026-10-02 12:16:34 | INFO    | data.fetcher | Fetched 15min data for 212/212 tickers
2026-10-02 12:16:35 | INFO    | __main__ | SIZING: 0.358% of equity (Rs3,581 risk per trade)
2026-10-02 12:16:35 | INFO    | __main__ |   base 0.40%
2026-10-02 12:16:35 | INFO    | __main__ |   performance x0.895: n=13, observed expectancy shrunk to +0.112R vs prior +0.125R -> trimming (0.90x)
2026-10-02 12:16:35 | INFO    | __main__ |   drawdown    x1.0: drawdown 0.9% - within normal range
2026-10-02 12:16:35 | INFO    | __main__ | strategy: MOM-v3
2026-10-02 12:16:35 | INFO    | __main__ | walk-forward overrides in force: {'min_dev_above_vwap': 0.008, 'min_rsi': 70, 'min_rvol': 2.0, 'stop_pct_floor': 0.012}
2026-10-02 12:16:35 | INFO    | strategies.momentum_v3 | REGIME GATE CLOSED: insufficient index bars - no entries this scan
2026-10-02 12:16:35 | INFO    | __main__ | equity Rs1,000,140 | open 0 | pending 0 | closed 13 | WR 61.5% | PF 1.01 | friction Rs4,299
2026-10-02 12:31:23 | INFO    | __main__ | ================================================================
2026-10-02 12:31:23 | INFO    | __main__ | Scan | 2026-10-02 12:31 IST
2026-10-02 12:31:54 | INFO    | data.fetcher | Fetched 15min data for 212/212 tickers
2026-10-02 12:31:55 | INFO    | __main__ | SIZING: 0.358% of equity (Rs3,581 risk per trade)
2026-10-02 12:31:55 | INFO    | __main__ |   base 0.40%
2026-10-02 12:31:55 | INFO    | __main__ |   performance x0.895: n=13, observed expectancy shrunk to +0.112R vs prior +0.125R -> trimming (0.90x)
2026-10-02 12:31:55 | INFO    | __main__ |   drawdown    x1.0: drawdown 0.9% - within normal range
2026-10-02 12:31:55 | INFO    | __main__ | strategy: MOM-v3
2026-10-02 12:31:55 | INFO    | __main__ | walk-forward overrides in force: {'min_dev_above_vwap': 0.008, 'min_rsi': 70, 'min_rvol': 2.0, 'stop_pct_floor': 0.012}
2026-10-02 12:31:55 | INFO    | strategies.momentum_v3 | REGIME GATE CLOSED: insufficient index bars - no entries this scan
2026-10-02 12:31:55 | INFO    | __main__ | equity Rs1,000,140 | open 0 | pending 0 | closed 13 | WR 61.5% | PF 1.01 | friction Rs4,299
2026-10-02 12:45:51 | INFO    | __main__ | ================================================================
2026-10-02 12:45:51 | INFO    | __main__ | Scan | 2026-10-02 12:45 IST
2026-10-02 12:46:17 | INFO    | data.fetcher | Fetched 15min data for 212/212 tickers
2026-10-02 12:46:17 | INFO    | __main__ | SIZING: 0.358% of equity (Rs3,581 risk per trade)
2026-10-02 12:46:17 | INFO    | __main__ |   base 0.40%
2026-10-02 12:46:17 | INFO    | __main__ |   performance x0.895: n=13, observed expectancy shrunk to +0.112R vs prior +0.125R -> trimming (0.90x)
2026-10-02 12:46:17 | INFO    | __main__ |   drawdown    x1.0: drawdown 0.9% - within normal range
2026-10-02 12:46:17 | INFO    | __main__ | strategy: MOM-v3
2026-10-02 12:46:17 | INFO    | __main__ | walk-forward overrides in force: {'min_dev_above_vwap': 0.008, 'min_rsi': 70, 'min_rvol': 2.0, 'stop_pct_floor': 0.012}
2026-10-02 12:46:17 | INFO    | strategies.momentum_v3 | REGIME GATE CLOSED: insufficient index bars - no entries this scan
2026-10-02 12:46:17 | INFO    | __main__ | equity Rs1,000,140 | open 0 | pending 0 | closed 13 | WR 61.5% | PF 1.01 | friction Rs4,299
2026-10-02 13:01:05 | INFO    | __main__ | ================================================================
2026-10-02 13:01:05 | INFO    | __main__ | Scan | 2026-10-02 13:01 IST
2026-10-02 13:01:32 | INFO    | data.fetcher | Fetched 15min data for 212/212 tickers
2026-10-02 13:01:32 | INFO    | __main__ | SIZING: 0.358% of equity (Rs3,581 risk per trade)
2026-10-02 13:01:32 | INFO    | __main__ |   base 0.40%
2026-10-02 13:01:32 | INFO    | __main__ |   performance x0.895: n=13, observed expectancy shrunk to +0.112R vs prior +0.125R -> trimming (0.90x)
2026-10-02 13:01:32 | INFO    | __main__ |   drawdown    x1.0: drawdown 0.9% - within normal range
2026-10-02 13:01:32 | INFO    | __main__ | strategy: MOM-v3
2026-10-02 13:01:32 | INFO    | __main__ | walk-forward overrides in force: {'min_dev_above_vwap': 0.008, 'min_rsi': 70, 'min_rvol': 2.0, 'stop_pct_floor': 0.012}
2026-10-02 13:01:32 | INFO    | strategies.momentum_v3 | REGIME GATE CLOSED: insufficient index bars - no entries this scan
2026-10-02 13:01:32 | INFO    | __main__ | equity Rs1,000,140 | open 0 | pending 0 | closed 13 | WR 61.5% | PF 1.01 | friction Rs4,299
2026-10-02 13:15:52 | INFO    | __main__ | ================================================================
2026-10-02 13:15:52 | INFO    | __main__ | Scan | 2026-10-02 13:15 IST
2026-10-02 13:16:23 | INFO    | data.fetcher | Fetched 15min data for 212/212 tickers
2026-10-02 13:16:23 | INFO    | __main__ | SIZING: 0.358% of equity (Rs3,581 risk per trade)
2026-10-02 13:16:23 | INFO    | __main__ |   base 0.40%
2026-10-02 13:16:23 | INFO    | __main__ |   performance x0.895: n=13, observed expectancy shrunk to +0.112R vs prior +0.125R -> trimming (0.90x)
2026-10-02 13:16:23 | INFO    | __main__ |   drawdown    x1.0: drawdown 0.9% - within normal range
2026-10-02 13:16:23 | INFO    | __main__ | strategy: MOM-v3
2026-10-02 13:16:23 | INFO    | __main__ | walk-forward overrides in force: {'min_dev_above_vwap': 0.008, 'min_rsi': 70, 'min_rvol': 2.0, 'stop_pct_floor': 0.012}
2026-10-02 13:16:23 | INFO    | strategies.momentum_v3 | REGIME GATE CLOSED: insufficient index bars - no entries this scan
2026-10-02 13:16:23 | INFO    | __main__ | equity Rs1,000,140 | open 0 | pending 0 | closed 13 | WR 61.5% | PF 1.01 | friction Rs4,299
2026-10-02 13:31:20 | INFO    | __main__ | ================================================================
2026-10-02 13:31:20 | INFO    | __main__ | Scan | 2026-10-02 13:31 IST
2026-10-02 13:31:44 | INFO    | data.fetcher | Fetched 15min data for 212/212 tickers
2026-10-02 13:31:44 | INFO    | __main__ | SIZING: 0.358% of equity (Rs3,581 risk per trade)
2026-10-02 13:31:44 | INFO    | __main__ |   base 0.40%
2026-10-02 13:31:44 | INFO    | __main__ |   performance x0.895: n=13, observed expectancy shrunk to +0.112R vs prior +0.125R -> trimming (0.90x)
2026-10-02 13:31:44 | INFO    | __main__ |   drawdown    x1.0: drawdown 0.9% - within normal range
2026-10-02 13:31:44 | INFO    | __main__ | strategy: MOM-v3
2026-10-02 13:31:44 | INFO    | __main__ | walk-forward overrides in force: {'min_dev_above_vwap': 0.008, 'min_rsi': 70, 'min_rvol': 2.0, 'stop_pct_floor': 0.012}
2026-10-02 13:31:44 | INFO    | strategies.momentum_v3 | REGIME GATE CLOSED: insufficient index bars - no entries this scan
2026-10-02 13:31:44 | INFO    | __main__ | equity Rs1,000,140 | open 0 | pending 0 | closed 13 | WR 61.5% | PF 1.01 | friction Rs4,299
2026-10-02 13:45:48 | INFO    | __main__ | ================================================================
2026-10-02 13:45:48 | INFO    | __main__ | Scan | 2026-10-02 13:45 IST
2026-10-02 13:46:18 | INFO    | data.fetcher | Fetched 15min data for 212/212 tickers
2026-10-02 13:46:18 | INFO    | __main__ | SIZING: 0.358% of equity (Rs3,581 risk per trade)
2026-10-02 13:46:18 | INFO    | __main__ |   base 0.40%
2026-10-02 13:46:18 | INFO    | __main__ |   performance x0.895: n=13, observed expectancy shrunk to +0.112R vs prior +0.125R -> trimming (0.90x)
2026-10-02 13:46:18 | INFO    | __main__ |   drawdown    x1.0: drawdown 0.9% - within normal range
2026-10-02 13:46:18 | INFO    | __main__ | strategy: MOM-v3
2026-10-02 13:46:18 | INFO    | __main__ | walk-forward overrides in force: {'min_dev_above_vwap': 0.008, 'min_rsi': 70, 'min_rvol': 2.0, 'stop_pct_floor': 0.012}
2026-10-02 13:46:18 | INFO    | strategies.momentum_v3 | REGIME GATE CLOSED: insufficient index bars - no entries this scan
2026-10-02 13:46:18 | INFO    | __main__ | equity Rs1,000,140 | open 0 | pending 0 | closed 13 | WR 61.5% | PF 1.01 | friction Rs4,299
2026-10-02 14:01:03 | INFO    | __main__ | ================================================================
2026-10-02 14:01:03 | INFO    | __main__ | Scan | 2026-10-02 14:01 IST
2026-10-02 14:01:31 | INFO    | data.fetcher | Fetched 15min data for 212/212 tickers
2026-10-02 14:01:31 | INFO    | __main__ | SIZING: 0.358% of equity (Rs3,581 risk per trade)
2026-10-02 14:01:31 | INFO    | __main__ |   base 0.40%
2026-10-02 14:01:31 | INFO    | __main__ |   performance x0.895: n=13, observed expectancy shrunk to +0.112R vs prior +0.125R -> trimming (0.90x)
2026-10-02 14:01:31 | INFO    | __main__ |   drawdown    x1.0: drawdown 0.9% - within normal range
2026-10-02 14:01:31 | INFO    | __main__ | strategy: MOM-v3
2026-10-02 14:01:31 | INFO    | __main__ | walk-forward overrides in force: {'min_dev_above_vwap': 0.008, 'min_rsi': 70, 'min_rvol': 2.0, 'stop_pct_floor': 0.012}
2026-10-02 14:01:31 | INFO    | strategies.momentum_v3 | REGIME GATE CLOSED: insufficient index bars - no entries this scan
2026-10-02 14:01:31 | INFO    | __main__ | equity Rs1,000,140 | open 0 | pending 0 | closed 13 | WR 61.5% | PF 1.01 | friction Rs4,299
2026-10-02 14:15:52 | INFO    | __main__ | ================================================================
2026-10-02 14:15:52 | INFO    | __main__ | Scan | 2026-10-02 14:15 IST
2026-10-02 14:16:22 | INFO    | data.fetcher | Fetched 15min data for 212/212 tickers
2026-10-02 14:16:22 | INFO    | __main__ | SIZING: 0.358% of equity (Rs3,581 risk per trade)
2026-10-02 14:16:22 | INFO    | __main__ |   base 0.40%
2026-10-02 14:16:22 | INFO    | __main__ |   performance x0.895: n=13, observed expectancy shrunk to +0.112R vs prior +0.125R -> trimming (0.90x)
2026-10-02 14:16:22 | INFO    | __main__ |   drawdown    x1.0: drawdown 0.9% - within normal range
2026-10-02 14:16:22 | INFO    | __main__ | strategy: MOM-v3
2026-10-02 14:16:22 | INFO    | __main__ | walk-forward overrides in force: {'min_dev_above_vwap': 0.008, 'min_rsi': 70, 'min_rvol': 2.0, 'stop_pct_floor': 0.012}
2026-10-02 14:16:22 | INFO    | strategies.momentum_v3 | REGIME GATE CLOSED: insufficient index bars - no entries this scan
2026-10-02 14:16:22 | INFO    | __main__ | equity Rs1,000,140 | open 0 | pending 0 | closed 13 | WR 61.5% | PF 1.01 | friction Rs4,299
2026-10-02 14:31:20 | INFO    | __main__ | ================================================================
2026-10-02 14:31:20 | INFO    | __main__ | Scan | 2026-10-02 14:31 IST
2026-10-02 14:31:48 | INFO    | data.fetcher | Fetched 15min data for 212/212 tickers
2026-10-02 14:31:48 | INFO    | __main__ | SIZING: 0.358% of equity (Rs3,581 risk per trade)
2026-10-02 14:31:48 | INFO    | __main__ |   base 0.40%
2026-10-02 14:31:48 | INFO    | __main__ |   performance x0.895: n=13, observed expectancy shrunk to +0.112R vs prior +0.125R -> trimming (0.90x)
2026-10-02 14:31:48 | INFO    | __main__ |   drawdown    x1.0: drawdown 0.9% - within normal range
2026-10-02 14:31:48 | INFO    | __main__ | strategy: MOM-v3
2026-10-02 14:31:48 | INFO    | __main__ | walk-forward overrides in force: {'min_dev_above_vwap': 0.008, 'min_rsi': 70, 'min_rvol': 2.0, 'stop_pct_floor': 0.012}
2026-10-02 14:31:48 | INFO    | strategies.momentum_v3 | REGIME GATE CLOSED: insufficient index bars - no entries this scan
2026-10-02 14:31:48 | INFO    | __main__ | equity Rs1,000,140 | open 0 | pending 0 | closed 13 | WR 61.5% | PF 1.01 | friction Rs4,299
2026-10-02 14:45:53 | INFO    | __main__ | ================================================================
2026-10-02 14:45:53 | INFO    | __main__ | Scan | 2026-10-02 14:45 IST
2026-10-02 14:46:25 | INFO    | data.fetcher | Fetched 15min data for 212/212 tickers
2026-10-02 14:46:25 | INFO    | __main__ | SIZING: 0.358% of equity (Rs3,581 risk per trade)
2026-10-02 14:46:25 | INFO    | __main__ |   base 0.40%
2026-10-02 14:46:25 | INFO    | __main__ |   performance x0.895: n=13, observed expectancy shrunk to +0.112R vs prior +0.125R -> trimming (0.90x)
2026-10-02 14:46:25 | INFO    | __main__ |   drawdown    x1.0: drawdown 0.9% - within normal range
2026-10-02 14:46:25 | INFO    | __main__ | strategy: MOM-v3
2026-10-02 14:46:25 | INFO    | __main__ | walk-forward overrides in force: {'min_dev_above_vwap': 0.008, 'min_rsi': 70, 'min_rvol': 2.0, 'stop_pct_floor': 0.012}
2026-10-02 14:46:25 | INFO    | strategies.momentum_v3 | REGIME GATE CLOSED: insufficient index bars - no entries this scan
2026-10-02 14:46:25 | INFO    | __main__ | equity Rs1,000,140 | open 0 | pending 0 | closed 13 | WR 61.5% | PF 1.01 | friction Rs4,299
2026-10-02 15:01:07 | INFO    | __main__ | ================================================================
2026-10-02 15:01:07 | INFO    | __main__ | Scan | 2026-10-02 15:01 IST
2026-10-02 15:01:31 | INFO    | data.fetcher | Fetched 15min data for 212/212 tickers
2026-10-02 15:01:31 | INFO    | __main__ | SIZING: 0.358% of equity (Rs3,581 risk per trade)
2026-10-02 15:01:31 | INFO    | __main__ |   base 0.40%
2026-10-02 15:01:31 | INFO    | __main__ |   performance x0.895: n=13, observed expectancy shrunk to +0.112R vs prior +0.125R -> trimming (0.90x)
2026-10-02 15:01:31 | INFO    | __main__ |   drawdown    x1.0: drawdown 0.9% - within normal range
2026-10-02 15:01:31 | INFO    | __main__ | strategy: MOM-v3
2026-10-02 15:01:31 | INFO    | __main__ | walk-forward overrides in force: {'min_dev_above_vwap': 0.008, 'min_rsi': 70, 'min_rvol': 2.0, 'stop_pct_floor': 0.012}
2026-10-02 15:01:31 | INFO    | strategies.momentum_v3 | REGIME GATE CLOSED: insufficient index bars - no entries this scan
2026-10-02 15:01:31 | INFO    | __main__ | equity Rs1,000,140 | open 0 | pending 0 | closed 13 | WR 61.5% | PF 1.01 | friction Rs4,299
2026-10-02 15:08:08 | INFO    | __main__ | ================================================================
2026-10-02 15:08:08 | INFO    | __main__ | Scan | 2026-10-02 15:08 IST
2026-10-02 15:08:36 | INFO    | data.fetcher | Fetched 15min data for 212/212 tickers
2026-10-02 15:08:36 | INFO    | __main__ | EOD: {'equity': 1000139.68, 'cash': 1000139.68, 'open_positions': 0, 'pending_orders': 0, 'closed_trades': 13, 'win_rate_pct': 61.5, 'profit_factor': 1.01, 'total_friction': 4298.58, 'total_pnl': 139.68, 'return_pct': 0.01}
2026-10-02 15:15:51 | INFO    | __main__ | ================================================================
2026-10-02 15:15:51 | INFO    | __main__ | Scan | 2026-10-02 15:15 IST
2026-10-02 15:16:22 | INFO    | data.fetcher | Fetched 15min data for 212/212 tickers
2026-10-02 15:16:22 | INFO    | __main__ | EOD: {'equity': 1000139.68, 'cash': 1000139.68, 'open_positions': 0, 'pending_orders': 0, 'closed_trades': 13, 'win_rate_pct': 61.5, 'profit_factor': 1.01, 'total_friction': 4298.58, 'total_pnl': 139.68, 'return_pct': 0.01}
2026-10-02 15:31:20 | INFO    | __main__ | ================================================================
2026-10-02 15:31:20 | INFO    | __main__ | Scan | 2026-10-02 15:31 IST
2026-10-02 15:31:20 | INFO    | __main__ | outside NSE hours
2026-10-02 15:45:49 | INFO    | __main__ | ================================================================
2026-10-02 15:45:49 | INFO    | __main__ | Scan | 2026-10-02 15:45 IST
2026-10-02 15:45:49 | INFO    | __main__ | outside NSE hours
2026-10-02 16:01:04 | INFO    | __main__ | ================================================================
2026-10-02 16:01:04 | INFO    | __main__ | Scan | 2026-10-02 16:01 IST
2026-10-02 16:01:04 | INFO    | __main__ | outside NSE hours
2026-10-02 16:15:44 | INFO    | __main__ | ================================================================
2026-10-02 16:15:44 | INFO    | __main__ | Scan | 2026-10-02 16:15 IST
2026-10-02 16:15:44 | INFO    | __main__ | outside NSE hours
2026-10-02 21:28:52 | INFO    | __main__ | ================================================================
2026-10-02 21:28:52 | INFO    | __main__ | Scan | 2026-10-02 21:28 IST
2026-10-02 21:28:52 | INFO    | __main__ | outside NSE hours
2026-10-05 08:31:22 | INFO    | __main__ | ================================================================
2026-10-05 08:31:22 | INFO    | __main__ | Scan | 2026-10-05 08:31 IST
2026-10-05 08:31:22 | INFO    | __main__ | outside NSE hours
2026-10-05 08:45:58 | INFO    | __main__ | ================================================================
2026-10-05 08:45:58 | INFO    | __main__ | Scan | 2026-10-05 08:45 IST
2026-10-05 08:45:58 | INFO    | __main__ | outside NSE hours
2026-10-05 09:01:03 | INFO    | __main__ | ================================================================
2026-10-05 09:01:03 | INFO    | __main__ | Scan | 2026-10-05 09:01 IST
2026-10-05 09:01:03 | INFO    | __main__ | outside NSE hours
2026-10-05 09:15:53 | INFO    | __main__ | ================================================================
2026-10-05 09:15:53 | INFO    | __main__ | Scan | 2026-10-05 09:15 IST
2026-10-05 09:16:26 | INFO    | data.fetcher | Fetched 15min data for 212/212 tickers
2026-10-05 09:16:26 | INFO    | __main__ | SIZING: 0.358% of equity (Rs3,581 risk per trade)
2026-10-05 09:16:26 | INFO    | __main__ |   base 0.40%
2026-10-05 09:16:26 | INFO    | __main__ |   performance x0.895: n=13, observed expectancy shrunk to +0.112R vs prior +0.125R -> trimming (0.90x)
2026-10-05 09:16:26 | INFO    | __main__ |   drawdown    x1.0: drawdown 0.9% - within normal range
2026-10-05 09:16:26 | INFO    | __main__ | strategy: MOM-v3
2026-10-05 09:16:26 | INFO    | __main__ | walk-forward overrides in force: {'min_dev_above_vwap': 0.008, 'min_rsi': 70, 'min_rvol': 2.0, 'stop_pct_floor': 0.012}
2026-10-05 09:16:26 | INFO    | strategies.momentum_v3 | REGIME GATE CLOSED: insufficient index bars - no entries this scan
2026-10-05 09:16:26 | INFO    | __main__ | equity Rs1,000,140 | open 0 | pending 0 | closed 13 | WR 61.5% | PF 1.01 | friction Rs4,299
2026-10-05 09:31:22 | INFO    | __main__ | ================================================================
2026-10-05 09:31:22 | INFO    | __main__ | Scan | 2026-10-05 09:31 IST
2026-10-05 09:31:54 | INFO    | data.fetcher | Fetched 15min data for 212/212 tickers
2026-10-05 09:31:54 | INFO    | __main__ | SIZING: 0.358% of equity (Rs3,581 risk per trade)
2026-10-05 09:31:54 | INFO    | __main__ |   base 0.40%
2026-10-05 09:31:54 | INFO    | __main__ |   performance x0.895: n=13, observed expectancy shrunk to +0.112R vs prior +0.125R -> trimming (0.90x)
2026-10-05 09:31:54 | INFO    | __main__ |   drawdown    x1.0: drawdown 0.9% - within normal range
2026-10-05 09:31:54 | INFO    | __main__ | strategy: MOM-v3
2026-10-05 09:31:54 | INFO    | __main__ | walk-forward overrides in force: {'min_dev_above_vwap': 0.008, 'min_rsi': 70, 'min_rvol': 2.0, 'stop_pct_floor': 0.012}
2026-10-05 09:31:54 | INFO    | strategies.momentum_v3 | REGIME GATE CLOSED: insufficient index bars - no entries this scan
2026-10-05 09:31:54 | INFO    | __main__ | equity Rs1,000,140 | open 0 | pending 0 | closed 13 | WR 61.5% | PF 1.01 | friction Rs4,299
2026-10-05 09:45:49 | INFO    | __main__ | ================================================================
2026-10-05 09:45:49 | INFO    | __main__ | Scan | 2026-10-05 09:45 IST
2026-10-05 09:46:16 | INFO    | data.fetcher | Fetched 15min data for 212/212 tickers
2026-10-05 09:46:16 | INFO    | __main__ | SIZING: 0.358% of equity (Rs3,581 risk per trade)
2026-10-05 09:46:16 | INFO    | __main__ |   base 0.40%
2026-10-05 09:46:16 | INFO    | __main__ |   performance x0.895: n=13, observed expectancy shrunk to +0.112R vs prior +0.125R -> trimming (0.90x)
2026-10-05 09:46:16 | INFO    | __main__ |   drawdown    x1.0: drawdown 0.9% - within normal range
2026-10-05 09:46:16 | INFO    | __main__ | strategy: MOM-v3
2026-10-05 09:46:16 | INFO    | __main__ | walk-forward overrides in force: {'min_dev_above_vwap': 0.008, 'min_rsi': 70, 'min_rvol': 2.0, 'stop_pct_floor': 0.012}
2026-10-05 09:46:16 | INFO    | __main__ | equity Rs1,000,140 | open 0 | pending 0 | closed 13 | WR 61.5% | PF 1.01 | friction Rs4,299
2026-10-05 10:01:12 | INFO    | __main__ | ================================================================
2026-10-05 10:01:12 | INFO    | __main__ | Scan | 2026-10-05 10:01 IST
2026-10-05 10:01:44 | INFO    | data.fetcher | Fetched 15min data for 212/212 tickers
2026-10-05 10:01:44 | INFO    | __main__ | SIZING: 0.358% of equity (Rs3,581 risk per trade)
2026-10-05 10:01:44 | INFO    | __main__ |   base 0.40%
2026-10-05 10:01:44 | INFO    | __main__ |   performance x0.895: n=13, observed expectancy shrunk to +0.112R vs prior +0.125R -> trimming (0.90x)
2026-10-05 10:01:44 | INFO    | __main__ |   drawdown    x1.0: drawdown 0.9% - within normal range
2026-10-05 10:01:44 | INFO    | __main__ | strategy: MOM-v3
2026-10-05 10:01:44 | INFO    | __main__ | walk-forward overrides in force: {'min_dev_above_vwap': 0.008, 'min_rsi': 70, 'min_rvol': 2.0, 'stop_pct_floor': 0.012}
2026-10-05 10:01:44 | INFO    | __main__ | equity Rs1,000,140 | open 0 | pending 0 | closed 13 | WR 61.5% | PF 1.01 | friction Rs4,299
2026-10-05 10:15:54 | INFO    | __main__ | ================================================================
2026-10-05 10:15:54 | INFO    | __main__ | Scan | 2026-10-05 10:15 IST
2026-10-05 10:16:37 | INFO    | data.fetcher | Fetched 15min data for 212/212 tickers
2026-10-05 10:16:37 | INFO    | __main__ | SIZING: 0.358% of equity (Rs3,581 risk per trade)
2026-10-05 10:16:37 | INFO    | __main__ |   base 0.40%
2026-10-05 10:16:37 | INFO    | __main__ |   performance x0.895: n=13, observed expectancy shrunk to +0.112R vs prior +0.125R -> trimming (0.90x)
2026-10-05 10:16:37 | INFO    | __main__ |   drawdown    x1.0: drawdown 0.9% - within normal range
2026-10-05 10:16:37 | INFO    | __main__ | strategy: MOM-v3
2026-10-05 10:16:37 | INFO    | __main__ | walk-forward overrides in force: {'min_dev_above_vwap': 0.008, 'min_rsi': 70, 'min_rvol': 2.0}
2026-10-05 10:16:38 | INFO    | engine.paper_trader_v2 | ORDER CYIENT.NS market buy at next open (ref Rs1170.0, SL 1.11%, RSI 77.4, rvol 3.8)
2026-10-05 10:16:38 | INFO    | engine.paper_trader_v2 | ORDER ANGELONE.NS market buy at next open (ref Rs283.85, SL 0.865%, RSI 73.3, rvol 2.63)
2026-10-05 10:16:38 | INFO    | engine.paper_trader_v2 | FILLED CYIENT.NS @ Rs1171.4000244140625 | qty=275 notional=Rs322,135 friction=Rs355
2026-10-05 10:16:38 | INFO    | engine.paper_trader_v2 | FILLED ANGELONE.NS @ Rs283.79998779296875 | qty=1461 notional=Rs414,632 friction=Rs443
2026-10-05 10:16:39 | INFO    | __main__ | equity Rs1,000,140 | open 2 | pending 0 | closed 13 | WR 61.5% | PF 1.01 | friction Rs4,299
2026-10-05 10:31:58 | INFO    | __main__ | ================================================================
2026-10-05 10:31:58 | INFO    | __main__ | Scan | 2026-10-05 10:31 IST
2026-10-05 10:32:23 | INFO    | data.fetcher | Fetched 15min data for 212/212 tickers
2026-10-05 10:32:23 | INFO    | engine.paper_trader_v2 | EXIT CYIENT.NS 275@Rs1158.4 | P&L Rs-3,927 (-1.10R) | friction Rs352 | stop_loss
2026-10-05 10:32:24 | INFO    | __main__ | SIZING: 0.298% of equity (Rs2,954 risk per trade)
2026-10-05 10:32:24 | INFO    | __main__ |   base 0.40%
2026-10-05 10:32:24 | INFO    | __main__ |   performance x0.744: n=14, observed expectancy shrunk to +0.093R vs prior +0.125R -> trimming (0.74x)
2026-10-05 10:32:24 | INFO    | __main__ |   drawdown    x1.0: drawdown 1.7% - within normal range
2026-10-05 10:32:24 | INFO    | __main__ | strategy: MOM-v3
2026-10-05 10:32:24 | INFO    | __main__ | walk-forward overrides in force: {'min_dev_above_vwap': 0.008, 'min_rsi': 70, 'min_rvol': 2.0}
2026-10-05 10:32:25 | INFO    | __main__ | equity Rs992,779 | open 1 | pending 0 | closed 14 | WR 57.1% | PF 0.81 | friction Rs4,651
2026-10-05 10:45:49 | INFO    | __main__ | ================================================================
2026-10-05 10:45:49 | INFO    | __main__ | Scan | 2026-10-05 10:45 IST
2026-10-05 10:46:18 | INFO    | data.fetcher | Fetched 15min data for 212/212 tickers
2026-10-05 10:46:18 | INFO    | engine.paper_trader_v2 | EXIT ANGELONE.NS 1461@Rs281.35 | P&L Rs-4,020 (-1.12R) | friction Rs440 | stop_loss
2026-10-05 10:46:19 | WARNING | __main__ | NOT TRADING: daily loss Rs-7,947 hit the -3.0R limit (-Rs7,144)
2026-10-05 11:01:03 | INFO    | __main__ | ================================================================
2026-10-05 11:01:03 | INFO    | __main__ | Scan | 2026-10-05 11:01 IST
2026-10-05 11:01:37 | INFO    | data.fetcher | Fetched 15min data for 212/212 tickers
2026-10-05 11:01:37 | WARNING | __main__ | NOT TRADING: daily loss Rs-7,947 hit the -3.0R limit (-Rs7,144)
2026-10-05 11:15:53 | INFO    | __main__ | ================================================================
2026-10-05 11:15:53 | INFO    | __main__ | Scan | 2026-10-05 11:15 IST
2026-10-05 11:16:26 | INFO    | data.fetcher | Fetched 15min data for 212/212 tickers
2026-10-05 11:16:26 | WARNING | __main__ | NOT TRADING: daily loss Rs-7,947 hit the -3.0R limit (-Rs7,144)
2026-10-05 11:31:16 | INFO    | __main__ | ================================================================
2026-10-05 11:31:16 | INFO    | __main__ | Scan | 2026-10-05 11:31 IST
2026-10-05 11:31:47 | INFO    | data.fetcher | Fetched 15min data for 212/212 tickers
2026-10-05 11:31:47 | WARNING | __main__ | NOT TRADING: daily loss Rs-7,947 hit the -3.0R limit (-Rs7,144)
2026-10-05 11:45:48 | INFO    | __main__ | ================================================================
2026-10-05 11:45:48 | INFO    | __main__ | Scan | 2026-10-05 11:45 IST
2026-10-05 11:46:22 | INFO    | data.fetcher | Fetched 15min data for 212/212 tickers
2026-10-05 11:46:22 | WARNING | __main__ | NOT TRADING: daily loss Rs-7,947 hit the -3.0R limit (-Rs7,144)
2026-10-05 12:01:06 | INFO    | __main__ | ================================================================
2026-10-05 12:01:06 | INFO    | __main__ | Scan | 2026-10-05 12:01 IST
2026-10-05 12:01:34 | INFO    | data.fetcher | Fetched 15min data for 212/212 tickers
2026-10-05 12:01:34 | WARNING | __main__ | NOT TRADING: daily loss Rs-7,947 hit the -3.0R limit (-Rs7,144)
2026-10-05 12:15:59 | INFO    | __main__ | ================================================================
2026-10-05 12:15:59 | INFO    | __main__ | Scan | 2026-10-05 12:15 IST
2026-10-05 12:16:37 | INFO    | data.fetcher | Fetched 15min data for 212/212 tickers
2026-10-05 12:16:37 | WARNING | __main__ | NOT TRADING: daily loss Rs-7,947 hit the -3.0R limit (-Rs7,144)
2026-10-05 12:31:24 | INFO    | __main__ | ================================================================
2026-10-05 12:31:24 | INFO    | __main__ | Scan | 2026-10-05 12:31 IST
2026-10-05 12:32:07 | INFO    | data.fetcher | Fetched 15min data for 212/212 tickers
2026-10-05 12:32:07 | WARNING | __main__ | NOT TRADING: daily loss Rs-7,947 hit the -3.0R limit (-Rs7,144)
2026-10-05 12:45:48 | INFO    | __main__ | ================================================================
2026-10-05 12:45:48 | INFO    | __main__ | Scan | 2026-10-05 12:45 IST
2026-10-05 12:46:19 | INFO    | data.fetcher | Fetched 15min data for 212/212 tickers
2026-10-05 12:46:19 | WARNING | __main__ | NOT TRADING: daily loss Rs-7,947 hit the -3.0R limit (-Rs7,144)
2026-10-05 13:01:07 | INFO    | __main__ | ================================================================
2026-10-05 13:01:07 | INFO    | __main__ | Scan | 2026-10-05 13:01 IST
2026-10-05 13:01:49 | INFO    | data.fetcher | Fetched 15min data for 212/212 tickers
2026-10-05 13:01:49 | WARNING | __main__ | NOT TRADING: daily loss Rs-7,947 hit the -3.0R limit (-Rs7,144)
2026-10-05 13:15:52 | INFO    | __main__ | ================================================================
2026-10-05 13:15:52 | INFO    | __main__ | Scan | 2026-10-05 13:15 IST
2026-10-05 13:16:39 | INFO    | data.fetcher | Fetched 15min data for 212/212 tickers
2026-10-05 13:16:39 | WARNING | __main__ | NOT TRADING: daily loss Rs-7,947 hit the -3.0R limit (-Rs7,144)
2026-10-05 13:31:21 | INFO    | __main__ | ================================================================
2026-10-05 13:31:21 | INFO    | __main__ | Scan | 2026-10-05 13:31 IST
2026-10-05 13:31:49 | INFO    | data.fetcher | Fetched 15min data for 212/212 tickers
2026-10-05 13:31:49 | WARNING | __main__ | NOT TRADING: daily loss Rs-7,947 hit the -3.0R limit (-Rs7,144)
2026-10-05 13:45:47 | INFO    | __main__ | ================================================================
2026-10-05 13:45:47 | INFO    | __main__ | Scan | 2026-10-05 13:45 IST
2026-10-05 13:46:12 | INFO    | data.fetcher | Fetched 15min data for 212/212 tickers
2026-10-05 13:46:12 | WARNING | __main__ | NOT TRADING: daily loss Rs-7,947 hit the -3.0R limit (-Rs7,144)
2026-10-05 14:01:08 | INFO    | __main__ | ================================================================
2026-10-05 14:01:08 | INFO    | __main__ | Scan | 2026-10-05 14:01 IST
2026-10-05 14:01:50 | INFO    | data.fetcher | Fetched 15min data for 212/212 tickers
2026-10-05 14:01:50 | WARNING | __main__ | NOT TRADING: daily loss Rs-7,947 hit the -3.0R limit (-Rs7,144)
2026-10-05 14:15:49 | INFO    | __main__ | ================================================================
2026-10-05 14:15:49 | INFO    | __main__ | Scan | 2026-10-05 14:15 IST
2026-10-05 14:16:17 | INFO    | data.fetcher | Fetched 15min data for 212/212 tickers
2026-10-05 14:16:18 | WARNING | __main__ | NOT TRADING: daily loss Rs-7,947 hit the -3.0R limit (-Rs7,144)
2026-10-05 14:31:22 | INFO    | __main__ | ================================================================
2026-10-05 14:31:22 | INFO    | __main__ | Scan | 2026-10-05 14:31 IST
2026-10-05 14:31:49 | INFO    | data.fetcher | Fetched 15min data for 212/212 tickers
2026-10-05 14:31:50 | WARNING | __main__ | NOT TRADING: daily loss Rs-7,947 hit the -3.0R limit (-Rs7,144)
2026-10-05 14:45:52 | INFO    | __main__ | ================================================================
2026-10-05 14:45:52 | INFO    | __main__ | Scan | 2026-10-05 14:45 IST
2026-10-05 14:46:24 | INFO    | data.fetcher | Fetched 15min data for 212/212 tickers
2026-10-05 14:46:24 | WARNING | __main__ | NOT TRADING: daily loss Rs-7,947 hit the -3.0R limit (-Rs7,144)
2026-10-05 15:01:10 | INFO    | __main__ | ================================================================
2026-10-05 15:01:10 | INFO    | __main__ | Scan | 2026-10-05 15:01 IST
2026-10-05 15:01:37 | INFO    | data.fetcher | Fetched 15min data for 212/212 tickers
2026-10-05 15:01:38 | WARNING | __main__ | NOT TRADING: daily loss Rs-7,947 hit the -3.0R limit (-Rs7,144)
2026-10-05 15:15:55 | INFO    | __main__ | ================================================================
2026-10-05 15:15:55 | INFO    | __main__ | Scan | 2026-10-05 15:15 IST
2026-10-05 15:16:26 | INFO    | data.fetcher | Fetched 15min data for 212/212 tickers
2026-10-05 15:16:26 | INFO    | __main__ | EOD: {'equity': 992193.0, 'cash': 992193.0, 'open_positions': 0, 'pending_orders': 0, 'closed_trades': 15, 'win_rate_pct': 53.3, 'profit_factor': 0.68, 'total_friction': 5090.82, 'total_pnl': -7807.0, 'return_pct': -0.78}
2026-10-05 15:31:18 | INFO    | __main__ | ================================================================
2026-10-05 15:31:18 | INFO    | __main__ | Scan | 2026-10-05 15:31 IST
2026-10-05 15:31:18 | INFO    | __main__ | outside NSE hours
2026-10-05 15:45:50 | INFO    | __main__ | ================================================================
2026-10-05 15:45:50 | INFO    | __main__ | Scan | 2026-10-05 15:45 IST
2026-10-05 15:45:50 | INFO    | __main__ | outside NSE hours
2026-10-05 15:47:58 | INFO    | __main__ | ================================================================
2026-10-05 15:47:58 | INFO    | __main__ | Scan | 2026-10-05 15:47 IST
2026-10-05 15:47:58 | INFO    | __main__ | outside NSE hours
2026-10-05 16:01:07 | INFO    | __main__ | ================================================================
2026-10-05 16:01:07 | INFO    | __main__ | Scan | 2026-10-05 16:01 IST
2026-10-05 16:01:07 | INFO    | __main__ | outside NSE hours
2026-10-05 16:15:48 | INFO    | __main__ | ================================================================
2026-10-05 16:15:48 | INFO    | __main__ | Scan | 2026-10-05 16:15 IST
2026-10-05 16:15:48 | INFO    | __main__ | outside NSE hours
2026-10-06 00:49:27 | INFO    | __main__ | ================================================================
2026-10-06 00:49:27 | INFO    | __main__ | Scan | 2026-10-06 00:49 IST
2026-10-06 00:49:27 | INFO    | __main__ | outside NSE hours
2026-10-06 08:31:17 | INFO    | __main__ | ================================================================
2026-10-06 08:31:17 | INFO    | __main__ | Scan | 2026-10-06 08:31 IST
2026-10-06 08:31:17 | INFO    | __main__ | outside NSE hours
2026-10-06 08:45:51 | INFO    | __main__ | ================================================================
2026-10-06 08:45:51 | INFO    | __main__ | Scan | 2026-10-06 08:45 IST
2026-10-06 08:45:51 | INFO    | __main__ | outside NSE hours
2026-10-06 09:01:06 | INFO    | __main__ | ================================================================
2026-10-06 09:01:06 | INFO    | __main__ | Scan | 2026-10-06 09:01 IST
2026-10-06 09:01:06 | INFO    | __main__ | outside NSE hours
2026-10-06 09:15:51 | INFO    | __main__ | ================================================================
2026-10-06 09:15:51 | INFO    | __main__ | Scan | 2026-10-06 09:15 IST
2026-10-06 09:16:28 | INFO    | data.fetcher | Fetched 15min data for 212/212 tickers
2026-10-06 09:16:28 | INFO    | __main__ | SIZING: 0.240% of equity (Rs2,381 risk per trade)
2026-10-06 09:16:28 | INFO    | __main__ |   base 0.40%
2026-10-06 09:16:28 | INFO    | __main__ |   performance x0.6: n=15, observed expectancy shrunk to +0.074R vs prior +0.125R -> trimming (0.60x)
2026-10-06 09:16:28 | INFO    | __main__ |   drawdown    x1.0: drawdown 1.7% - within normal range
2026-10-06 09:16:28 | INFO    | __main__ | strategy: MOM-v3
2026-10-06 09:16:28 | INFO    | __main__ | walk-forward overrides in force: {'min_dev_above_vwap': 0.008, 'min_rsi': 70, 'min_rvol': 2.0}
2026-10-06 09:16:28 | INFO    | strategies.momentum_v3 | REGIME GATE CLOSED: insufficient index bars - no entries this scan
2026-10-06 09:16:28 | INFO    | __main__ | equity Rs992,193 | open 0 | pending 0 | closed 15 | WR 53.3% | PF 0.68 | friction Rs5,091
2026-10-06 09:31:20 | INFO    | __main__ | ================================================================
2026-10-06 09:31:20 | INFO    | __main__ | Scan | 2026-10-06 09:31 IST
2026-10-06 09:31:50 | INFO    | data.fetcher | Fetched 15min data for 212/212 tickers
2026-10-06 09:31:50 | INFO    | __main__ | SIZING: 0.240% of equity (Rs2,381 risk per trade)
2026-10-06 09:31:50 | INFO    | __main__ |   base 0.40%
2026-10-06 09:31:50 | INFO    | __main__ |   performance x0.6: n=15, observed expectancy shrunk to +0.074R vs prior +0.125R -> trimming (0.60x)
2026-10-06 09:31:50 | INFO    | __main__ |   drawdown    x1.0: drawdown 1.7% - within normal range
2026-10-06 09:31:50 | INFO    | __main__ | strategy: MOM-v3
2026-10-06 09:31:50 | INFO    | __main__ | walk-forward overrides in force: {'min_dev_above_vwap': 0.008, 'min_rsi': 70, 'min_rvol': 2.0}
2026-10-06 09:31:50 | INFO    | strategies.momentum_v3 | REGIME GATE CLOSED: insufficient index bars - no entries this scan
2026-10-06 09:31:50 | INFO    | __main__ | equity Rs992,193 | open 0 | pending 0 | closed 15 | WR 53.3% | PF 0.68 | friction Rs5,091
2026-10-06 09:45:52 | INFO    | __main__ | ================================================================
2026-10-06 09:45:52 | INFO    | __main__ | Scan | 2026-10-06 09:45 IST
2026-10-06 09:46:28 | INFO    | data.fetcher | Fetched 15min data for 212/212 tickers
2026-10-06 09:46:28 | INFO    | __main__ | SIZING: 0.240% of equity (Rs2,381 risk per trade)
2026-10-06 09:46:28 | INFO    | __main__ |   base 0.40%
2026-10-06 09:46:28 | INFO    | __main__ |   performance x0.6: n=15, observed expectancy shrunk to +0.074R vs prior +0.125R -> trimming (0.60x)
2026-10-06 09:46:28 | INFO    | __main__ |   drawdown    x1.0: drawdown 1.7% - within normal range
2026-10-06 09:46:28 | INFO    | __main__ | strategy: MOM-v3
2026-10-06 09:46:28 | INFO    | __main__ | walk-forward overrides in force: {'min_dev_above_vwap': 0.008, 'min_rsi': 70, 'min_rvol': 2.0}
2026-10-06 09:46:28 | INFO    | __main__ | equity Rs992,193 | open 0 | pending 0 | closed 15 | WR 53.3% | PF 0.68 | friction Rs5,091
2026-10-06 10:01:05 | INFO    | __main__ | ================================================================
2026-10-06 10:01:05 | INFO    | __main__ | Scan | 2026-10-06 10:01 IST
2026-10-06 10:01:43 | INFO    | data.fetcher | Fetched 15min data for 212/212 tickers
2026-10-06 10:01:43 | INFO    | __main__ | SIZING: 0.240% of equity (Rs2,381 risk per trade)
2026-10-06 10:01:43 | INFO    | __main__ |   base 0.40%
2026-10-06 10:01:43 | INFO    | __main__ |   performance x0.6: n=15, observed expectancy shrunk to +0.074R vs prior +0.125R -> trimming (0.60x)
2026-10-06 10:01:43 | INFO    | __main__ |   drawdown    x1.0: drawdown 1.7% - within normal range
2026-10-06 10:01:43 | INFO    | __main__ | strategy: MOM-v3
2026-10-06 10:01:43 | INFO    | __main__ | walk-forward overrides in force: {'min_dev_above_vwap': 0.008, 'min_rsi': 70, 'min_rvol': 2.0}
2026-10-06 10:01:43 | INFO    | __main__ | equity Rs992,193 | open 0 | pending 0 | closed 15 | WR 53.3% | PF 0.68 | friction Rs5,091
2026-10-06 10:15:54 | INFO    | __main__ | ================================================================
2026-10-06 10:15:54 | INFO    | __main__ | Scan | 2026-10-06 10:15 IST
2026-10-06 10:16:27 | INFO    | data.fetcher | Fetched 15min data for 212/212 tickers
2026-10-06 10:16:27 | INFO    | __main__ | SIZING: 0.240% of equity (Rs2,381 risk per trade)
2026-10-06 10:16:27 | INFO    | __main__ |   base 0.40%
2026-10-06 10:16:27 | INFO    | __main__ |   performance x0.6: n=15, observed expectancy shrunk to +0.074R vs prior +0.125R -> trimming (0.60x)
2026-10-06 10:16:27 | INFO    | __main__ |   drawdown    x1.0: drawdown 1.7% - within normal range
2026-10-06 10:16:27 | INFO    | __main__ | strategy: MOM-v3
2026-10-06 10:16:27 | INFO    | __main__ | walk-forward overrides in force: {'min_dev_above_vwap': 0.008, 'min_rsi': 70, 'min_rvol': 2.0}
2026-10-06 10:16:28 | INFO    | engine.paper_trader_v2 | ORDER ABB.NS market buy at next open (ref Rs7090.0, SL 0.585%, RSI 76.9, rvol 2.75)
2026-10-06 10:16:28 | INFO    | engine.paper_trader_v2 | FILLED ABB.NS @ Rs7084.0 | qty=57 notional=Rs403,788 friction=Rs433
2026-10-06 10:16:29 | INFO    | __main__ | equity Rs992,193 | open 1 | pending 0 | closed 15 | WR 53.3% | PF 0.68 | friction Rs5,091
2026-10-06 10:31:22 | INFO    | __main__ | ================================================================
2026-10-06 10:31:22 | INFO    | __main__ | Scan | 2026-10-06 10:31 IST
2026-10-06 10:31:55 | INFO    | data.fetcher | Fetched 15min data for 212/212 tickers
2026-10-06 10:31:56 | INFO    | __main__ | SIZING: 0.240% of equity (Rs2,380 risk per trade)
2026-10-06 10:31:56 | INFO    | __main__ |   base 0.40%
2026-10-06 10:31:56 | INFO    | __main__ |   performance x0.6: n=15, observed expectancy shrunk to +0.074R vs prior +0.125R -> trimming (0.60x)
2026-10-06 10:31:56 | INFO    | __main__ |   drawdown    x1.0: drawdown 1.8% - within normal range
2026-10-06 10:31:56 | INFO    | __main__ | strategy: MOM-v3
2026-10-06 10:31:56 | INFO    | __main__ | walk-forward overrides in force: {'min_dev_above_vwap': 0.008, 'min_rsi': 70, 'min_rvol': 2.0}
2026-10-06 10:31:57 | INFO    | engine.paper_trader_v2 | ORDER BLUESTARCO.NS market buy at next open (ref Rs1568.2, SL 0.7%, RSI 79.7, rvol 3.57)
2026-10-06 10:31:57 | INFO    | engine.paper_trader_v2 | FILLED BLUESTARCO.NS @ Rs1568.199951171875 | qty=216 notional=Rs338,731 friction=Rs371
2026-10-06 10:31:57 | INFO    | __main__ | equity Rs991,680 | open 2 | pending 0 | closed 15 | WR 53.3% | PF 0.68 | friction Rs5,091
2026-10-06 10:45:49 | INFO    | __main__ | ================================================================
2026-10-06 10:45:49 | INFO    | __main__ | Scan | 2026-10-06 10:45 IST
2026-10-06 10:46:22 | INFO    | data.fetcher | Fetched 15min data for 212/212 tickers
2026-10-06 10:46:22 | INFO    | __main__ | SIZING: 0.240% of equity (Rs2,377 risk per trade)
2026-10-06 10:46:22 | INFO    | __main__ |   base 0.40%
2026-10-06 10:46:22 | INFO    | __main__ |   performance x0.6: n=15, observed expectancy shrunk to +0.074R vs prior +0.125R -> trimming (0.60x)
2026-10-06 10:46:22 | INFO    | __main__ |   drawdown    x1.0: drawdown 1.9% - within normal range
2026-10-06 10:46:22 | INFO    | __main__ | strategy: MOM-v3
2026-10-06 10:46:22 | INFO    | __main__ | walk-forward overrides in force: {'min_dev_above_vwap': 0.008, 'min_rsi': 70, 'min_rvol': 2.0}
2026-10-06 10:46:23 | INFO    | engine.paper_trader_v2 | ORDER TRENT.NS market buy at next open (ref Rs2875.0, SL 1.192%, RSI 81.9, rvol 11.77)
2026-10-06 10:46:23 | INFO    | engine.paper_trader_v2 | FILLED TRENT.NS @ Rs2875.0 | qty=69 notional=Rs198,375 friction=Rs237
2026-10-06 10:46:23 | INFO    | __main__ | equity Rs990,450 | open 3 | pending 0 | closed 15 | WR 53.3% | PF 0.68 | friction Rs5,091
