2026-08-10 08:08:21 | INFO    | __main__ | ============================================================
2026-08-10 08:08:21 | INFO    | __main__ | Intraday Scan | 2026-08-10 13:38 IST
2026-08-10 08:08:21 | INFO    | __main__ | ============================================================
2026-08-10 08:08:21 | INFO    | __main__ | Fetching 15m data for 24 stocks...
2026-08-10 08:08:27 | INFO    | data.fetcher | Fetched 15min data for 24/24 tickers
2026-08-10 08:08:27 | INFO    | __main__ | Received valid intraday data for 24 tickers
2026-08-10 08:08:27 | INFO    | __main__ | Qualified Signals Found: 0 (ORB: 0, MR: 0)
2026-08-10 08:08:27 | INFO    | __main__ | Portfolio Summary: Cash=₹500,000 | Open=0 | Total P&L=₹+0 | Win Rate=0%
2026-08-10 08:13:38 | INFO    | __main__ | ============================================================
2026-08-10 08:13:38 | INFO    | __main__ | Intraday Scan | 2026-08-10 13:43 IST
2026-08-10 08:13:38 | INFO    | __main__ | ============================================================
2026-08-10 08:13:38 | INFO    | __main__ | Fetching 15m data for 24 stocks...
2026-08-10 08:13:44 | INFO    | data.fetcher | Fetched 15min data for 24/24 tickers
2026-08-10 08:13:44 | INFO    | __main__ | Received valid intraday data for 24 tickers
2026-08-10 08:13:44 | INFO    | __main__ | Qualified Signals Found: 0 (ORB: 0, MR: 0)
2026-08-10 08:13:44 | INFO    | __main__ | Portfolio Summary: Cash=₹500,000 | Open=0 | Total P&L=₹+0 | Win Rate=0%
2026-08-10 08:16:12 | INFO    | __main__ | ============================================================
2026-08-10 08:16:12 | INFO    | __main__ | Intraday Scan | 2026-08-10 13:46 IST
2026-08-10 08:16:12 | INFO    | __main__ | ============================================================
2026-08-10 08:16:12 | INFO    | __main__ | Fetching 15m data for 24 stocks...
2026-08-10 08:16:19 | INFO    | data.fetcher | Fetched 15min data for 24/24 tickers
2026-08-10 08:16:19 | INFO    | __main__ | Received valid intraday data for 24 tickers
2026-08-10 08:16:19 | INFO    | __main__ | Qualified Signals Found: 0 (ORB: 0, MR: 0)
2026-08-10 08:16:19 | INFO    | __main__ | Portfolio Summary: Cash=₹500,000 | Open=0 | Total P&L=₹+0 | Win Rate=0%
2026-08-10 08:23:39 | INFO    | __main__ | ============================================================
2026-08-10 08:23:39 | INFO    | __main__ | Intraday Scan | 2026-08-10 13:53 IST
2026-08-10 08:23:39 | INFO    | __main__ | ============================================================
2026-08-10 08:23:39 | INFO    | __main__ | Fetching 15m data for 24 stocks...
2026-08-10 08:23:45 | INFO    | data.fetcher | Fetched 15min data for 24/24 tickers
2026-08-10 08:23:45 | INFO    | __main__ | Received valid intraday data for 24 tickers
2026-08-10 08:23:46 | INFO    | __main__ | Qualified Signals Found: 0 (ORB: 0, MR: 0)
2026-08-10 08:23:46 | INFO    | __main__ | Portfolio Summary: Cash=₹500,000 | Open=0 | Total P&L=₹+0 | Win Rate=0%
2026-08-10 08:51:06 | INFO    | __main__ | ============================================================
2026-08-10 08:51:06 | INFO    | __main__ | Intraday Scan | 2026-08-10 14:21 IST
2026-08-10 08:51:06 | INFO    | __main__ | ============================================================
2026-08-10 08:51:06 | INFO    | __main__ | Fetching 15m data for 24 stocks...
2026-08-10 08:51:13 | INFO    | data.fetcher | Fetched 15min data for 24/24 tickers
2026-08-10 08:51:13 | INFO    | __main__ | Received valid intraday data for 24 tickers
2026-08-10 08:51:13 | INFO    | __main__ | Qualified Signals Found: 0 (ORB: 0, MR: 0)
2026-08-10 08:51:13 | INFO    | __main__ | Portfolio Summary: Cash=₹500,000 | Open=0 | Total P&L=₹+0 | Win Rate=0%
2026-08-10 08:57:22 | INFO    | __main__ | ============================================================
2026-08-10 08:57:22 | INFO    | __main__ | Intraday Scan | 2026-08-10 14:27 IST
2026-08-10 08:57:22 | INFO    | __main__ | ============================================================
2026-08-10 08:57:22 | INFO    | __main__ | Fetching 15m data for 24 stocks...
2026-08-10 08:57:32 | INFO    | data.fetcher | Fetched 15min data for 24/24 tickers
2026-08-10 08:57:32 | INFO    | __main__ | Received valid intraday data for 24 tickers
2026-08-10 08:57:32 | INFO    | __main__ | Qualified Signals Found: 0 (ORB: 0, MR: 0)
2026-08-10 08:57:32 | INFO    | __main__ | Portfolio Summary: Cash=₹500,000 | Open=0 | Total P&L=₹+0 | Win Rate=0%
2026-08-10 09:01:50 | INFO    | __main__ | ============================================================
2026-08-10 09:01:50 | INFO    | __main__ | Intraday Scan | 2026-08-10 14:31 IST
2026-08-10 09:01:50 | INFO    | __main__ | ============================================================
2026-08-10 09:01:50 | INFO    | __main__ | Fetching 15m data for 24 stocks...
2026-08-10 09:01:56 | INFO    | data.fetcher | Fetched 15min data for 24/24 tickers
2026-08-10 09:01:56 | INFO    | __main__ | Received valid intraday data for 24 tickers
2026-08-10 09:01:56 | INFO    | __main__ | Qualified Signals Found: 0 (ORB: 0, MR: 0)
2026-08-10 09:01:56 | INFO    | __main__ | Portfolio Summary: Cash=₹500,000 | Open=0 | Total P&L=₹+0 | Win Rate=0%
2026-08-10 09:27:15 | INFO    | __main__ | ============================================================
2026-08-10 09:27:15 | INFO    | __main__ | Intraday Scan | 2026-08-10 14:57 IST
2026-08-10 09:27:15 | INFO    | __main__ | ============================================================
2026-08-10 09:27:15 | INFO    | __main__ | Fetching 15m data for 24 stocks...
2026-08-10 09:27:24 | INFO    | data.fetcher | Fetched 15min data for 24/24 tickers
2026-08-10 09:27:24 | INFO    | __main__ | Received valid intraday data for 24 tickers
2026-08-10 09:27:24 | INFO    | __main__ | Qualified Signals Found: 0 (ORB: 0, MR: 0)
2026-08-10 09:27:24 | INFO    | __main__ | Portfolio Summary: Cash=₹500,000 | Open=0 | Total P&L=₹+0 | Win Rate=0%
2026-08-10 09:46:43 | INFO    | __main__ | ============================================================
2026-08-10 09:46:43 | INFO    | __main__ | Intraday Scan | 2026-08-10 15:16 IST
2026-08-10 09:46:43 | INFO    | __main__ | ============================================================
2026-08-10 09:46:43 | INFO    | __main__ | Fetching 15m data for 24 stocks...
2026-08-10 09:46:50 | INFO    | data.fetcher | Fetched 15min data for 24/24 tickers
2026-08-10 09:46:50 | INFO    | __main__ | Received valid intraday data for 24 tickers
2026-08-10 09:46:50 | INFO    | __main__ | Square-off time reached (3:15 PM) - Generating EOD Summary
2026-08-10 09:46:50 | INFO    | __main__ | EOD Summary: {'date': '2026-08-10', 'today_trades': 0, 'today_pnl': 0, 'today_winners': 0, 'total_pnl': 0.0, 'win_rate_pct': 0, 'return_pct': 0.0}
2026-08-10 09:53:58 | INFO    | __main__ | ============================================================
2026-08-10 09:53:58 | INFO    | __main__ | Intraday Scan | 2026-08-10 15:23 IST
2026-08-10 09:53:58 | INFO    | __main__ | ============================================================
2026-08-10 09:53:58 | INFO    | __main__ | Fetching 15m data for 24 stocks...
2026-08-10 09:54:04 | INFO    | data.fetcher | Fetched 15min data for 24/24 tickers
2026-08-10 09:54:04 | INFO    | __main__ | Received valid intraday data for 24 tickers
2026-08-10 09:54:04 | INFO    | __main__ | Square-off time reached (3:15 PM) - Generating EOD Summary
2026-08-10 09:54:04 | INFO    | __main__ | EOD Summary: {'date': '2026-08-10', 'today_trades': 0, 'today_pnl': 0, 'today_winners': 0, 'total_pnl': 0.0, 'win_rate_pct': 0, 'return_pct': 0.0}
2026-08-10 10:02:35 | INFO    | __main__ | ============================================================
2026-08-10 10:02:35 | INFO    | __main__ | Intraday Scan | 2026-08-10 15:32 IST
2026-08-10 10:02:35 | INFO    | __main__ | ============================================================
2026-08-10 10:02:35 | INFO    | __main__ | Outside NSE trading hours
2026-08-10 10:20:39 | INFO    | __main__ | ============================================================
2026-08-10 10:20:39 | INFO    | __main__ | Intraday Scan | 2026-08-10 15:50 IST
2026-08-10 10:20:39 | INFO    | __main__ | ============================================================
2026-08-10 10:20:39 | INFO    | __main__ | Outside NSE trading hours
2026-08-10 10:36:00 | INFO    | __main__ | ============================================================
2026-08-10 10:36:00 | INFO    | __main__ | Intraday Scan | 2026-08-10 16:06 IST
2026-08-10 10:36:00 | INFO    | __main__ | ============================================================
2026-08-10 10:36:00 | INFO    | __main__ | Outside NSE trading hours
2026-08-10 10:43:15 | INFO    | __main__ | ============================================================
2026-08-10 10:43:15 | INFO    | __main__ | Intraday Scan | 2026-08-10 16:13 IST
2026-08-10 10:43:15 | INFO    | __main__ | ============================================================
2026-08-10 10:43:15 | INFO    | __main__ | Outside NSE trading hours
2026-08-10 10:48:04 | INFO    | __main__ | ============================================================
2026-08-10 10:48:04 | INFO    | __main__ | Intraday Scan | 2026-08-10 16:18 IST
2026-08-10 10:48:04 | INFO    | __main__ | ============================================================
2026-08-10 10:48:04 | INFO    | __main__ | Outside NSE trading hours
2026-08-11 04:53:34 | INFO    | __main__ | ============================================================
2026-08-11 04:53:34 | INFO    | __main__ | Intraday Scan | 2026-08-11 10:23 IST
2026-08-11 04:53:34 | INFO    | __main__ | ============================================================
2026-08-11 04:53:34 | INFO    | __main__ | Fetching 15m data for 24 stocks...
2026-08-11 04:53:43 | INFO    | data.fetcher | Fetched 15min data for 24/24 tickers
2026-08-11 04:53:43 | INFO    | __main__ | Received valid intraday data for 24 tickers
2026-08-11 04:53:43 | INFO    | __main__ | Qualified Signals Found: 1 (ORB: 1, MR: 0)
2026-08-11 04:53:43 | INFO    | engine.paper_trader | ENTER LONG DIVISLAB.NS @ ₹8365.0 | Qty: 25 | SL: ₹8286.5 | Target: ₹8522.0 | Risk: ₹1962.0
2026-08-11 04:53:43 | INFO    | __main__ | Discord notification sent
2026-08-11 04:53:43 | INFO    | __main__ | Portfolio Summary: Cash=₹290,739 | Open=1 | Total P&L=₹+0 | Win Rate=0.0%
2026-08-11 05:12:36 | INFO    | __main__ | ============================================================
2026-08-11 05:12:36 | INFO    | __main__ | Intraday Scan | 2026-08-11 10:42 IST
2026-08-11 05:12:36 | INFO    | __main__ | ============================================================
2026-08-11 05:12:36 | INFO    | __main__ | Fetching 15m data for 24 stocks...
2026-08-11 05:12:41 | INFO    | data.fetcher | Fetched 15min data for 24/24 tickers
2026-08-11 05:12:41 | INFO    | __main__ | Received valid intraday data for 24 tickers
2026-08-11 05:12:42 | INFO    | __main__ | Qualified Signals Found: 1 (ORB: 1, MR: 0)
2026-08-11 05:12:42 | INFO    | engine.paper_trader | ENTER SHORT TATASTEEL.NS @ ₹189.21 | Qty: 1536 | SL: ₹190.49 | Target: ₹186.65 | Risk: ₹1966.0
2026-08-11 05:12:42 | INFO    | __main__ | Discord notification sent
2026-08-11 05:12:42 | INFO    | __main__ | Portfolio Summary: Cash=₹-66 | Open=2 | Total P&L=₹+0 | Win Rate=0.0%
2026-08-11 05:19:53 | INFO    | __main__ | ============================================================
2026-08-11 05:19:53 | INFO    | __main__ | Intraday Scan | 2026-08-11 10:49 IST
2026-08-11 05:19:53 | INFO    | __main__ | ============================================================
2026-08-11 05:19:53 | INFO    | __main__ | Fetching 15m data for 24 stocks...
2026-08-11 05:19:59 | INFO    | data.fetcher | Fetched 15min data for 24/24 tickers
2026-08-11 05:19:59 | INFO    | __main__ | Received valid intraday data for 24 tickers
2026-08-11 05:19:59 | INFO    | engine.paper_trader | TRAIL DIVISLAB.NS stop moved to breakeven + buffer: ₹8372.85
2026-08-11 05:19:59 | INFO    | __main__ | Qualified Signals Found: 2 (ORB: 2, MR: 1)
2026-08-11 05:19:59 | INFO    | engine.paper_trader | Daily trade limit (2) reached for 2026-08-11
2026-08-11 05:19:59 | INFO    | engine.paper_trader | Daily trade limit (2) reached for 2026-08-11
2026-08-11 05:19:59 | INFO    | __main__ | Portfolio Summary: Cash=₹-66 | Open=2 | Total P&L=₹+0 | Win Rate=0.0%
2026-08-11 05:34:23 | INFO    | __main__ | ============================================================
2026-08-11 05:34:23 | INFO    | __main__ | Intraday Scan | 2026-08-11 11:04 IST
2026-08-11 05:34:23 | INFO    | __main__ | ============================================================
2026-08-11 05:34:23 | INFO    | __main__ | Fetching 15m data for 24 stocks...
2026-08-11 05:34:34 | INFO    | data.fetcher | Fetched 15min data for 24/24 tickers
2026-08-11 05:34:34 | INFO    | __main__ | Received valid intraday data for 24 tickers
2026-08-11 05:34:34 | INFO    | __main__ | Qualified Signals Found: 0 (ORB: 0, MR: 0)
2026-08-11 05:34:34 | INFO    | __main__ | Portfolio Summary: Cash=₹-66 | Open=2 | Total P&L=₹+0 | Win Rate=0.0%
2026-08-11 05:42:16 | INFO    | __main__ | ============================================================
2026-08-11 05:42:16 | INFO    | __main__ | Intraday Scan | 2026-08-11 11:12 IST
2026-08-11 05:42:16 | INFO    | __main__ | ============================================================
2026-08-11 05:42:16 | INFO    | __main__ | Fetching 15m data for 24 stocks...
2026-08-11 05:42:24 | INFO    | data.fetcher | Fetched 15min data for 24/24 tickers
2026-08-11 05:42:24 | INFO    | __main__ | Received valid intraday data for 24 tickers
2026-08-11 05:42:25 | INFO    | __main__ | Qualified Signals Found: 0 (ORB: 0, MR: 0)
2026-08-11 05:42:25 | INFO    | __main__ | Portfolio Summary: Cash=₹-66 | Open=2 | Total P&L=₹+0 | Win Rate=0.0%
2026-08-11 05:53:24 | INFO    | __main__ | ============================================================
2026-08-11 05:53:24 | INFO    | __main__ | Intraday Scan | 2026-08-11 11:23 IST
2026-08-11 05:53:24 | INFO    | __main__ | ============================================================
2026-08-11 05:53:24 | INFO    | __main__ | Fetching 15m data for 24 stocks...
2026-08-11 05:53:30 | INFO    | data.fetcher | Fetched 15min data for 24/24 tickers
2026-08-11 05:53:30 | INFO    | __main__ | Received valid intraday data for 24 tickers
2026-08-11 05:53:30 | INFO    | __main__ | Qualified Signals Found: 1 (ORB: 0, MR: 1)
2026-08-11 05:53:30 | INFO    | engine.paper_trader | Daily trade limit (2) reached for 2026-08-11
2026-08-11 05:53:30 | INFO    | __main__ | Portfolio Summary: Cash=₹-66 | Open=2 | Total P&L=₹+0 | Win Rate=0.0%
2026-08-11 06:04:45 | INFO    | __main__ | ============================================================
2026-08-11 06:04:45 | INFO    | __main__ | Intraday Scan | 2026-08-11 11:34 IST
2026-08-11 06:04:45 | INFO    | __main__ | ============================================================
2026-08-11 06:04:45 | INFO    | __main__ | Fetching 15m data for 24 stocks...
2026-08-11 06:04:51 | INFO    | data.fetcher | Fetched 15min data for 24/24 tickers
2026-08-11 06:04:51 | INFO    | __main__ | Received valid intraday data for 24 tickers
2026-08-11 06:04:51 | INFO    | engine.paper_trader | TRAIL TATASTEEL.NS stop moved to breakeven + buffer: ₹189.08
2026-08-11 06:04:51 | INFO    | __main__ | Qualified Signals Found: 1 (ORB: 0, MR: 1)
2026-08-11 06:04:51 | INFO    | engine.paper_trader | Daily trade limit (2) reached for 2026-08-11
2026-08-11 06:04:51 | INFO    | __main__ | Portfolio Summary: Cash=₹-66 | Open=2 | Total P&L=₹+0 | Win Rate=0.0%
2026-08-11 06:13:15 | INFO    | __main__ | ============================================================
2026-08-11 06:13:15 | INFO    | __main__ | Intraday Scan | 2026-08-11 11:43 IST
2026-08-11 06:13:15 | INFO    | __main__ | ============================================================
2026-08-11 06:13:15 | INFO    | __main__ | Fetching 15m data for 24 stocks...
2026-08-11 06:13:22 | INFO    | data.fetcher | Fetched 15min data for 24/24 tickers
2026-08-11 06:13:22 | INFO    | __main__ | Received valid intraday data for 24 tickers
2026-08-11 06:13:22 | INFO    | __main__ | Qualified Signals Found: 1 (ORB: 0, MR: 1)
2026-08-11 06:13:22 | INFO    | engine.paper_trader | Daily trade limit (2) reached for 2026-08-11
2026-08-11 06:13:22 | INFO    | __main__ | Portfolio Summary: Cash=₹-66 | Open=2 | Total P&L=₹+0 | Win Rate=0.0%
2026-08-11 06:33:41 | INFO    | __main__ | ============================================================
2026-08-11 06:33:41 | INFO    | __main__ | Intraday Scan | 2026-08-11 12:03 IST
2026-08-11 06:33:41 | INFO    | __main__ | ============================================================
2026-08-11 06:33:41 | INFO    | __main__ | Fetching 15m data for 24 stocks...
2026-08-11 06:33:49 | INFO    | data.fetcher | Fetched 15min data for 24/24 tickers
2026-08-11 06:33:49 | INFO    | __main__ | Received valid intraday data for 24 tickers
2026-08-11 06:33:49 | INFO    | __main__ | Qualified Signals Found: 2 (ORB: 0, MR: 2)
2026-08-11 06:33:49 | INFO    | engine.paper_trader | Daily trade limit (2) reached for 2026-08-11
2026-08-11 06:33:49 | INFO    | engine.paper_trader | Daily trade limit (2) reached for 2026-08-11
2026-08-11 06:33:49 | INFO    | __main__ | Portfolio Summary: Cash=₹-66 | Open=2 | Total P&L=₹+0 | Win Rate=0.0%
2026-08-11 06:49:54 | INFO    | __main__ | ============================================================
2026-08-11 06:49:54 | INFO    | __main__ | Intraday Scan | 2026-08-11 12:19 IST
2026-08-11 06:49:54 | INFO    | __main__ | ============================================================
2026-08-11 06:49:54 | INFO    | __main__ | Fetching 15m data for 24 stocks...
2026-08-11 06:50:05 | INFO    | data.fetcher | Fetched 15min data for 24/24 tickers
2026-08-11 06:50:05 | INFO    | __main__ | Received valid intraday data for 24 tickers
2026-08-11 06:50:05 | INFO    | __main__ | Qualified Signals Found: 1 (ORB: 0, MR: 1)
2026-08-11 06:50:05 | INFO    | engine.paper_trader | Daily trade limit (2) reached for 2026-08-11
2026-08-11 06:50:05 | INFO    | __main__ | Portfolio Summary: Cash=₹-66 | Open=2 | Total P&L=₹+0 | Win Rate=0.0%
2026-08-11 07:33:02 | INFO    | __main__ | ============================================================
2026-08-11 07:33:02 | INFO    | __main__ | Intraday Scan | 2026-08-11 13:03 IST
2026-08-11 07:33:02 | INFO    | __main__ | ============================================================
2026-08-11 07:33:02 | INFO    | __main__ | Fetching 15m data for 24 stocks...
2026-08-11 07:33:08 | INFO    | data.fetcher | Fetched 15min data for 24/24 tickers
2026-08-11 07:33:08 | INFO    | __main__ | Received valid intraday data for 24 tickers
2026-08-11 07:33:08 | INFO    | __main__ | Qualified Signals Found: 1 (ORB: 0, MR: 1)
2026-08-11 07:33:08 | INFO    | engine.paper_trader | Daily trade limit (2) reached for 2026-08-11
2026-08-11 07:33:08 | INFO    | __main__ | Portfolio Summary: Cash=₹-66 | Open=2 | Total P&L=₹+0 | Win Rate=0.0%
2026-08-11 07:45:58 | INFO    | __main__ | ============================================================
2026-08-11 07:45:58 | INFO    | __main__ | Intraday Scan | 2026-08-11 13:15 IST
2026-08-11 07:45:58 | INFO    | __main__ | ============================================================
2026-08-11 07:45:58 | INFO    | __main__ | Fetching 15m data for 24 stocks...
2026-08-11 07:46:04 | INFO    | data.fetcher | Fetched 15min data for 24/24 tickers
2026-08-11 07:46:04 | INFO    | __main__ | Received valid intraday data for 24 tickers
2026-08-11 07:46:04 | INFO    | __main__ | Qualified Signals Found: 0 (ORB: 0, MR: 0)
2026-08-11 07:46:04 | INFO    | __main__ | Portfolio Summary: Cash=₹-66 | Open=2 | Total P&L=₹+0 | Win Rate=0.0%
2026-08-11 07:51:22 | INFO    | __main__ | ============================================================
2026-08-11 07:51:22 | INFO    | __main__ | Intraday Scan | 2026-08-11 13:21 IST
2026-08-11 07:51:22 | INFO    | __main__ | ============================================================
2026-08-11 07:51:22 | INFO    | __main__ | Fetching 15m data for 24 stocks...
2026-08-11 07:51:28 | INFO    | data.fetcher | Fetched 15min data for 24/24 tickers
2026-08-11 07:51:28 | INFO    | __main__ | Received valid intraday data for 24 tickers
2026-08-11 07:51:28 | INFO    | __main__ | Qualified Signals Found: 0 (ORB: 0, MR: 0)
2026-08-11 07:51:28 | INFO    | __main__ | Portfolio Summary: Cash=₹-66 | Open=2 | Total P&L=₹+0 | Win Rate=0.0%
2026-08-11 08:07:11 | INFO    | __main__ | ============================================================
2026-08-11 08:07:11 | INFO    | __main__ | Intraday Scan | 2026-08-11 13:37 IST
2026-08-11 08:07:11 | INFO    | __main__ | ============================================================
2026-08-11 08:07:11 | INFO    | __main__ | Fetching 15m data for 24 stocks...
2026-08-11 08:07:17 | INFO    | data.fetcher | Fetched 15min data for 24/24 tickers
2026-08-11 08:07:17 | INFO    | __main__ | Received valid intraday data for 24 tickers
2026-08-11 08:07:17 | INFO    | __main__ | Qualified Signals Found: 0 (ORB: 0, MR: 0)
2026-08-11 08:07:17 | INFO    | __main__ | Portfolio Summary: Cash=₹-66 | Open=2 | Total P&L=₹+0 | Win Rate=0.0%
2026-08-11 08:15:10 | INFO    | __main__ | ============================================================
2026-08-11 08:15:10 | INFO    | __main__ | Intraday Scan | 2026-08-11 13:45 IST
2026-08-11 08:15:10 | INFO    | __main__ | ============================================================
2026-08-11 08:15:10 | INFO    | __main__ | Fetching 15m data for 24 stocks...
2026-08-11 08:15:18 | INFO    | data.fetcher | Fetched 15min data for 24/24 tickers
2026-08-11 08:15:18 | INFO    | __main__ | Received valid intraday data for 24 tickers
2026-08-11 08:15:18 | INFO    | __main__ | Qualified Signals Found: 0 (ORB: 0, MR: 0)
2026-08-11 08:15:18 | INFO    | __main__ | Portfolio Summary: Cash=₹-66 | Open=2 | Total P&L=₹+0 | Win Rate=0.0%
2026-08-11 08:30:02 | INFO    | __main__ | ============================================================
2026-08-11 08:30:02 | INFO    | __main__ | Intraday Scan | 2026-08-11 14:00 IST
2026-08-11 08:30:02 | INFO    | __main__ | ============================================================
2026-08-11 08:30:02 | INFO    | __main__ | Fetching 15m data for 24 stocks...
2026-08-11 08:30:07 | INFO    | data.fetcher | Fetched 15min data for 24/24 tickers
2026-08-11 08:30:07 | INFO    | __main__ | Received valid intraday data for 24 tickers
2026-08-11 08:30:08 | INFO    | __main__ | Qualified Signals Found: 1 (ORB: 0, MR: 1)
2026-08-11 08:30:08 | INFO    | engine.paper_trader | Daily trade limit (2) reached for 2026-08-11
2026-08-11 08:30:08 | INFO    | __main__ | Portfolio Summary: Cash=₹-66 | Open=2 | Total P&L=₹+0 | Win Rate=0.0%
2026-08-11 08:38:16 | INFO    | __main__ | ============================================================
2026-08-11 08:38:16 | INFO    | __main__ | Intraday Scan | 2026-08-11 14:08 IST
2026-08-11 08:38:16 | INFO    | __main__ | ============================================================
2026-08-11 08:38:16 | INFO    | __main__ | Fetching 15m data for 24 stocks...
2026-08-11 08:38:28 | INFO    | data.fetcher | Fetched 15min data for 24/24 tickers
2026-08-11 08:38:28 | INFO    | __main__ | Received valid intraday data for 24 tickers
2026-08-11 08:38:28 | INFO    | __main__ | Qualified Signals Found: 0 (ORB: 0, MR: 0)
2026-08-11 08:38:28 | INFO    | __main__ | Portfolio Summary: Cash=₹-66 | Open=2 | Total P&L=₹+0 | Win Rate=0.0%
2026-08-11 09:03:27 | INFO    | __main__ | ============================================================
2026-08-11 09:03:27 | INFO    | __main__ | Intraday Scan | 2026-08-11 14:33 IST
2026-08-11 09:03:27 | INFO    | __main__ | ============================================================
2026-08-11 09:03:27 | INFO    | __main__ | Fetching 15m data for 24 stocks...
2026-08-11 09:03:35 | INFO    | data.fetcher | Fetched 15min data for 24/24 tickers
2026-08-11 09:03:35 | INFO    | __main__ | Received valid intraday data for 24 tickers
2026-08-11 09:03:36 | INFO    | __main__ | Qualified Signals Found: 1 (ORB: 0, MR: 1)
2026-08-11 09:03:36 | INFO    | engine.paper_trader | Daily trade limit (2) reached for 2026-08-11
2026-08-11 09:03:36 | INFO    | __main__ | Portfolio Summary: Cash=₹-66 | Open=2 | Total P&L=₹+0 | Win Rate=0.0%
2026-08-11 09:13:07 | INFO    | __main__ | ============================================================
2026-08-11 09:13:07 | INFO    | __main__ | Intraday Scan | 2026-08-11 14:43 IST
2026-08-11 09:13:07 | INFO    | __main__ | ============================================================
2026-08-11 09:13:07 | INFO    | __main__ | Fetching 15m data for 24 stocks...
2026-08-11 09:13:13 | INFO    | data.fetcher | Fetched 15min data for 24/24 tickers
2026-08-11 09:13:13 | INFO    | __main__ | Received valid intraday data for 24 tickers
2026-08-11 09:13:14 | INFO    | __main__ | Qualified Signals Found: 0 (ORB: 0, MR: 0)
2026-08-11 09:13:14 | INFO    | __main__ | Portfolio Summary: Cash=₹-66 | Open=2 | Total P&L=₹+0 | Win Rate=0.0%
2026-08-11 09:26:20 | INFO    | __main__ | ============================================================
2026-08-11 09:26:20 | INFO    | __main__ | Intraday Scan | 2026-08-11 14:56 IST
2026-08-11 09:26:20 | INFO    | __main__ | ============================================================
2026-08-11 09:26:20 | INFO    | __main__ | Fetching 15m data for 24 stocks...
2026-08-11 09:26:26 | INFO    | data.fetcher | Fetched 15min data for 24/24 tickers
2026-08-11 09:26:26 | INFO    | __main__ | Received valid intraday data for 24 tickers
2026-08-11 09:26:27 | INFO    | __main__ | Qualified Signals Found: 0 (ORB: 0, MR: 0)
2026-08-11 09:26:27 | INFO    | __main__ | Portfolio Summary: Cash=₹-66 | Open=2 | Total P&L=₹+0 | Win Rate=0.0%
2026-08-11 09:43:54 | INFO    | __main__ | ============================================================
2026-08-11 09:43:54 | INFO    | __main__ | Intraday Scan | 2026-08-11 15:13 IST
2026-08-11 09:43:54 | INFO    | __main__ | ============================================================
2026-08-11 09:43:54 | INFO    | __main__ | Fetching 15m data for 24 stocks...
2026-08-11 09:44:00 | INFO    | data.fetcher | Fetched 15min data for 24/24 tickers
2026-08-11 09:44:00 | INFO    | __main__ | Received valid intraday data for 24 tickers
2026-08-11 09:44:00 | INFO    | engine.paper_trader | EXIT DIVISLAB.NS @ ₹8522.0 | P&L: ₹+3598 (target)
2026-08-11 09:44:01 | INFO    | __main__ | Discord notification sent
2026-08-11 09:44:01 | INFO    | __main__ | Qualified Signals Found: 1 (ORB: 0, MR: 1)
2026-08-11 09:44:01 | INFO    | engine.paper_trader | Daily trade limit (2) reached for 2026-08-11
2026-08-11 09:44:01 | INFO    | __main__ | Portfolio Summary: Cash=₹212,793 | Open=1 | Total P&L=₹+3,598 | Win Rate=50.0%
2026-08-11 10:03:09 | INFO    | __main__ | ============================================================
2026-08-11 10:03:09 | INFO    | __main__ | Intraday Scan | 2026-08-11 15:33 IST
2026-08-11 10:03:09 | INFO    | __main__ | ============================================================
2026-08-11 10:03:09 | INFO    | __main__ | Outside NSE trading hours
2026-08-11 10:10:08 | INFO    | __main__ | ============================================================
2026-08-11 10:10:08 | INFO    | __main__ | Intraday Scan | 2026-08-11 15:40 IST
2026-08-11 10:10:08 | INFO    | __main__ | ============================================================
2026-08-11 10:10:08 | INFO    | __main__ | Outside NSE trading hours
2026-08-11 10:24:45 | INFO    | __main__ | ============================================================
2026-08-11 10:24:45 | INFO    | __main__ | Intraday Scan | 2026-08-11 15:54 IST
2026-08-11 10:24:45 | INFO    | __main__ | ============================================================
2026-08-11 10:24:45 | INFO    | __main__ | Outside NSE trading hours
2026-08-11 10:35:18 | INFO    | __main__ | ============================================================
2026-08-11 10:35:18 | INFO    | __main__ | Intraday Scan | 2026-08-11 16:05 IST
2026-08-11 10:35:18 | INFO    | __main__ | ============================================================
2026-08-11 10:35:18 | INFO    | __main__ | Outside NSE trading hours
2026-08-12 05:18:38 | INFO    | __main__ | ============================================================
2026-08-12 05:18:38 | INFO    | __main__ | Intraday Scan | 2026-08-12 10:48 IST
2026-08-12 05:18:38 | INFO    | __main__ | ============================================================
2026-08-12 05:18:38 | INFO    | __main__ | Fetching 15m data for 24 stocks...
2026-08-12 05:18:48 | INFO    | data.fetcher | Fetched 15min data for 24/24 tickers
2026-08-12 05:18:48 | INFO    | __main__ | Received valid intraday data for 24 tickers
2026-08-12 05:18:48 | INFO    | __main__ | Qualified Signals Found: 2 (ORB: 2, MR: 1)
2026-08-12 05:18:48 | INFO    | engine.paper_trader | ENTER SHORT POWERGRID.NS @ ₹266.6 | Qty: 797 | SL: ₹268.35 | Target: ₹263.1 | Risk: ₹1395.0
2026-08-12 05:18:48 | INFO    | engine.paper_trader | ENTER SHORT ADANIENT.NS @ ₹2959.6 | Qty: 1 | SL: ₹3008.4 | Target: ₹2862.0 | Risk: ₹49.0
2026-08-12 05:18:49 | INFO    | __main__ | Discord notification sent
2026-08-12 05:18:49 | INFO    | __main__ | Discord notification sent
2026-08-12 05:18:49 | INFO    | __main__ | Portfolio Summary: Cash=₹-2,810 | Open=3 | Total P&L=₹+3,598 | Win Rate=25.0%
2026-08-12 05:40:12 | INFO    | __main__ | ============================================================
2026-08-12 05:40:12 | INFO    | __main__ | Intraday Scan | 2026-08-12 11:10 IST
2026-08-12 05:40:12 | INFO    | __main__ | ============================================================
2026-08-12 05:40:12 | INFO    | __main__ | Fetching 15m data for 24 stocks...
2026-08-12 05:40:23 | INFO    | data.fetcher | Fetched 15min data for 24/24 tickers
2026-08-12 05:40:23 | INFO    | __main__ | Received valid intraday data for 24 tickers
2026-08-12 05:40:23 | INFO    | engine.paper_trader | EXIT TATASTEEL.NS @ ₹186.65 | P&L: ₹+3504 (target)
2026-08-12 05:40:23 | INFO    | __main__ | Discord notification sent
2026-08-12 05:40:23 | INFO    | __main__ | Qualified Signals Found: 1 (ORB: 0, MR: 1)
2026-08-12 05:40:23 | INFO    | engine.paper_trader | Daily trade limit (2) reached for 2026-08-12
2026-08-12 05:40:23 | INFO    | __main__ | Portfolio Summary: Cash=₹283,636 | Open=2 | Total P&L=₹+7,103 | Win Rate=50.0%
2026-08-12 05:44:20 | INFO    | __main__ | ============================================================
2026-08-12 05:44:20 | INFO    | __main__ | Intraday Scan | 2026-08-12 11:14 IST
2026-08-12 05:44:20 | INFO    | __main__ | ============================================================
2026-08-12 05:44:20 | INFO    | __main__ | Fetching 15m data for 24 stocks...
2026-08-12 05:44:30 | INFO    | data.fetcher | Fetched 15min data for 24/24 tickers
2026-08-12 05:44:30 | INFO    | __main__ | Received valid intraday data for 24 tickers
2026-08-12 05:44:31 | INFO    | __main__ | Qualified Signals Found: 2 (ORB: 2, MR: 1)
2026-08-12 05:44:31 | INFO    | engine.paper_trader | Daily trade limit (2) reached for 2026-08-12
2026-08-12 05:44:31 | INFO    | engine.paper_trader | Daily trade limit (2) reached for 2026-08-12
2026-08-12 05:44:31 | INFO    | __main__ | Portfolio Summary: Cash=₹283,636 | Open=2 | Total P&L=₹+7,103 | Win Rate=50.0%
2026-08-12 05:53:52 | INFO    | __main__ | ============================================================
2026-08-12 05:53:52 | INFO    | __main__ | Intraday Scan | 2026-08-12 11:23 IST
2026-08-12 05:53:52 | INFO    | __main__ | ============================================================
2026-08-12 05:53:52 | INFO    | __main__ | Fetching 15m data for 24 stocks...
2026-08-12 05:54:02 | INFO    | data.fetcher | Fetched 15min data for 24/24 tickers
2026-08-12 05:54:02 | INFO    | __main__ | Received valid intraday data for 24 tickers
2026-08-12 05:54:02 | INFO    | __main__ | Qualified Signals Found: 1 (ORB: 1, MR: 0)
2026-08-12 05:54:02 | INFO    | engine.paper_trader | Daily trade limit (2) reached for 2026-08-12
2026-08-12 05:54:02 | INFO    | __main__ | Portfolio Summary: Cash=₹283,636 | Open=2 | Total P&L=₹+7,103 | Win Rate=50.0%
2026-08-12 06:05:44 | INFO    | __main__ | ============================================================
2026-08-12 06:05:44 | INFO    | __main__ | Intraday Scan | 2026-08-12 11:35 IST
2026-08-12 06:05:44 | INFO    | __main__ | ============================================================
2026-08-12 06:05:44 | INFO    | __main__ | Fetching 15m data for 24 stocks...
2026-08-12 06:05:50 | INFO    | data.fetcher | Fetched 15min data for 24/24 tickers
2026-08-12 06:05:50 | INFO    | __main__ | Received valid intraday data for 24 tickers
2026-08-12 06:05:51 | INFO    | __main__ | Qualified Signals Found: 0 (ORB: 0, MR: 0)
2026-08-12 06:05:51 | INFO    | __main__ | Portfolio Summary: Cash=₹283,636 | Open=2 | Total P&L=₹+7,103 | Win Rate=50.0%
2026-08-12 06:14:39 | INFO    | __main__ | ============================================================
2026-08-12 06:14:39 | INFO    | __main__ | Intraday Scan | 2026-08-12 11:44 IST
2026-08-12 06:14:39 | INFO    | __main__ | ============================================================
2026-08-12 06:14:39 | INFO    | __main__ | Fetching 15m data for 24 stocks...
2026-08-12 06:14:46 | INFO    | data.fetcher | Fetched 15min data for 24/24 tickers
2026-08-12 06:14:46 | INFO    | __main__ | Received valid intraday data for 24 tickers
2026-08-12 06:14:46 | INFO    | __main__ | Qualified Signals Found: 0 (ORB: 0, MR: 0)
2026-08-12 06:14:46 | INFO    | __main__ | Portfolio Summary: Cash=₹283,636 | Open=2 | Total P&L=₹+7,103 | Win Rate=50.0%
2026-08-12 06:43:01 | INFO    | __main__ | ============================================================
2026-08-12 06:43:01 | INFO    | __main__ | Intraday Scan | 2026-08-12 12:13 IST
2026-08-12 06:43:01 | INFO    | __main__ | ============================================================
2026-08-12 06:43:01 | INFO    | __main__ | Fetching 15m data for 24 stocks...
2026-08-12 06:43:09 | INFO    | data.fetcher | Fetched 15min data for 24/24 tickers
2026-08-12 06:43:09 | INFO    | __main__ | Received valid intraday data for 24 tickers
2026-08-12 06:43:09 | INFO    | __main__ | Qualified Signals Found: 2 (ORB: 0, MR: 2)
2026-08-12 06:43:09 | INFO    | engine.paper_trader | Daily trade limit (2) reached for 2026-08-12
2026-08-12 06:43:09 | INFO    | engine.paper_trader | Daily trade limit (2) reached for 2026-08-12
2026-08-12 06:43:09 | INFO    | __main__ | Portfolio Summary: Cash=₹283,636 | Open=2 | Total P&L=₹+7,103 | Win Rate=50.0%
2026-08-12 06:52:13 | INFO    | __main__ | ============================================================
2026-08-12 06:52:13 | INFO    | __main__ | Intraday Scan | 2026-08-12 12:22 IST
2026-08-12 06:52:13 | INFO    | __main__ | ============================================================
2026-08-12 06:52:13 | INFO    | __main__ | Fetching 15m data for 24 stocks...
2026-08-12 06:52:19 | INFO    | data.fetcher | Fetched 15min data for 24/24 tickers
2026-08-12 06:52:19 | INFO    | __main__ | Received valid intraday data for 24 tickers
2026-08-12 06:52:20 | INFO    | __main__ | Qualified Signals Found: 2 (ORB: 0, MR: 2)
2026-08-12 06:52:20 | INFO    | engine.paper_trader | Daily trade limit (2) reached for 2026-08-12
2026-08-12 06:52:20 | INFO    | engine.paper_trader | Daily trade limit (2) reached for 2026-08-12
2026-08-12 06:52:20 | INFO    | __main__ | Portfolio Summary: Cash=₹283,636 | Open=2 | Total P&L=₹+7,103 | Win Rate=50.0%
2026-08-12 06:57:31 | INFO    | __main__ | ============================================================
2026-08-12 06:57:31 | INFO    | __main__ | Intraday Scan | 2026-08-12 12:27 IST
2026-08-12 06:57:31 | INFO    | __main__ | ============================================================
2026-08-12 06:57:31 | INFO    | __main__ | Fetching 15m data for 24 stocks...
2026-08-12 06:57:38 | INFO    | data.fetcher | Fetched 15min data for 24/24 tickers
2026-08-12 06:57:38 | INFO    | __main__ | Received valid intraday data for 24 tickers
2026-08-12 06:57:38 | INFO    | __main__ | Qualified Signals Found: 2 (ORB: 0, MR: 2)
2026-08-12 06:57:38 | INFO    | engine.paper_trader | Daily trade limit (2) reached for 2026-08-12
2026-08-12 06:57:38 | INFO    | engine.paper_trader | Daily trade limit (2) reached for 2026-08-12
2026-08-12 06:57:38 | INFO    | __main__ | Portfolio Summary: Cash=₹283,636 | Open=2 | Total P&L=₹+7,103 | Win Rate=50.0%
2026-08-12 07:09:36 | INFO    | __main__ | ============================================================
2026-08-12 07:09:36 | INFO    | __main__ | Intraday Scan | 2026-08-12 12:39 IST
2026-08-12 07:09:36 | INFO    | __main__ | ============================================================
2026-08-12 07:09:36 | INFO    | __main__ | Fetching 15m data for 24 stocks...
2026-08-12 07:09:42 | INFO    | data.fetcher | Fetched 15min data for 24/24 tickers
2026-08-12 07:09:42 | INFO    | __main__ | Received valid intraday data for 24 tickers
2026-08-12 07:09:42 | INFO    | __main__ | Qualified Signals Found: 1 (ORB: 0, MR: 1)
2026-08-12 07:09:42 | INFO    | engine.paper_trader | Daily trade limit (2) reached for 2026-08-12
2026-08-12 07:09:42 | INFO    | __main__ | Portfolio Summary: Cash=₹283,636 | Open=2 | Total P&L=₹+7,103 | Win Rate=50.0%
2026-08-12 07:48:13 | INFO    | __main__ | ============================================================
2026-08-12 07:48:13 | INFO    | __main__ | Intraday Scan | 2026-08-12 13:18 IST
2026-08-12 07:48:13 | INFO    | __main__ | ============================================================
2026-08-12 07:48:13 | INFO    | __main__ | Fetching 15m data for 24 stocks...
2026-08-12 07:48:24 | INFO    | data.fetcher | Fetched 15min data for 24/24 tickers
2026-08-12 07:48:24 | INFO    | __main__ | Received valid intraday data for 24 tickers
2026-08-12 07:48:24 | INFO    | __main__ | Qualified Signals Found: 0 (ORB: 0, MR: 0)
2026-08-12 07:48:24 | INFO    | __main__ | Portfolio Summary: Cash=₹283,636 | Open=2 | Total P&L=₹+7,103 | Win Rate=50.0%
2026-08-12 07:59:27 | INFO    | __main__ | ============================================================
2026-08-12 07:59:27 | INFO    | __main__ | Intraday Scan | 2026-08-12 13:29 IST
2026-08-12 07:59:27 | INFO    | __main__ | ============================================================
2026-08-12 07:59:27 | INFO    | __main__ | Fetching 15m data for 24 stocks...
2026-08-12 07:59:35 | INFO    | data.fetcher | Fetched 15min data for 24/24 tickers
2026-08-12 07:59:35 | INFO    | __main__ | Received valid intraday data for 24 tickers
2026-08-12 07:59:35 | INFO    | engine.paper_trader | EXIT POWERGRID.NS @ ₹268.35 | P&L: ₹-1724 (stop_loss)
2026-08-12 07:59:36 | INFO    | __main__ | Discord notification sent
2026-08-12 07:59:36 | INFO    | __main__ | Qualified Signals Found: 0 (ORB: 0, MR: 0)
2026-08-12 07:59:36 | INFO    | __main__ | Portfolio Summary: Cash=₹497,319 | Open=1 | Total P&L=₹+5,379 | Win Rate=50.0%
2026-08-12 08:02:50 | INFO    | __main__ | ============================================================
2026-08-12 08:02:50 | INFO    | __main__ | Intraday Scan | 2026-08-12 13:32 IST
2026-08-12 08:02:50 | INFO    | __main__ | ============================================================
2026-08-12 08:02:50 | INFO    | __main__ | Fetching 15m data for 24 stocks...
2026-08-12 08:02:56 | INFO    | data.fetcher | Fetched 15min data for 24/24 tickers
2026-08-12 08:02:56 | INFO    | __main__ | Received valid intraday data for 24 tickers
2026-08-12 08:02:56 | INFO    | __main__ | Qualified Signals Found: 0 (ORB: 0, MR: 0)
2026-08-12 08:02:56 | INFO    | __main__ | Portfolio Summary: Cash=₹497,319 | Open=1 | Total P&L=₹+5,379 | Win Rate=50.0%
2026-08-12 08:11:40 | INFO    | __main__ | ============================================================
2026-08-12 08:11:40 | INFO    | __main__ | Intraday Scan | 2026-08-12 13:41 IST
2026-08-12 08:11:40 | INFO    | __main__ | ============================================================
2026-08-12 08:11:40 | INFO    | __main__ | Fetching 15m data for 24 stocks...
2026-08-12 08:11:48 | INFO    | data.fetcher | Fetched 15min data for 24/24 tickers
2026-08-12 08:11:48 | INFO    | __main__ | Received valid intraday data for 24 tickers
2026-08-12 08:11:48 | INFO    | __main__ | Qualified Signals Found: 0 (ORB: 0, MR: 0)
2026-08-12 08:11:48 | INFO    | __main__ | Portfolio Summary: Cash=₹497,319 | Open=1 | Total P&L=₹+5,379 | Win Rate=50.0%
2026-08-12 08:39:13 | INFO    | __main__ | ============================================================
2026-08-12 08:39:13 | INFO    | __main__ | Intraday Scan | 2026-08-12 14:09 IST
2026-08-12 08:39:13 | INFO    | __main__ | ============================================================
2026-08-12 08:39:13 | INFO    | __main__ | Fetching 15m data for 24 stocks...
2026-08-12 08:39:26 | INFO    | data.fetcher | Fetched 15min data for 24/24 tickers
2026-08-12 08:39:26 | INFO    | __main__ | Received valid intraday data for 24 tickers
2026-08-12 08:39:26 | INFO    | __main__ | Qualified Signals Found: 0 (ORB: 0, MR: 0)
2026-08-12 08:39:26 | INFO    | __main__ | Portfolio Summary: Cash=₹497,319 | Open=1 | Total P&L=₹+5,379 | Win Rate=50.0%
2026-08-12 08:46:51 | INFO    | __main__ | ============================================================
2026-08-12 08:46:51 | INFO    | __main__ | Intraday Scan | 2026-08-12 14:16 IST
2026-08-12 08:46:51 | INFO    | __main__ | ============================================================
2026-08-12 08:46:51 | INFO    | __main__ | Fetching 15m data for 24 stocks...
2026-08-12 08:46:58 | INFO    | data.fetcher | Fetched 15min data for 24/24 tickers
2026-08-12 08:46:58 | INFO    | __main__ | Received valid intraday data for 24 tickers
2026-08-12 08:46:58 | INFO    | __main__ | Qualified Signals Found: 0 (ORB: 0, MR: 0)
2026-08-12 08:46:58 | INFO    | __main__ | Portfolio Summary: Cash=₹497,319 | Open=1 | Total P&L=₹+5,379 | Win Rate=50.0%
2026-08-12 08:52:26 | INFO    | __main__ | ============================================================
2026-08-12 08:52:26 | INFO    | __main__ | Intraday Scan | 2026-08-12 14:22 IST
2026-08-12 08:52:26 | INFO    | __main__ | ============================================================
2026-08-12 08:52:26 | INFO    | __main__ | Fetching 15m data for 24 stocks...
2026-08-12 08:52:32 | INFO    | data.fetcher | Fetched 15min data for 24/24 tickers
2026-08-12 08:52:32 | INFO    | __main__ | Received valid intraday data for 24 tickers
2026-08-12 08:52:33 | INFO    | __main__ | Qualified Signals Found: 0 (ORB: 0, MR: 0)
2026-08-12 08:52:33 | INFO    | __main__ | Portfolio Summary: Cash=₹497,319 | Open=1 | Total P&L=₹+5,379 | Win Rate=50.0%
2026-08-12 09:16:13 | INFO    | __main__ | ============================================================
2026-08-12 09:16:13 | INFO    | __main__ | Intraday Scan | 2026-08-12 14:46 IST
2026-08-12 09:16:13 | INFO    | __main__ | ============================================================
2026-08-12 09:16:13 | INFO    | __main__ | Fetching 15m data for 24 stocks...
2026-08-12 09:16:24 | INFO    | data.fetcher | Fetched 15min data for 24/24 tickers
2026-08-12 09:16:24 | INFO    | __main__ | Received valid intraday data for 24 tickers
2026-08-12 09:16:24 | INFO    | __main__ | Qualified Signals Found: 0 (ORB: 0, MR: 0)
2026-08-12 09:16:24 | INFO    | __main__ | Portfolio Summary: Cash=₹497,319 | Open=1 | Total P&L=₹+5,379 | Win Rate=50.0%
2026-08-12 09:31:16 | INFO    | __main__ | ============================================================
2026-08-12 09:31:16 | INFO    | __main__ | Intraday Scan | 2026-08-12 15:01 IST
2026-08-12 09:31:16 | INFO    | __main__ | ============================================================
2026-08-12 09:31:16 | INFO    | __main__ | Fetching 15m data for 24 stocks...
2026-08-12 09:31:25 | INFO    | data.fetcher | Fetched 15min data for 24/24 tickers
2026-08-12 09:31:25 | INFO    | __main__ | Received valid intraday data for 24 tickers
2026-08-12 09:31:25 | INFO    | __main__ | Qualified Signals Found: 0 (ORB: 0, MR: 0)
2026-08-12 09:31:25 | INFO    | __main__ | Portfolio Summary: Cash=₹497,319 | Open=1 | Total P&L=₹+5,379 | Win Rate=50.0%
2026-08-12 09:35:29 | INFO    | __main__ | ============================================================
2026-08-12 09:35:29 | INFO    | __main__ | Intraday Scan | 2026-08-12 15:05 IST
2026-08-12 09:35:29 | INFO    | __main__ | ============================================================
2026-08-12 09:35:29 | INFO    | __main__ | Fetching 15m data for 24 stocks...
2026-08-12 09:35:35 | INFO    | data.fetcher | Fetched 15min data for 24/24 tickers
2026-08-12 09:35:35 | INFO    | __main__ | Received valid intraday data for 24 tickers
2026-08-12 09:35:36 | INFO    | __main__ | Qualified Signals Found: 0 (ORB: 0, MR: 0)
2026-08-12 09:35:36 | INFO    | __main__ | Portfolio Summary: Cash=₹497,319 | Open=1 | Total P&L=₹+5,379 | Win Rate=50.0%
2026-08-12 09:47:13 | INFO    | __main__ | ============================================================
2026-08-12 09:47:13 | INFO    | __main__ | Intraday Scan | 2026-08-12 15:17 IST
2026-08-12 09:47:13 | INFO    | __main__ | ============================================================
2026-08-12 09:47:13 | INFO    | __main__ | Fetching 15m data for 24 stocks...
2026-08-12 09:47:24 | INFO    | data.fetcher | Fetched 15min data for 24/24 tickers
2026-08-12 09:47:24 | INFO    | __main__ | Received valid intraday data for 24 tickers
2026-08-12 09:47:24 | INFO    | __main__ | Square-off time reached (3:15 PM) - Generating EOD Summary
2026-08-12 09:47:24 | INFO    | __main__ | Discord notification sent
2026-08-12 09:47:24 | INFO    | __main__ | EOD Summary: {'date': '2026-08-12', 'today_trades': 2, 'today_pnl': 1780.4, 'today_winners': 1, 'total_pnl': 5378.86, 'win_rate_pct': 50.0, 'return_pct': 1.08}
2026-08-12 10:10:49 | INFO    | __main__ | ============================================================
2026-08-12 10:10:49 | INFO    | __main__ | Intraday Scan | 2026-08-12 15:40 IST
2026-08-12 10:10:49 | INFO    | __main__ | ============================================================
2026-08-12 10:10:49 | INFO    | __main__ | Outside NSE trading hours
2026-08-12 10:19:37 | INFO    | __main__ | ============================================================
2026-08-12 10:19:37 | INFO    | __main__ | Intraday Scan | 2026-08-12 15:49 IST
2026-08-12 10:19:37 | INFO    | __main__ | ============================================================
2026-08-12 10:19:37 | INFO    | __main__ | Outside NSE trading hours
2026-08-12 10:35:02 | INFO    | __main__ | ============================================================
2026-08-12 10:35:02 | INFO    | __main__ | Intraday Scan | 2026-08-12 16:05 IST
2026-08-12 10:35:02 | INFO    | __main__ | ============================================================
2026-08-12 10:35:02 | INFO    | __main__ | Outside NSE trading hours
2026-08-12 10:43:18 | INFO    | __main__ | ============================================================
2026-08-12 10:43:18 | INFO    | __main__ | Intraday Scan | 2026-08-12 16:13 IST
2026-08-12 10:43:18 | INFO    | __main__ | ============================================================
2026-08-12 10:43:18 | INFO    | __main__ | Outside NSE trading hours
2026-08-13 05:23:06 | INFO    | __main__ | ============================================================
2026-08-13 05:23:06 | INFO    | __main__ | Intraday Scan | 2026-08-13 10:53 IST
2026-08-13 05:23:06 | INFO    | __main__ | ============================================================
2026-08-13 05:23:06 | INFO    | __main__ | Fetching 15m data for 24 stocks...
2026-08-13 05:23:17 | INFO    | data.fetcher | Fetched 15min data for 24/24 tickers
2026-08-13 05:23:17 | INFO    | __main__ | Received valid intraday data for 24 tickers
2026-08-13 05:23:17 | INFO    | __main__ | Qualified Signals Found: 1 (ORB: 1, MR: 0)
2026-08-13 05:23:17 | INFO    | engine.paper_trader | ENTER SHORT DIVISLAB.NS @ ₹8436.5 | Qty: 27 | SL: ₹8509.0 | Target: ₹8291.5 | Risk: ₹1958.0
2026-08-13 05:23:18 | INFO    | __main__ | Discord notification sent
2026-08-13 05:23:18 | INFO    | __main__ | Portfolio Summary: Cash=₹269,388 | Open=2 | Total P&L=₹+5,379 | Win Rate=40.0%
2026-08-13 05:42:40 | INFO    | __main__ | ============================================================
2026-08-13 05:42:40 | INFO    | __main__ | Intraday Scan | 2026-08-13 11:12 IST
2026-08-13 05:42:40 | INFO    | __main__ | ============================================================
2026-08-13 05:42:40 | INFO    | __main__ | Fetching 15m data for 24 stocks...
2026-08-13 05:42:46 | INFO    | data.fetcher | Fetched 15min data for 24/24 tickers
2026-08-13 05:42:46 | INFO    | __main__ | Received valid intraday data for 24 tickers
2026-08-13 05:42:46 | INFO    | __main__ | Qualified Signals Found: 1 (ORB: 1, MR: 0)
2026-08-13 05:42:46 | INFO    | engine.paper_trader | ENTER SHORT POWERGRID.NS @ ₹266.25 | Qty: 851 | SL: ₹268.6 | Target: ₹261.55 | Risk: ₹2000.0
2026-08-13 05:42:46 | INFO    | __main__ | Discord notification sent
2026-08-13 05:42:46 | INFO    | __main__ | Portfolio Summary: Cash=₹42,664 | Open=3 | Total P&L=₹+5,379 | Win Rate=33.3%
2026-08-13 05:47:02 | INFO    | __main__ | ============================================================
2026-08-13 05:47:02 | INFO    | __main__ | Intraday Scan | 2026-08-13 11:17 IST
2026-08-13 05:47:02 | INFO    | __main__ | ============================================================
2026-08-13 05:47:02 | INFO    | __main__ | Fetching 15m data for 24 stocks...
2026-08-13 05:47:08 | INFO    | data.fetcher | Fetched 15min data for 24/24 tickers
2026-08-13 05:47:08 | INFO    | __main__ | Received valid intraday data for 24 tickers
2026-08-13 05:47:09 | INFO    | __main__ | Qualified Signals Found: 0 (ORB: 0, MR: 0)
2026-08-13 05:47:09 | INFO    | __main__ | Portfolio Summary: Cash=₹42,664 | Open=3 | Total P&L=₹+5,379 | Win Rate=33.3%
2026-08-13 05:54:19 | INFO    | __main__ | ============================================================
2026-08-13 05:54:19 | INFO    | __main__ | Intraday Scan | 2026-08-13 11:24 IST
2026-08-13 05:54:19 | INFO    | __main__ | ============================================================
2026-08-13 05:54:19 | INFO    | __main__ | Fetching 15m data for 24 stocks...
2026-08-13 05:54:29 | INFO    | data.fetcher | Fetched 15min data for 24/24 tickers
2026-08-13 05:54:29 | INFO    | __main__ | Received valid intraday data for 24 tickers
2026-08-13 05:54:29 | INFO    | __main__ | Qualified Signals Found: 0 (ORB: 0, MR: 0)
2026-08-13 05:54:29 | INFO    | __main__ | Portfolio Summary: Cash=₹42,664 | Open=3 | Total P&L=₹+5,379 | Win Rate=33.3%
2026-08-13 06:07:05 | INFO    | __main__ | ============================================================
2026-08-13 06:07:05 | INFO    | __main__ | Intraday Scan | 2026-08-13 11:37 IST
2026-08-13 06:07:05 | INFO    | __main__ | ============================================================
2026-08-13 06:07:05 | INFO    | __main__ | Fetching 15m data for 24 stocks...
2026-08-13 06:07:15 | INFO    | data.fetcher | Fetched 15min data for 24/24 tickers
2026-08-13 06:07:15 | INFO    | __main__ | Received valid intraday data for 24 tickers
2026-08-13 06:07:15 | INFO    | __main__ | Qualified Signals Found: 0 (ORB: 0, MR: 0)
2026-08-13 06:07:15 | INFO    | __main__ | Portfolio Summary: Cash=₹42,664 | Open=3 | Total P&L=₹+5,379 | Win Rate=33.3%
2026-08-13 06:16:43 | INFO    | __main__ | ============================================================
2026-08-13 06:16:43 | INFO    | __main__ | Intraday Scan | 2026-08-13 11:46 IST
2026-08-13 06:16:43 | INFO    | __main__ | ============================================================
2026-08-13 06:16:43 | INFO    | __main__ | Fetching 15m data for 24 stocks...
2026-08-13 06:16:54 | INFO    | data.fetcher | Fetched 15min data for 24/24 tickers
2026-08-13 06:16:54 | INFO    | __main__ | Received valid intraday data for 24 tickers
2026-08-13 06:16:54 | INFO    | __main__ | Qualified Signals Found: 0 (ORB: 0, MR: 0)
2026-08-13 06:16:54 | INFO    | __main__ | Portfolio Summary: Cash=₹42,664 | Open=3 | Total P&L=₹+5,379 | Win Rate=33.3%
2026-08-13 06:45:24 | INFO    | __main__ | ============================================================
2026-08-13 06:45:24 | INFO    | __main__ | Intraday Scan | 2026-08-13 12:15 IST
2026-08-13 06:45:24 | INFO    | __main__ | ============================================================
2026-08-13 06:45:24 | INFO    | __main__ | Fetching 15m data for 24 stocks...
2026-08-13 06:45:33 | INFO    | data.fetcher | Fetched 15min data for 24/24 tickers
2026-08-13 06:45:33 | INFO    | __main__ | Received valid intraday data for 24 tickers
2026-08-13 06:45:33 | INFO    | __main__ | Qualified Signals Found: 0 (ORB: 0, MR: 0)
2026-08-13 06:45:33 | INFO    | __main__ | Portfolio Summary: Cash=₹42,664 | Open=3 | Total P&L=₹+5,379 | Win Rate=33.3%
2026-08-13 06:55:09 | INFO    | __main__ | ============================================================
2026-08-13 06:55:09 | INFO    | __main__ | Intraday Scan | 2026-08-13 12:25 IST
2026-08-13 06:55:09 | INFO    | __main__ | ============================================================
2026-08-13 06:55:09 | INFO    | __main__ | Fetching 15m data for 24 stocks...
2026-08-13 06:55:16 | INFO    | data.fetcher | Fetched 15min data for 24/24 tickers
2026-08-13 06:55:16 | INFO    | __main__ | Received valid intraday data for 24 tickers
2026-08-13 06:55:16 | INFO    | __main__ | Qualified Signals Found: 0 (ORB: 0, MR: 0)
2026-08-13 06:55:16 | INFO    | __main__ | Portfolio Summary: Cash=₹42,664 | Open=3 | Total P&L=₹+5,379 | Win Rate=33.3%
2026-08-13 07:02:10 | INFO    | __main__ | ============================================================
2026-08-13 07:02:10 | INFO    | __main__ | Intraday Scan | 2026-08-13 12:32 IST
2026-08-13 07:02:10 | INFO    | __main__ | ============================================================
2026-08-13 07:02:10 | INFO    | __main__ | Fetching 15m data for 24 stocks...
2026-08-13 07:02:16 | INFO    | data.fetcher | Fetched 15min data for 24/24 tickers
2026-08-13 07:02:16 | INFO    | __main__ | Received valid intraday data for 24 tickers
2026-08-13 07:02:16 | INFO    | __main__ | Qualified Signals Found: 0 (ORB: 0, MR: 0)
2026-08-13 07:02:16 | INFO    | __main__ | Portfolio Summary: Cash=₹42,664 | Open=3 | Total P&L=₹+5,379 | Win Rate=33.3%
2026-08-13 07:13:23 | INFO    | __main__ | ============================================================
2026-08-13 07:13:23 | INFO    | __main__ | Intraday Scan | 2026-08-13 12:43 IST
2026-08-13 07:13:23 | INFO    | __main__ | ============================================================
2026-08-13 07:13:23 | INFO    | __main__ | Fetching 15m data for 24 stocks...
2026-08-13 07:13:31 | INFO    | data.fetcher | Fetched 15min data for 24/24 tickers
2026-08-13 07:13:31 | INFO    | __main__ | Received valid intraday data for 24 tickers
2026-08-13 07:13:31 | INFO    | __main__ | Qualified Signals Found: 0 (ORB: 0, MR: 0)
2026-08-13 07:13:31 | INFO    | __main__ | Portfolio Summary: Cash=₹42,664 | Open=3 | Total P&L=₹+5,379 | Win Rate=33.3%
2026-08-13 07:49:41 | INFO    | __main__ | ============================================================
2026-08-13 07:49:41 | INFO    | __main__ | Intraday Scan | 2026-08-13 13:19 IST
2026-08-13 07:49:41 | INFO    | __main__ | ============================================================
2026-08-13 07:49:41 | INFO    | __main__ | Fetching 15m data for 24 stocks...
2026-08-13 07:49:47 | INFO    | data.fetcher | Fetched 15min data for 24/24 tickers
2026-08-13 07:49:47 | INFO    | __main__ | Received valid intraday data for 24 tickers
2026-08-13 07:49:47 | INFO    | __main__ | Qualified Signals Found: 0 (ORB: 0, MR: 0)
2026-08-13 07:49:47 | INFO    | __main__ | Portfolio Summary: Cash=₹42,664 | Open=3 | Total P&L=₹+5,379 | Win Rate=33.3%
2026-08-13 08:00:49 | INFO    | __main__ | ============================================================
2026-08-13 08:00:49 | INFO    | __main__ | Intraday Scan | 2026-08-13 13:30 IST
2026-08-13 08:00:49 | INFO    | __main__ | ============================================================
2026-08-13 08:00:49 | INFO    | __main__ | Fetching 15m data for 24 stocks...
2026-08-13 08:00:57 | INFO    | data.fetcher | Fetched 15min data for 24/24 tickers
2026-08-13 08:00:57 | INFO    | __main__ | Received valid intraday data for 24 tickers
2026-08-13 08:00:57 | INFO    | __main__ | Qualified Signals Found: 0 (ORB: 0, MR: 0)
2026-08-13 08:00:57 | INFO    | __main__ | Portfolio Summary: Cash=₹42,664 | Open=3 | Total P&L=₹+5,379 | Win Rate=33.3%
2026-08-13 08:04:11 | INFO    | __main__ | ============================================================
2026-08-13 08:04:11 | INFO    | __main__ | Intraday Scan | 2026-08-13 13:34 IST
2026-08-13 08:04:11 | INFO    | __main__ | ============================================================
2026-08-13 08:04:11 | INFO    | __main__ | Fetching 15m data for 24 stocks...
2026-08-13 08:04:17 | INFO    | data.fetcher | Fetched 15min data for 24/24 tickers
2026-08-13 08:04:17 | INFO    | __main__ | Received valid intraday data for 24 tickers
2026-08-13 08:04:18 | INFO    | __main__ | Qualified Signals Found: 0 (ORB: 0, MR: 0)
2026-08-13 08:04:18 | INFO    | __main__ | Portfolio Summary: Cash=₹42,664 | Open=3 | Total P&L=₹+5,379 | Win Rate=33.3%
2026-08-13 08:15:35 | INFO    | __main__ | ============================================================
2026-08-13 08:15:35 | INFO    | __main__ | Intraday Scan | 2026-08-13 13:45 IST
2026-08-13 08:15:35 | INFO    | __main__ | ============================================================
2026-08-13 08:15:35 | INFO    | __main__ | Fetching 15m data for 24 stocks...
2026-08-13 08:15:45 | INFO    | data.fetcher | Fetched 15min data for 24/24 tickers
2026-08-13 08:15:45 | INFO    | __main__ | Received valid intraday data for 24 tickers
2026-08-13 08:15:45 | INFO    | __main__ | Qualified Signals Found: 0 (ORB: 0, MR: 0)
2026-08-13 08:15:45 | INFO    | __main__ | Portfolio Summary: Cash=₹42,664 | Open=3 | Total P&L=₹+5,379 | Win Rate=33.3%
2026-08-13 08:43:18 | INFO    | __main__ | ============================================================
2026-08-13 08:43:18 | INFO    | __main__ | Intraday Scan | 2026-08-13 14:13 IST
2026-08-13 08:43:18 | INFO    | __main__ | ============================================================
2026-08-13 08:43:18 | INFO    | __main__ | Fetching 15m data for 24 stocks...
2026-08-13 08:43:24 | INFO    | data.fetcher | Fetched 15min data for 24/24 tickers
2026-08-13 08:43:24 | INFO    | __main__ | Received valid intraday data for 24 tickers
2026-08-13 08:43:24 | INFO    | __main__ | Qualified Signals Found: 0 (ORB: 0, MR: 0)
2026-08-13 08:43:24 | INFO    | __main__ | Portfolio Summary: Cash=₹42,664 | Open=3 | Total P&L=₹+5,379 | Win Rate=33.3%
2026-08-13 08:50:43 | INFO    | __main__ | ============================================================
2026-08-13 08:50:43 | INFO    | __main__ | Intraday Scan | 2026-08-13 14:20 IST
2026-08-13 08:50:43 | INFO    | __main__ | ============================================================
2026-08-13 08:50:43 | INFO    | __main__ | Fetching 15m data for 24 stocks...
2026-08-13 08:50:49 | INFO    | data.fetcher | Fetched 15min data for 24/24 tickers
2026-08-13 08:50:49 | INFO    | __main__ | Received valid intraday data for 24 tickers
2026-08-13 08:50:49 | INFO    | __main__ | Qualified Signals Found: 0 (ORB: 0, MR: 0)
2026-08-13 08:50:49 | INFO    | __main__ | Portfolio Summary: Cash=₹42,664 | Open=3 | Total P&L=₹+5,379 | Win Rate=33.3%
2026-08-13 08:55:20 | INFO    | __main__ | ============================================================
2026-08-13 08:55:20 | INFO    | __main__ | Intraday Scan | 2026-08-13 14:25 IST
2026-08-13 08:55:20 | INFO    | __main__ | ============================================================
2026-08-13 08:55:20 | INFO    | __main__ | Fetching 15m data for 24 stocks...
2026-08-13 08:55:28 | INFO    | data.fetcher | Fetched 15min data for 24/24 tickers
2026-08-13 08:55:28 | INFO    | __main__ | Received valid intraday data for 24 tickers
2026-08-13 08:55:28 | INFO    | __main__ | Qualified Signals Found: 0 (ORB: 0, MR: 0)
2026-08-13 08:55:28 | INFO    | __main__ | Portfolio Summary: Cash=₹42,664 | Open=3 | Total P&L=₹+5,379 | Win Rate=33.3%
2026-08-13 09:17:14 | INFO    | __main__ | ============================================================
2026-08-13 09:17:14 | INFO    | __main__ | Intraday Scan | 2026-08-13 14:47 IST
2026-08-13 09:17:14 | INFO    | __main__ | ============================================================
2026-08-13 09:17:14 | INFO    | __main__ | Fetching 15m data for 24 stocks...
2026-08-13 09:17:24 | INFO    | data.fetcher | Fetched 15min data for 24/24 tickers
2026-08-13 09:17:24 | INFO    | __main__ | Received valid intraday data for 24 tickers
2026-08-13 09:17:24 | INFO    | __main__ | Qualified Signals Found: 0 (ORB: 0, MR: 0)
2026-08-13 09:17:24 | INFO    | __main__ | Portfolio Summary: Cash=₹42,664 | Open=3 | Total P&L=₹+5,379 | Win Rate=33.3%
2026-08-13 09:32:39 | INFO    | __main__ | ============================================================
2026-08-13 09:32:39 | INFO    | __main__ | Intraday Scan | 2026-08-13 15:02 IST
2026-08-13 09:32:39 | INFO    | __main__ | ============================================================
2026-08-13 09:32:39 | INFO    | __main__ | Fetching 15m data for 24 stocks...
2026-08-13 09:32:46 | INFO    | data.fetcher | Fetched 15min data for 24/24 tickers
2026-08-13 09:32:46 | INFO    | __main__ | Received valid intraday data for 24 tickers
2026-08-13 09:32:47 | INFO    | __main__ | Qualified Signals Found: 0 (ORB: 0, MR: 0)
2026-08-13 09:32:47 | INFO    | __main__ | Portfolio Summary: Cash=₹42,664 | Open=3 | Total P&L=₹+5,379 | Win Rate=33.3%
2026-08-13 09:37:20 | INFO    | __main__ | ============================================================
2026-08-13 09:37:20 | INFO    | __main__ | Intraday Scan | 2026-08-13 15:07 IST
2026-08-13 09:37:20 | INFO    | __main__ | ============================================================
2026-08-13 09:37:20 | INFO    | __main__ | Fetching 15m data for 24 stocks...
2026-08-13 09:37:26 | INFO    | data.fetcher | Fetched 15min data for 24/24 tickers
2026-08-13 09:37:26 | INFO    | __main__ | Received valid intraday data for 24 tickers
2026-08-13 09:37:26 | INFO    | __main__ | Qualified Signals Found: 0 (ORB: 0, MR: 0)
2026-08-13 09:37:26 | INFO    | __main__ | Portfolio Summary: Cash=₹42,664 | Open=3 | Total P&L=₹+5,379 | Win Rate=33.3%
2026-08-13 09:47:36 | INFO    | __main__ | ============================================================
2026-08-13 09:47:36 | INFO    | __main__ | Intraday Scan | 2026-08-13 15:17 IST
2026-08-13 09:47:36 | INFO    | __main__ | ============================================================
2026-08-13 09:47:36 | INFO    | __main__ | Fetching 15m data for 24 stocks...
2026-08-13 09:47:42 | INFO    | data.fetcher | Fetched 15min data for 24/24 tickers
2026-08-13 09:47:42 | INFO    | __main__ | Received valid intraday data for 24 tickers
2026-08-13 09:47:42 | INFO    | __main__ | Square-off time reached (3:15 PM) - Generating EOD Summary
2026-08-13 09:47:42 | INFO    | __main__ | EOD Summary: {'date': '2026-08-13', 'today_trades': 0, 'today_pnl': 0, 'today_winners': 0, 'total_pnl': 5378.86, 'win_rate_pct': 33.3, 'return_pct': 1.08}
2026-08-13 10:11:45 | INFO    | __main__ | ============================================================
2026-08-13 10:11:45 | INFO    | __main__ | Intraday Scan | 2026-08-13 15:41 IST
2026-08-13 10:11:45 | INFO    | __main__ | ============================================================
2026-08-13 10:11:45 | INFO    | __main__ | Outside NSE trading hours
2026-08-13 10:21:29 | INFO    | __main__ | ============================================================
2026-08-13 10:21:29 | INFO    | __main__ | Intraday Scan | 2026-08-13 15:51 IST
2026-08-13 10:21:29 | INFO    | __main__ | ============================================================
2026-08-13 10:21:29 | INFO    | __main__ | Outside NSE trading hours
2026-08-13 10:36:03 | INFO    | __main__ | ============================================================
2026-08-13 10:36:03 | INFO    | __main__ | Intraday Scan | 2026-08-13 16:06 IST
2026-08-13 10:36:03 | INFO    | __main__ | ============================================================
2026-08-13 10:36:03 | INFO    | __main__ | Outside NSE trading hours
2026-08-13 10:45:20 | INFO    | __main__ | ============================================================
2026-08-13 10:45:20 | INFO    | __main__ | Intraday Scan | 2026-08-13 16:15 IST
2026-08-13 10:45:20 | INFO    | __main__ | ============================================================
2026-08-13 10:45:20 | INFO    | __main__ | Outside NSE trading hours
2026-08-14 05:20:05 | INFO    | __main__ | ============================================================
2026-08-14 05:20:05 | INFO    | __main__ | Intraday Scan | 2026-08-14 10:50 IST
2026-08-14 05:20:05 | INFO    | __main__ | ============================================================
2026-08-14 05:20:05 | INFO    | __main__ | Fetching 15m data for 39 stocks...
2026-08-14 05:20:10 | ERROR   | yfinance | HTTP Error 404: {"quoteSummary":{"result":null,"error":{"code":"Not Found","description":"Quote not found for symbol: TATAMOTORS.NS"}}}
2026-08-14 05:20:11 | ERROR   | yfinance | $TATAMOTORS.NS: No data found, symbol may be delisted
2026-08-14 05:20:11 | ERROR   | yfinance | 
1 Failed download:
2026-08-14 05:20:11 | ERROR   | yfinance | ['TATAMOTORS.NS']: No data found, symbol may be delisted
2026-08-14 05:20:16 | INFO    | data.fetcher | Fetched 15min data for 38/39 tickers
2026-08-14 05:20:16 | INFO    | __main__ | Received valid intraday data for 38 tickers
2026-08-14 05:20:16 | INFO    | __main__ | VWAP MR Signals Found: 0
2026-08-14 05:20:16 | INFO    | __main__ | Portfolio Summary: Cash=₹501,574 | Open=0 | Total P&L=₹+2,614 | Win Rate=33.3%
2026-08-14 05:39:53 | INFO    | __main__ | ============================================================
2026-08-14 05:39:53 | INFO    | __main__ | Intraday Scan | 2026-08-14 11:09 IST
2026-08-14 05:39:53 | INFO    | __main__ | ============================================================
2026-08-14 05:39:53 | INFO    | __main__ | Fetching 15m data for 39 stocks...
2026-08-14 05:39:59 | ERROR   | yfinance | HTTP Error 404: {"quoteSummary":{"result":null,"error":{"code":"Not Found","description":"Quote not found for symbol: TATAMOTORS.NS"}}}
2026-08-14 05:39:59 | ERROR   | yfinance | $TATAMOTORS.NS: No data found, symbol may be delisted
2026-08-14 05:39:59 | ERROR   | yfinance | 
1 Failed download:
2026-08-14 05:39:59 | ERROR   | yfinance | ['TATAMOTORS.NS']: No data found, symbol may be delisted
2026-08-14 05:40:04 | INFO    | data.fetcher | Fetched 15min data for 38/39 tickers
2026-08-14 05:40:04 | INFO    | __main__ | Received valid intraday data for 38 tickers
2026-08-14 05:40:04 | INFO    | __main__ | VWAP MR Signals Found: 1
2026-08-14 05:40:04 | INFO    | engine.paper_trader | ENTER SHORT BHARTIARTL.NS @ ₹1989.2 | Qty: 143 | SL: ₹2003.12 | Target: ₹1965.95 | Risk: ₹1991.0
2026-08-14 05:40:04 | INFO    | __main__ | Discord notification sent
2026-08-14 05:40:04 | INFO    | __main__ | Portfolio Summary: Cash=₹216,943 | Open=1 | Total P&L=₹+2,614 | Win Rate=28.6%
2026-08-14 05:43:49 | INFO    | __main__ | ============================================================
2026-08-14 05:43:49 | INFO    | __main__ | Intraday Scan | 2026-08-14 11:13 IST
2026-08-14 05:43:49 | INFO    | __main__ | ============================================================
2026-08-14 05:43:49 | INFO    | __main__ | Fetching 15m data for 39 stocks...
2026-08-14 05:43:55 | ERROR   | yfinance | HTTP Error 404: {"quoteSummary":{"result":null,"error":{"code":"Not Found","description":"Quote not found for symbol: TATAMOTORS.NS"}}}
2026-08-14 05:43:55 | ERROR   | yfinance | $TATAMOTORS.NS: No data found, symbol may be delisted
2026-08-14 05:43:55 | ERROR   | yfinance | 
1 Failed download:
2026-08-14 05:43:55 | ERROR   | yfinance | ['TATAMOTORS.NS']: No data found, symbol may be delisted
2026-08-14 05:44:00 | INFO    | data.fetcher | Fetched 15min data for 38/39 tickers
2026-08-14 05:44:00 | INFO    | __main__ | Received valid intraday data for 38 tickers
2026-08-14 05:44:00 | INFO    | __main__ | VWAP MR Signals Found: 1
2026-08-14 05:44:00 | INFO    | __main__ | Portfolio Summary: Cash=₹216,943 | Open=1 | Total P&L=₹+2,614 | Win Rate=28.6%
2026-08-14 05:53:46 | INFO    | __main__ | ============================================================
2026-08-14 05:53:46 | INFO    | __main__ | Intraday Scan | 2026-08-14 11:23 IST
2026-08-14 05:53:46 | INFO    | __main__ | ============================================================
2026-08-14 05:53:46 | INFO    | __main__ | Fetching 15m data for 39 stocks...
2026-08-14 05:53:51 | ERROR   | yfinance | HTTP Error 404: {"quoteSummary":{"result":null,"error":{"code":"Not Found","description":"Quote not found for symbol: TATAMOTORS.NS"}}}
2026-08-14 05:53:51 | ERROR   | yfinance | $TATAMOTORS.NS: No data found, symbol may be delisted
2026-08-14 05:53:51 | ERROR   | yfinance | 
1 Failed download:
2026-08-14 05:53:51 | ERROR   | yfinance | ['TATAMOTORS.NS']: No data found, symbol may be delisted
2026-08-14 05:53:56 | INFO    | data.fetcher | Fetched 15min data for 38/39 tickers
2026-08-14 05:53:56 | INFO    | __main__ | Received valid intraday data for 38 tickers
2026-08-14 05:53:56 | INFO    | __main__ | VWAP MR Signals Found: 1
2026-08-14 05:53:56 | INFO    | __main__ | Portfolio Summary: Cash=₹216,943 | Open=1 | Total P&L=₹+2,614 | Win Rate=28.6%
2026-08-14 06:05:50 | INFO    | __main__ | ============================================================
2026-08-14 06:05:50 | INFO    | __main__ | Intraday Scan | 2026-08-14 11:35 IST
2026-08-14 06:05:50 | INFO    | __main__ | ============================================================
2026-08-14 06:05:50 | INFO    | __main__ | Fetching 15m data for 39 stocks...
2026-08-14 06:05:54 | ERROR   | yfinance | HTTP Error 404: {"quoteSummary":{"result":null,"error":{"code":"Not Found","description":"Quote not found for symbol: TATAMOTORS.NS"}}}
2026-08-14 06:05:55 | ERROR   | yfinance | $TATAMOTORS.NS: No data found, symbol may be delisted
2026-08-14 06:05:55 | ERROR   | yfinance | 
1 Failed download:
2026-08-14 06:05:55 | ERROR   | yfinance | ['TATAMOTORS.NS']: No data found, symbol may be delisted
2026-08-14 06:06:00 | INFO    | data.fetcher | Fetched 15min data for 38/39 tickers
2026-08-14 06:06:00 | INFO    | __main__ | Received valid intraday data for 38 tickers
2026-08-14 06:06:00 | INFO    | __main__ | VWAP MR Signals Found: 1
2026-08-14 06:06:00 | INFO    | __main__ | Portfolio Summary: Cash=₹216,943 | Open=1 | Total P&L=₹+2,614 | Win Rate=28.6%
2026-08-14 06:13:48 | INFO    | __main__ | ============================================================
2026-08-14 06:13:48 | INFO    | __main__ | Intraday Scan | 2026-08-14 11:43 IST
2026-08-14 06:13:48 | INFO    | __main__ | ============================================================
2026-08-14 06:13:48 | INFO    | __main__ | Fetching 15m data for 39 stocks...
2026-08-14 06:13:53 | ERROR   | yfinance | HTTP Error 404: {"quoteSummary":{"result":null,"error":{"code":"Not Found","description":"Quote not found for symbol: TATAMOTORS.NS"}}}
2026-08-14 06:13:53 | ERROR   | yfinance | $TATAMOTORS.NS: No data found, symbol may be delisted
2026-08-14 06:13:53 | ERROR   | yfinance | 
1 Failed download:
2026-08-14 06:13:53 | ERROR   | yfinance | ['TATAMOTORS.NS']: No data found, symbol may be delisted
2026-08-14 06:13:58 | INFO    | data.fetcher | Fetched 15min data for 38/39 tickers
2026-08-14 06:13:58 | INFO    | __main__ | Received valid intraday data for 38 tickers
2026-08-14 06:13:59 | INFO    | __main__ | VWAP MR Signals Found: 1
2026-08-14 06:13:59 | INFO    | __main__ | Portfolio Summary: Cash=₹216,943 | Open=1 | Total P&L=₹+2,614 | Win Rate=28.6%
2026-08-14 06:43:04 | INFO    | __main__ | ============================================================
2026-08-14 06:43:04 | INFO    | __main__ | Intraday Scan | 2026-08-14 12:13 IST
2026-08-14 06:43:04 | INFO    | __main__ | ============================================================
2026-08-14 06:43:04 | INFO    | __main__ | Fetching 15m data for 39 stocks...
2026-08-14 06:43:08 | ERROR   | yfinance | HTTP Error 404: {"quoteSummary":{"result":null,"error":{"code":"Not Found","description":"Quote not found for symbol: TATAMOTORS.NS"}}}
2026-08-14 06:43:09 | ERROR   | yfinance | $TATAMOTORS.NS: No data found, symbol may be delisted
2026-08-14 06:43:09 | ERROR   | yfinance | 
1 Failed download:
2026-08-14 06:43:09 | ERROR   | yfinance | ['TATAMOTORS.NS']: No data found, symbol may be delisted
2026-08-14 06:43:13 | INFO    | data.fetcher | Fetched 15min data for 38/39 tickers
2026-08-14 06:43:13 | INFO    | __main__ | Received valid intraday data for 38 tickers
2026-08-14 06:43:14 | INFO    | __main__ | VWAP MR Signals Found: 1
2026-08-14 06:43:14 | INFO    | __main__ | Portfolio Summary: Cash=₹216,943 | Open=1 | Total P&L=₹+2,614 | Win Rate=28.6%
2026-08-14 06:52:10 | INFO    | __main__ | ============================================================
2026-08-14 06:52:10 | INFO    | __main__ | Intraday Scan | 2026-08-14 12:22 IST
2026-08-14 06:52:10 | INFO    | __main__ | ============================================================
2026-08-14 06:52:10 | INFO    | __main__ | Fetching 15m data for 39 stocks...
2026-08-14 06:52:16 | ERROR   | yfinance | HTTP Error 404: {"quoteSummary":{"result":null,"error":{"code":"Not Found","description":"Quote not found for symbol: TATAMOTORS.NS"}}}
2026-08-14 06:52:16 | ERROR   | yfinance | $TATAMOTORS.NS: No data found, symbol may be delisted
2026-08-14 06:52:16 | ERROR   | yfinance | 
1 Failed download:
2026-08-14 06:52:16 | ERROR   | yfinance | ['TATAMOTORS.NS']: No data found, symbol may be delisted
2026-08-14 06:52:22 | INFO    | data.fetcher | Fetched 15min data for 38/39 tickers
2026-08-14 06:52:22 | INFO    | __main__ | Received valid intraday data for 38 tickers
2026-08-14 06:52:22 | INFO    | __main__ | VWAP MR Signals Found: 1
2026-08-14 06:52:22 | INFO    | __main__ | Portfolio Summary: Cash=₹216,943 | Open=1 | Total P&L=₹+2,614 | Win Rate=28.6%
2026-08-14 06:58:32 | INFO    | __main__ | ============================================================
2026-08-14 06:58:32 | INFO    | __main__ | Intraday Scan | 2026-08-14 12:28 IST
2026-08-14 06:58:32 | INFO    | __main__ | ============================================================
2026-08-14 06:58:32 | INFO    | __main__ | Fetching 15m data for 39 stocks...
2026-08-14 06:58:42 | ERROR   | yfinance | HTTP Error 404: {"quoteSummary":{"result":null,"error":{"code":"Not Found","description":"Quote not found for symbol: TATAMOTORS.NS"}}}
2026-08-14 06:58:42 | ERROR   | yfinance | $TATAMOTORS.NS: No data found, symbol may be delisted
2026-08-14 06:58:42 | ERROR   | yfinance | 
1 Failed download:
2026-08-14 06:58:42 | ERROR   | yfinance | ['TATAMOTORS.NS']: No data found, symbol may be delisted
2026-08-14 06:58:50 | INFO    | data.fetcher | Fetched 15min data for 38/39 tickers
2026-08-14 06:58:50 | INFO    | __main__ | Received valid intraday data for 38 tickers
2026-08-14 06:58:50 | INFO    | __main__ | VWAP MR Signals Found: 0
2026-08-14 06:58:50 | INFO    | __main__ | Portfolio Summary: Cash=₹216,943 | Open=1 | Total P&L=₹+2,614 | Win Rate=28.6%
2026-08-14 07:10:31 | INFO    | __main__ | ============================================================
2026-08-14 07:10:31 | INFO    | __main__ | Intraday Scan | 2026-08-14 12:40 IST
2026-08-14 07:10:31 | INFO    | __main__ | ============================================================
2026-08-14 07:10:31 | INFO    | __main__ | Fetching 15m data for 39 stocks...
2026-08-14 07:10:38 | ERROR   | yfinance | HTTP Error 404: {"quoteSummary":{"result":null,"error":{"code":"Not Found","description":"Quote not found for symbol: TATAMOTORS.NS"}}}
2026-08-14 07:10:38 | ERROR   | yfinance | $TATAMOTORS.NS: No data found, symbol may be delisted
2026-08-14 07:10:38 | ERROR   | yfinance | 
1 Failed download:
2026-08-14 07:10:38 | ERROR   | yfinance | ['TATAMOTORS.NS']: No data found, symbol may be delisted
2026-08-14 07:10:45 | INFO    | data.fetcher | Fetched 15min data for 38/39 tickers
2026-08-14 07:10:45 | INFO    | __main__ | Received valid intraday data for 38 tickers
2026-08-14 07:10:45 | INFO    | __main__ | VWAP MR Signals Found: 0
2026-08-14 07:10:45 | INFO    | __main__ | Portfolio Summary: Cash=₹216,943 | Open=1 | Total P&L=₹+2,614 | Win Rate=28.6%
2026-08-14 07:47:31 | INFO    | __main__ | ============================================================
2026-08-14 07:47:31 | INFO    | __main__ | Intraday Scan | 2026-08-14 13:17 IST
2026-08-14 07:47:31 | INFO    | __main__ | ============================================================
2026-08-14 07:47:31 | INFO    | __main__ | Fetching 15m data for 39 stocks...
2026-08-14 07:47:36 | ERROR   | yfinance | HTTP Error 404: {"quoteSummary":{"result":null,"error":{"code":"Not Found","description":"Quote not found for symbol: TATAMOTORS.NS"}}}
2026-08-14 07:47:36 | ERROR   | yfinance | $TATAMOTORS.NS: No data found, symbol may be delisted
2026-08-14 07:47:36 | ERROR   | yfinance | 
1 Failed download:
2026-08-14 07:47:36 | ERROR   | yfinance | ['TATAMOTORS.NS']: No data found, symbol may be delisted
2026-08-14 07:47:41 | INFO    | data.fetcher | Fetched 15min data for 38/39 tickers
2026-08-14 07:47:41 | INFO    | __main__ | Received valid intraday data for 38 tickers
2026-08-14 07:47:41 | INFO    | __main__ | VWAP MR Signals Found: 0
2026-08-14 07:47:41 | INFO    | __main__ | Portfolio Summary: Cash=₹216,943 | Open=1 | Total P&L=₹+2,614 | Win Rate=28.6%
2026-08-14 07:57:09 | INFO    | __main__ | ============================================================
2026-08-14 07:57:09 | INFO    | __main__ | Intraday Scan | 2026-08-14 13:27 IST
2026-08-14 07:57:09 | INFO    | __main__ | ============================================================
2026-08-14 07:57:09 | INFO    | __main__ | Fetching 15m data for 39 stocks...
2026-08-14 07:57:14 | ERROR   | yfinance | HTTP Error 404: {"quoteSummary":{"result":null,"error":{"code":"Not Found","description":"Quote not found for symbol: TATAMOTORS.NS"}}}
2026-08-14 07:57:14 | ERROR   | yfinance | $TATAMOTORS.NS: No data found, symbol may be delisted
2026-08-14 07:57:14 | ERROR   | yfinance | 
1 Failed download:
2026-08-14 07:57:14 | ERROR   | yfinance | ['TATAMOTORS.NS']: No data found, symbol may be delisted
2026-08-14 07:57:19 | INFO    | data.fetcher | Fetched 15min data for 38/39 tickers
2026-08-14 07:57:19 | INFO    | __main__ | Received valid intraday data for 38 tickers
2026-08-14 07:57:19 | INFO    | __main__ | VWAP MR Signals Found: 0
2026-08-14 07:57:19 | INFO    | __main__ | Portfolio Summary: Cash=₹216,943 | Open=1 | Total P&L=₹+2,614 | Win Rate=28.6%
2026-08-14 08:00:39 | INFO    | __main__ | ============================================================
2026-08-14 08:00:39 | INFO    | __main__ | Intraday Scan | 2026-08-14 13:30 IST
2026-08-14 08:00:39 | INFO    | __main__ | ============================================================
2026-08-14 08:00:39 | INFO    | __main__ | Fetching 15m data for 39 stocks...
2026-08-14 08:00:44 | ERROR   | yfinance | HTTP Error 404: {"quoteSummary":{"result":null,"error":{"code":"Not Found","description":"Quote not found for symbol: TATAMOTORS.NS"}}}
2026-08-14 08:00:44 | ERROR   | yfinance | $TATAMOTORS.NS: No data found, symbol may be delisted
2026-08-14 08:00:44 | ERROR   | yfinance | 
1 Failed download:
2026-08-14 08:00:44 | ERROR   | yfinance | ['TATAMOTORS.NS']: No data found, symbol may be delisted
2026-08-14 08:00:49 | INFO    | data.fetcher | Fetched 15min data for 38/39 tickers
2026-08-14 08:00:49 | INFO    | __main__ | Received valid intraday data for 38 tickers
2026-08-14 08:00:49 | INFO    | __main__ | VWAP MR Signals Found: 0
2026-08-14 08:00:49 | INFO    | __main__ | Portfolio Summary: Cash=₹216,943 | Open=1 | Total P&L=₹+2,614 | Win Rate=28.6%
2026-08-14 08:10:48 | INFO    | __main__ | ============================================================
2026-08-14 08:10:48 | INFO    | __main__ | Intraday Scan | 2026-08-14 13:40 IST
2026-08-14 08:10:48 | INFO    | __main__ | ============================================================
2026-08-14 08:10:48 | INFO    | __main__ | Fetching 15m data for 39 stocks...
2026-08-14 08:10:53 | ERROR   | yfinance | HTTP Error 404: {"quoteSummary":{"result":null,"error":{"code":"Not Found","description":"Quote not found for symbol: TATAMOTORS.NS"}}}
2026-08-14 08:10:53 | ERROR   | yfinance | $TATAMOTORS.NS: No data found, symbol may be delisted
2026-08-14 08:10:53 | ERROR   | yfinance | 
1 Failed download:
2026-08-14 08:10:53 | ERROR   | yfinance | ['TATAMOTORS.NS']: No data found, symbol may be delisted
2026-08-14 08:10:58 | INFO    | data.fetcher | Fetched 15min data for 38/39 tickers
2026-08-14 08:10:58 | INFO    | __main__ | Received valid intraday data for 38 tickers
2026-08-14 08:10:58 | INFO    | __main__ | VWAP MR Signals Found: 1
2026-08-14 08:10:58 | INFO    | __main__ | Portfolio Summary: Cash=₹216,943 | Open=1 | Total P&L=₹+2,614 | Win Rate=28.6%
2026-08-14 08:37:08 | INFO    | __main__ | ============================================================
2026-08-14 08:37:08 | INFO    | __main__ | Intraday Scan | 2026-08-14 14:07 IST
2026-08-14 08:37:08 | INFO    | __main__ | ============================================================
2026-08-14 08:37:08 | INFO    | __main__ | Fetching 15m data for 39 stocks...
2026-08-14 08:37:13 | ERROR   | yfinance | HTTP Error 404: {"quoteSummary":{"result":null,"error":{"code":"Not Found","description":"Quote not found for symbol: TATAMOTORS.NS"}}}
2026-08-14 08:37:13 | ERROR   | yfinance | $TATAMOTORS.NS: No data found, symbol may be delisted
2026-08-14 08:37:13 | ERROR   | yfinance | 
1 Failed download:
2026-08-14 08:37:13 | ERROR   | yfinance | ['TATAMOTORS.NS']: No data found, symbol may be delisted
2026-08-14 08:37:18 | INFO    | data.fetcher | Fetched 15min data for 38/39 tickers
2026-08-14 08:37:18 | INFO    | __main__ | Received valid intraday data for 38 tickers
2026-08-14 08:37:18 | INFO    | engine.paper_trader | EXIT BHARTIARTL.NS @ ₹2003.12 | P&L: ₹-2415 (stop_loss)
2026-08-14 08:37:18 | INFO    | __main__ | Discord notification sent
2026-08-14 08:37:18 | INFO    | __main__ | VWAP MR Signals Found: 1
2026-08-14 08:37:18 | INFO    | engine.paper_trader | ENTER SHORT BHARTIARTL.NS @ ₹2004.0 | Qty: 142 | SL: ₹2018.03 | Target: ₹1985.67 | Risk: ₹1992.0
2026-08-14 08:37:18 | INFO    | __main__ | Discord notification sent
2026-08-14 08:37:18 | INFO    | __main__ | Portfolio Summary: Cash=₹218,396 | Open=1 | Total P&L=₹+199 | Win Rate=25.0%
2026-08-14 08:43:46 | INFO    | __main__ | ============================================================
2026-08-14 08:43:46 | INFO    | __main__ | Intraday Scan | 2026-08-14 14:13 IST
2026-08-14 08:43:46 | INFO    | __main__ | ============================================================
2026-08-14 08:43:46 | INFO    | __main__ | Fetching 15m data for 39 stocks...
2026-08-14 08:43:53 | ERROR   | yfinance | HTTP Error 404: {"quoteSummary":{"result":null,"error":{"code":"Not Found","description":"Quote not found for symbol: TATAMOTORS.NS"}}}
2026-08-14 08:43:54 | ERROR   | yfinance | $TATAMOTORS.NS: No data found, symbol may be delisted
2026-08-14 08:43:54 | ERROR   | yfinance | 
1 Failed download:
2026-08-14 08:43:54 | ERROR   | yfinance | ['TATAMOTORS.NS']: No data found, symbol may be delisted
2026-08-14 08:44:01 | INFO    | data.fetcher | Fetched 15min data for 38/39 tickers
2026-08-14 08:44:01 | INFO    | __main__ | Received valid intraday data for 38 tickers
2026-08-14 08:44:01 | INFO    | __main__ | VWAP MR Signals Found: 1
2026-08-14 08:44:01 | INFO    | engine.paper_trader | Daily trade limit (2) reached for 2026-08-14
2026-08-14 08:44:01 | INFO    | __main__ | Portfolio Summary: Cash=₹218,396 | Open=1 | Total P&L=₹+199 | Win Rate=25.0%
2026-08-14 08:48:45 | INFO    | __main__ | ============================================================
2026-08-14 08:48:45 | INFO    | __main__ | Intraday Scan | 2026-08-14 14:18 IST
2026-08-14 08:48:45 | INFO    | __main__ | ============================================================
2026-08-14 08:48:45 | INFO    | __main__ | Fetching 15m data for 39 stocks...
2026-08-14 08:48:52 | ERROR   | yfinance | HTTP Error 404: {"quoteSummary":{"result":null,"error":{"code":"Not Found","description":"Quote not found for symbol: TATAMOTORS.NS"}}}
2026-08-14 08:48:52 | ERROR   | yfinance | $TATAMOTORS.NS: No data found, symbol may be delisted
2026-08-14 08:48:52 | ERROR   | yfinance | 
1 Failed download:
2026-08-14 08:48:52 | ERROR   | yfinance | ['TATAMOTORS.NS']: No data found, symbol may be delisted
2026-08-14 08:49:00 | INFO    | data.fetcher | Fetched 15min data for 38/39 tickers
2026-08-14 08:49:00 | INFO    | __main__ | Received valid intraday data for 38 tickers
2026-08-14 08:49:00 | INFO    | __main__ | VWAP MR Signals Found: 0
2026-08-14 08:49:00 | INFO    | __main__ | Portfolio Summary: Cash=₹218,396 | Open=1 | Total P&L=₹+199 | Win Rate=25.0%
2026-08-14 09:11:35 | INFO    | __main__ | ============================================================
2026-08-14 09:11:35 | INFO    | __main__ | Intraday Scan | 2026-08-14 14:41 IST
2026-08-14 09:11:35 | INFO    | __main__ | ============================================================
2026-08-14 09:11:35 | INFO    | __main__ | Fetching 15m data for 39 stocks...
2026-08-14 09:11:40 | ERROR   | yfinance | HTTP Error 404: {"quoteSummary":{"result":null,"error":{"code":"Not Found","description":"Quote not found for symbol: TATAMOTORS.NS"}}}
2026-08-14 09:11:41 | ERROR   | yfinance | $TATAMOTORS.NS: No data found, symbol may be delisted
2026-08-14 09:11:41 | ERROR   | yfinance | 
1 Failed download:
2026-08-14 09:11:41 | ERROR   | yfinance | ['TATAMOTORS.NS']: No data found, symbol may be delisted
2026-08-14 09:11:46 | INFO    | data.fetcher | Fetched 15min data for 38/39 tickers
2026-08-14 09:11:46 | INFO    | __main__ | Received valid intraday data for 38 tickers
2026-08-14 09:11:46 | INFO    | __main__ | VWAP MR Signals Found: 0
2026-08-14 09:11:46 | INFO    | __main__ | Portfolio Summary: Cash=₹218,396 | Open=1 | Total P&L=₹+199 | Win Rate=25.0%
2026-08-14 09:19:46 | INFO    | __main__ | ============================================================
2026-08-14 09:19:46 | INFO    | __main__ | Intraday Scan | 2026-08-14 14:49 IST
2026-08-14 09:19:46 | INFO    | __main__ | ============================================================
2026-08-14 09:19:46 | INFO    | __main__ | Fetching 15m data for 39 stocks...
2026-08-14 09:19:51 | ERROR   | yfinance | HTTP Error 404: {"quoteSummary":{"result":null,"error":{"code":"Not Found","description":"Quote not found for symbol: TATAMOTORS.NS"}}}
2026-08-14 09:19:51 | ERROR   | yfinance | $TATAMOTORS.NS: No data found, symbol may be delisted
2026-08-14 09:19:51 | ERROR   | yfinance | 
1 Failed download:
2026-08-14 09:19:51 | ERROR   | yfinance | ['TATAMOTORS.NS']: No data found, symbol may be delisted
2026-08-14 09:19:56 | INFO    | data.fetcher | Fetched 15min data for 38/39 tickers
2026-08-14 09:19:56 | INFO    | __main__ | Received valid intraday data for 38 tickers
2026-08-14 09:19:56 | INFO    | __main__ | VWAP MR Signals Found: 0
2026-08-14 09:19:56 | INFO    | __main__ | Portfolio Summary: Cash=₹218,396 | Open=1 | Total P&L=₹+199 | Win Rate=25.0%
2026-08-14 09:32:03 | INFO    | __main__ | ============================================================
2026-08-14 09:32:03 | INFO    | __main__ | Intraday Scan | 2026-08-14 15:02 IST
2026-08-14 09:32:03 | INFO    | __main__ | ============================================================
2026-08-14 09:32:03 | INFO    | __main__ | Fetching 15m data for 39 stocks...
2026-08-14 09:32:08 | ERROR   | yfinance | HTTP Error 404: {"quoteSummary":{"result":null,"error":{"code":"Not Found","description":"Quote not found for symbol: TATAMOTORS.NS"}}}
2026-08-14 09:32:09 | ERROR   | yfinance | $TATAMOTORS.NS: No data found, symbol may be delisted
2026-08-14 09:32:09 | ERROR   | yfinance | 
1 Failed download:
2026-08-14 09:32:09 | ERROR   | yfinance | ['TATAMOTORS.NS']: No data found, symbol may be delisted
2026-08-14 09:32:14 | INFO    | data.fetcher | Fetched 15min data for 38/39 tickers
2026-08-14 09:32:14 | INFO    | __main__ | Received valid intraday data for 38 tickers
2026-08-14 09:32:14 | INFO    | __main__ | VWAP MR Signals Found: 0
2026-08-14 09:32:14 | INFO    | __main__ | Portfolio Summary: Cash=₹218,396 | Open=1 | Total P&L=₹+199 | Win Rate=25.0%
2026-08-14 09:44:13 | INFO    | __main__ | ============================================================
2026-08-14 09:44:13 | INFO    | __main__ | Intraday Scan | 2026-08-14 15:14 IST
2026-08-14 09:44:13 | INFO    | __main__ | ============================================================
2026-08-14 09:44:13 | INFO    | __main__ | Fetching 15m data for 39 stocks...
2026-08-14 09:44:18 | ERROR   | yfinance | HTTP Error 404: {"quoteSummary":{"result":null,"error":{"code":"Not Found","description":"Quote not found for symbol: TATAMOTORS.NS"}}}
2026-08-14 09:44:18 | ERROR   | yfinance | $TATAMOTORS.NS: No data found, symbol may be delisted
2026-08-14 09:44:18 | ERROR   | yfinance | 
1 Failed download:
2026-08-14 09:44:18 | ERROR   | yfinance | ['TATAMOTORS.NS']: No data found, symbol may be delisted
2026-08-14 09:44:23 | INFO    | data.fetcher | Fetched 15min data for 38/39 tickers
2026-08-14 09:44:23 | INFO    | __main__ | Received valid intraday data for 38 tickers
2026-08-14 09:44:23 | INFO    | engine.paper_trader | TRAIL BHARTIARTL.NS stop moved to breakeven + buffer: ₹2002.6
2026-08-14 09:44:23 | INFO    | __main__ | VWAP MR Signals Found: 0
2026-08-14 09:44:23 | INFO    | __main__ | Portfolio Summary: Cash=₹218,396 | Open=1 | Total P&L=₹+199 | Win Rate=25.0%
2026-08-14 10:07:13 | INFO    | __main__ | ============================================================
2026-08-14 10:07:13 | INFO    | __main__ | Intraday Scan | 2026-08-14 15:37 IST
2026-08-14 10:07:13 | INFO    | __main__ | ============================================================
2026-08-14 10:07:13 | INFO    | __main__ | Outside NSE trading hours
2026-08-14 10:16:22 | INFO    | __main__ | ============================================================
2026-08-14 10:16:22 | INFO    | __main__ | Intraday Scan | 2026-08-14 15:46 IST
2026-08-14 10:16:22 | INFO    | __main__ | ============================================================
2026-08-14 10:16:22 | INFO    | __main__ | Outside NSE trading hours
2026-08-14 10:33:04 | INFO    | __main__ | ============================================================
2026-08-14 10:33:04 | INFO    | __main__ | Intraday Scan | 2026-08-14 16:03 IST
2026-08-14 10:33:04 | INFO    | __main__ | ============================================================
2026-08-14 10:33:04 | INFO    | __main__ | Outside NSE trading hours
2026-08-14 10:40:42 | INFO    | __main__ | ============================================================
2026-08-14 10:40:42 | INFO    | __main__ | Intraday Scan | 2026-08-14 16:10 IST
2026-08-14 10:40:42 | INFO    | __main__ | ============================================================
2026-08-14 10:40:42 | INFO    | __main__ | Outside NSE trading hours
2026-08-17 04:25:17 | INFO    | __main__ | ============================================================
2026-08-17 04:25:17 | INFO    | __main__ | Intraday Scan | 2026-08-17 09:55 IST
2026-08-17 04:25:17 | INFO    | __main__ | ============================================================
2026-08-17 04:25:17 | INFO    | __main__ | Fetching 15m data for 39 stocks...
2026-08-17 04:25:22 | ERROR   | yfinance | HTTP Error 404: {"quoteSummary":{"result":null,"error":{"code":"Not Found","description":"Quote not found for symbol: TATAMOTORS.NS"}}}
2026-08-17 04:25:23 | ERROR   | yfinance | $TATAMOTORS.NS: No data found, symbol may be delisted
2026-08-17 04:25:23 | ERROR   | yfinance | 
1 Failed download:
2026-08-17 04:25:23 | ERROR   | yfinance | ['TATAMOTORS.NS']: No data found, symbol may be delisted
2026-08-17 04:25:28 | INFO    | data.fetcher | Fetched 15min data for 38/39 tickers
2026-08-17 04:25:28 | INFO    | __main__ | Received valid intraday data for 38 tickers
2026-08-17 04:25:28 | INFO    | engine.paper_trader | EXIT BHARTIARTL.NS @ ₹1985.67 | P&L: ₹+2182 (target)
2026-08-17 04:25:28 | INFO    | __main__ | Discord notification sent
2026-08-17 04:25:28 | INFO    | __main__ | VWAP MR Signals Found: 0
2026-08-17 04:25:28 | INFO    | __main__ | Portfolio Summary: Cash=₹500,116 | Open=0 | Total P&L=₹+2,381 | Win Rate=37.5%
2026-08-17 04:45:51 | INFO    | __main__ | ============================================================
2026-08-17 04:45:51 | INFO    | __main__ | Intraday Scan | 2026-08-17 10:15 IST
2026-08-17 04:45:51 | INFO    | __main__ | ============================================================
2026-08-17 04:45:51 | INFO    | __main__ | Fetching 15m data for 39 stocks...
2026-08-17 04:45:56 | ERROR   | yfinance | HTTP Error 404: {"quoteSummary":{"result":null,"error":{"code":"Not Found","description":"Quote not found for symbol: TATAMOTORS.NS"}}}
2026-08-17 04:45:56 | ERROR   | yfinance | $TATAMOTORS.NS: No data found, symbol may be delisted
2026-08-17 04:45:56 | ERROR   | yfinance | 
1 Failed download:
2026-08-17 04:45:56 | ERROR   | yfinance | ['TATAMOTORS.NS']: No data found, symbol may be delisted
2026-08-17 04:46:01 | INFO    | data.fetcher | Fetched 15min data for 38/39 tickers
2026-08-17 04:46:01 | INFO    | __main__ | Received valid intraday data for 38 tickers
2026-08-17 04:46:01 | INFO    | __main__ | VWAP MR Signals Found: 0
2026-08-17 04:46:01 | INFO    | __main__ | Portfolio Summary: Cash=₹500,116 | Open=0 | Total P&L=₹+2,381 | Win Rate=37.5%
2026-08-17 04:54:51 | INFO    | __main__ | ============================================================
2026-08-17 04:54:51 | INFO    | __main__ | Intraday Scan | 2026-08-17 10:24 IST
2026-08-17 04:54:51 | INFO    | __main__ | ============================================================
2026-08-17 04:54:51 | INFO    | __main__ | Fetching 15m data for 39 stocks...
2026-08-17 04:54:58 | ERROR   | yfinance | HTTP Error 404: {"quoteSummary":{"result":null,"error":{"code":"Not Found","description":"Quote not found for symbol: TATAMOTORS.NS"}}}
2026-08-17 04:54:58 | ERROR   | yfinance | $TATAMOTORS.NS: No data found, symbol may be delisted
2026-08-17 04:54:58 | ERROR   | yfinance | 
1 Failed download:
2026-08-17 04:54:58 | ERROR   | yfinance | ['TATAMOTORS.NS']: No data found, symbol may be delisted
2026-08-17 04:55:04 | INFO    | data.fetcher | Fetched 15min data for 38/39 tickers
2026-08-17 04:55:04 | INFO    | __main__ | Received valid intraday data for 38 tickers
2026-08-17 04:55:04 | INFO    | __main__ | VWAP MR Signals Found: 0
2026-08-17 04:55:04 | INFO    | __main__ | Portfolio Summary: Cash=₹500,116 | Open=0 | Total P&L=₹+2,381 | Win Rate=37.5%
2026-08-17 05:07:02 | INFO    | __main__ | ============================================================
2026-08-17 05:07:02 | INFO    | __main__ | Intraday Scan | 2026-08-17 10:37 IST
2026-08-17 05:07:02 | INFO    | __main__ | ============================================================
2026-08-17 05:07:02 | INFO    | __main__ | Fetching 15m data for 39 stocks...
2026-08-17 05:07:06 | ERROR   | yfinance | HTTP Error 404: {"quoteSummary":{"result":null,"error":{"code":"Not Found","description":"Quote not found for symbol: TATAMOTORS.NS"}}}
2026-08-17 05:07:06 | ERROR   | yfinance | $TATAMOTORS.NS: No data found, symbol may be delisted
2026-08-17 05:07:06 | ERROR   | yfinance | 
1 Failed download:
2026-08-17 05:07:06 | ERROR   | yfinance | ['TATAMOTORS.NS']: No data found, symbol may be delisted
2026-08-17 05:07:11 | INFO    | data.fetcher | Fetched 15min data for 38/39 tickers
2026-08-17 05:07:11 | INFO    | __main__ | Received valid intraday data for 38 tickers
2026-08-17 05:07:11 | INFO    | __main__ | VWAP MR Signals Found: 0
2026-08-17 05:07:11 | INFO    | __main__ | Portfolio Summary: Cash=₹500,116 | Open=0 | Total P&L=₹+2,381 | Win Rate=37.5%
2026-08-17 05:22:06 | INFO    | __main__ | ============================================================
2026-08-17 05:22:06 | INFO    | __main__ | Intraday Scan | 2026-08-17 10:52 IST
2026-08-17 05:22:06 | INFO    | __main__ | ============================================================
2026-08-17 05:22:06 | INFO    | __main__ | Fetching 15m data for 39 stocks...
2026-08-17 05:22:11 | ERROR   | yfinance | HTTP Error 404: {"quoteSummary":{"result":null,"error":{"code":"Not Found","description":"Quote not found for symbol: TATAMOTORS.NS"}}}
2026-08-17 05:22:11 | ERROR   | yfinance | $TATAMOTORS.NS: No data found, symbol may be delisted
2026-08-17 05:22:11 | ERROR   | yfinance | 
1 Failed download:
2026-08-17 05:22:11 | ERROR   | yfinance | ['TATAMOTORS.NS']: No data found, symbol may be delisted
2026-08-17 05:22:17 | INFO    | data.fetcher | Fetched 15min data for 38/39 tickers
2026-08-17 05:22:17 | INFO    | __main__ | Received valid intraday data for 38 tickers
2026-08-17 05:22:17 | INFO    | __main__ | VWAP MR Signals Found: 0
2026-08-17 05:22:17 | INFO    | __main__ | Portfolio Summary: Cash=₹500,116 | Open=0 | Total P&L=₹+2,381 | Win Rate=37.5%
2026-08-17 05:34:39 | INFO    | __main__ | ============================================================
2026-08-17 05:34:39 | INFO    | __main__ | Intraday Scan | 2026-08-17 11:04 IST
2026-08-17 05:34:39 | INFO    | __main__ | ============================================================
2026-08-17 05:34:39 | INFO    | __main__ | Fetching 15m data for 39 stocks...
2026-08-17 05:34:44 | ERROR   | yfinance | HTTP Error 404: {"quoteSummary":{"result":null,"error":{"code":"Not Found","description":"Quote not found for symbol: TATAMOTORS.NS"}}}
2026-08-17 05:34:44 | ERROR   | yfinance | $TATAMOTORS.NS: No data found, symbol may be delisted
2026-08-17 05:34:44 | ERROR   | yfinance | 
1 Failed download:
2026-08-17 05:34:44 | ERROR   | yfinance | ['TATAMOTORS.NS']: No data found, symbol may be delisted
2026-08-17 05:34:49 | INFO    | data.fetcher | Fetched 15min data for 38/39 tickers
2026-08-17 05:34:49 | INFO    | __main__ | Received valid intraday data for 38 tickers
2026-08-17 05:34:49 | INFO    | __main__ | VWAP MR Signals Found: 0
2026-08-17 05:34:49 | INFO    | __main__ | Portfolio Summary: Cash=₹500,116 | Open=0 | Total P&L=₹+2,381 | Win Rate=37.5%
2026-08-17 05:50:55 | INFO    | __main__ | ============================================================
2026-08-17 05:50:55 | INFO    | __main__ | Intraday Scan | 2026-08-17 11:20 IST
2026-08-17 05:50:55 | INFO    | __main__ | ============================================================
2026-08-17 05:50:55 | INFO    | __main__ | Fetching 15m data for 39 stocks...
2026-08-17 05:51:00 | ERROR   | yfinance | HTTP Error 404: {"quoteSummary":{"result":null,"error":{"code":"Not Found","description":"Quote not found for symbol: TATAMOTORS.NS"}}}
2026-08-17 05:51:00 | ERROR   | yfinance | $TATAMOTORS.NS: No data found, symbol may be delisted
2026-08-17 05:51:00 | ERROR   | yfinance | 
1 Failed download:
2026-08-17 05:51:00 | ERROR   | yfinance | ['TATAMOTORS.NS']: No data found, symbol may be delisted
2026-08-17 05:51:05 | INFO    | data.fetcher | Fetched 15min data for 38/39 tickers
2026-08-17 05:51:05 | INFO    | __main__ | Received valid intraday data for 38 tickers
2026-08-17 05:51:05 | INFO    | __main__ | VWAP MR Signals Found: 0
2026-08-17 05:51:05 | INFO    | __main__ | Portfolio Summary: Cash=₹500,116 | Open=0 | Total P&L=₹+2,381 | Win Rate=37.5%
2026-08-17 05:58:30 | INFO    | __main__ | ============================================================
2026-08-17 05:58:30 | INFO    | __main__ | Intraday Scan | 2026-08-17 11:28 IST
2026-08-17 05:58:30 | INFO    | __main__ | ============================================================
2026-08-17 05:58:30 | INFO    | __main__ | Fetching 15m data for 39 stocks...
2026-08-17 05:58:38 | ERROR   | yfinance | HTTP Error 404: {"quoteSummary":{"result":null,"error":{"code":"Not Found","description":"Quote not found for symbol: TATAMOTORS.NS"}}}
2026-08-17 05:58:38 | ERROR   | yfinance | $TATAMOTORS.NS: No data found, symbol may be delisted
2026-08-17 05:58:38 | ERROR   | yfinance | 
1 Failed download:
2026-08-17 05:58:38 | ERROR   | yfinance | ['TATAMOTORS.NS']: No data found, symbol may be delisted
2026-08-17 05:58:46 | INFO    | data.fetcher | Fetched 15min data for 38/39 tickers
2026-08-17 05:58:46 | INFO    | __main__ | Received valid intraday data for 38 tickers
2026-08-17 05:58:46 | INFO    | __main__ | VWAP MR Signals Found: 0
2026-08-17 05:58:46 | INFO    | __main__ | Portfolio Summary: Cash=₹500,116 | Open=0 | Total P&L=₹+2,381 | Win Rate=37.5%
2026-08-17 06:04:17 | INFO    | __main__ | ============================================================
2026-08-17 06:04:17 | INFO    | __main__ | Intraday Scan | 2026-08-17 11:34 IST
2026-08-17 06:04:17 | INFO    | __main__ | ============================================================
2026-08-17 06:04:17 | INFO    | __main__ | Fetching 15m data for 39 stocks...
2026-08-17 06:04:22 | ERROR   | yfinance | HTTP Error 404: {"quoteSummary":{"result":null,"error":{"code":"Not Found","description":"Quote not found for symbol: TATAMOTORS.NS"}}}
2026-08-17 06:04:22 | ERROR   | yfinance | $TATAMOTORS.NS: No data found, symbol may be delisted
2026-08-17 06:04:22 | ERROR   | yfinance | 
1 Failed download:
2026-08-17 06:04:22 | ERROR   | yfinance | ['TATAMOTORS.NS']: No data found, symbol may be delisted
2026-08-17 06:04:27 | INFO    | data.fetcher | Fetched 15min data for 38/39 tickers
2026-08-17 06:04:27 | INFO    | __main__ | Received valid intraday data for 38 tickers
2026-08-17 06:04:27 | INFO    | __main__ | VWAP MR Signals Found: 0
2026-08-17 06:04:27 | INFO    | __main__ | Portfolio Summary: Cash=₹500,116 | Open=0 | Total P&L=₹+2,381 | Win Rate=37.5%
2026-08-17 06:34:51 | INFO    | __main__ | ============================================================
2026-08-17 06:34:51 | INFO    | __main__ | Intraday Scan | 2026-08-17 12:04 IST
2026-08-17 06:34:51 | INFO    | __main__ | ============================================================
2026-08-17 06:34:51 | INFO    | __main__ | Fetching 15m data for 39 stocks...
2026-08-17 06:34:58 | ERROR   | yfinance | HTTP Error 404: {"quoteSummary":{"result":null,"error":{"code":"Not Found","description":"Quote not found for symbol: TATAMOTORS.NS"}}}
2026-08-17 06:34:59 | ERROR   | yfinance | $TATAMOTORS.NS: No data found, symbol may be delisted
2026-08-17 06:34:59 | ERROR   | yfinance | 
1 Failed download:
2026-08-17 06:34:59 | ERROR   | yfinance | ['TATAMOTORS.NS']: No data found, symbol may be delisted
2026-08-17 06:35:06 | INFO    | data.fetcher | Fetched 15min data for 38/39 tickers
2026-08-17 06:35:06 | INFO    | __main__ | Received valid intraday data for 38 tickers
2026-08-17 06:35:06 | INFO    | __main__ | VWAP MR Signals Found: 0
2026-08-17 06:35:06 | INFO    | __main__ | Portfolio Summary: Cash=₹500,116 | Open=0 | Total P&L=₹+2,381 | Win Rate=37.5%
2026-08-17 07:13:38 | INFO    | __main__ | ============================================================
2026-08-17 07:13:38 | INFO    | __main__ | Intraday Scan | 2026-08-17 12:43 IST
2026-08-17 07:13:38 | INFO    | __main__ | ============================================================
2026-08-17 07:13:38 | INFO    | __main__ | Fetching 15m data for 39 stocks...
2026-08-17 07:13:43 | ERROR   | yfinance | HTTP Error 404: {"quoteSummary":{"result":null,"error":{"code":"Not Found","description":"Quote not found for symbol: TATAMOTORS.NS"}}}
2026-08-17 07:13:43 | ERROR   | yfinance | $TATAMOTORS.NS: No data found, symbol may be delisted
2026-08-17 07:13:43 | ERROR   | yfinance | 
1 Failed download:
2026-08-17 07:13:43 | ERROR   | yfinance | ['TATAMOTORS.NS']: No data found, symbol may be delisted
2026-08-17 07:13:48 | INFO    | data.fetcher | Fetched 15min data for 38/39 tickers
2026-08-17 07:13:48 | INFO    | __main__ | Received valid intraday data for 38 tickers
2026-08-17 07:13:48 | INFO    | __main__ | VWAP MR Signals Found: 0
2026-08-17 07:13:48 | INFO    | __main__ | Portfolio Summary: Cash=₹500,116 | Open=0 | Total P&L=₹+2,381 | Win Rate=37.5%
2026-08-17 07:31:31 | INFO    | __main__ | ============================================================
2026-08-17 07:31:31 | INFO    | __main__ | Intraday Scan | 2026-08-17 13:01 IST
2026-08-17 07:31:31 | INFO    | __main__ | ============================================================
2026-08-17 07:31:31 | INFO    | __main__ | Fetching 15m data for 39 stocks...
2026-08-17 07:31:36 | ERROR   | yfinance | HTTP Error 404: {"quoteSummary":{"result":null,"error":{"code":"Not Found","description":"Quote not found for symbol: TATAMOTORS.NS"}}}
2026-08-17 07:31:36 | ERROR   | yfinance | $TATAMOTORS.NS: No data found, symbol may be delisted
2026-08-17 07:31:36 | ERROR   | yfinance | 
1 Failed download:
2026-08-17 07:31:36 | ERROR   | yfinance | ['TATAMOTORS.NS']: No data found, symbol may be delisted
2026-08-17 07:31:42 | INFO    | data.fetcher | Fetched 15min data for 38/39 tickers
2026-08-17 07:31:42 | INFO    | __main__ | Received valid intraday data for 38 tickers
2026-08-17 07:31:42 | INFO    | __main__ | VWAP MR Signals Found: 0
2026-08-17 07:31:42 | INFO    | __main__ | Portfolio Summary: Cash=₹500,116 | Open=0 | Total P&L=₹+2,381 | Win Rate=37.5%
2026-08-17 07:37:33 | INFO    | __main__ | ============================================================
2026-08-17 07:37:33 | INFO    | __main__ | Intraday Scan | 2026-08-17 13:07 IST
2026-08-17 07:37:33 | INFO    | __main__ | ============================================================
2026-08-17 07:37:33 | INFO    | __main__ | Fetching 15m data for 39 stocks...
2026-08-17 07:37:40 | ERROR   | yfinance | HTTP Error 404: {"quoteSummary":{"result":null,"error":{"code":"Not Found","description":"Quote not found for symbol: TATAMOTORS.NS"}}}
2026-08-17 07:37:40 | ERROR   | yfinance | $TATAMOTORS.NS: No data found, symbol may be delisted
2026-08-17 07:37:40 | ERROR   | yfinance | 
1 Failed download:
2026-08-17 07:37:40 | ERROR   | yfinance | ['TATAMOTORS.NS']: No data found, symbol may be delisted
2026-08-17 07:37:47 | INFO    | data.fetcher | Fetched 15min data for 38/39 tickers
2026-08-17 07:37:47 | INFO    | __main__ | Received valid intraday data for 38 tickers
2026-08-17 07:37:47 | INFO    | __main__ | VWAP MR Signals Found: 0
2026-08-17 07:37:47 | INFO    | __main__ | Portfolio Summary: Cash=₹500,116 | Open=0 | Total P&L=₹+2,381 | Win Rate=37.5%
2026-08-17 07:47:12 | INFO    | __main__ | ============================================================
2026-08-17 07:47:12 | INFO    | __main__ | Intraday Scan | 2026-08-17 13:17 IST
2026-08-17 07:47:12 | INFO    | __main__ | ============================================================
2026-08-17 07:47:12 | INFO    | __main__ | Fetching 15m data for 39 stocks...
2026-08-17 07:47:17 | ERROR   | yfinance | HTTP Error 404: {"quoteSummary":{"result":null,"error":{"code":"Not Found","description":"Quote not found for symbol: TATAMOTORS.NS"}}}
2026-08-17 07:47:17 | ERROR   | yfinance | $TATAMOTORS.NS: No data found, symbol may be delisted
2026-08-17 07:47:17 | ERROR   | yfinance | 
1 Failed download:
2026-08-17 07:47:17 | ERROR   | yfinance | ['TATAMOTORS.NS']: No data found, symbol may be delisted
2026-08-17 07:47:22 | INFO    | data.fetcher | Fetched 15min data for 38/39 tickers
2026-08-17 07:47:22 | INFO    | __main__ | Received valid intraday data for 38 tickers
2026-08-17 07:47:22 | INFO    | __main__ | VWAP MR Signals Found: 0
2026-08-17 07:47:22 | INFO    | __main__ | Portfolio Summary: Cash=₹500,116 | Open=0 | Total P&L=₹+2,381 | Win Rate=37.5%
2026-08-17 08:00:02 | INFO    | __main__ | ============================================================
2026-08-17 08:00:02 | INFO    | __main__ | Intraday Scan | 2026-08-17 13:30 IST
2026-08-17 08:00:02 | INFO    | __main__ | ============================================================
2026-08-17 08:00:02 | INFO    | __main__ | Fetching 15m data for 39 stocks...
2026-08-17 08:00:08 | ERROR   | yfinance | HTTP Error 404: {"quoteSummary":{"result":null,"error":{"code":"Not Found","description":"Quote not found for symbol: TATAMOTORS.NS"}}}
2026-08-17 08:00:08 | ERROR   | yfinance | $TATAMOTORS.NS: No data found, symbol may be delisted
2026-08-17 08:00:08 | ERROR   | yfinance | 
1 Failed download:
2026-08-17 08:00:08 | ERROR   | yfinance | ['TATAMOTORS.NS']: No data found, symbol may be delisted
2026-08-17 08:00:13 | INFO    | data.fetcher | Fetched 15min data for 38/39 tickers
2026-08-17 08:00:13 | INFO    | __main__ | Received valid intraday data for 38 tickers
2026-08-17 08:00:13 | INFO    | __main__ | VWAP MR Signals Found: 0
2026-08-17 08:00:13 | INFO    | __main__ | Portfolio Summary: Cash=₹500,116 | Open=0 | Total P&L=₹+2,381 | Win Rate=37.5%
2026-08-17 08:07:02 | INFO    | __main__ | ============================================================
2026-08-17 08:07:02 | INFO    | __main__ | Intraday Scan | 2026-08-17 13:37 IST
2026-08-17 08:07:02 | INFO    | __main__ | ============================================================
2026-08-17 08:07:02 | INFO    | __main__ | Fetching 15m data for 39 stocks...
2026-08-17 08:07:07 | ERROR   | yfinance | HTTP Error 404: {"quoteSummary":{"result":null,"error":{"code":"Not Found","description":"Quote not found for symbol: TATAMOTORS.NS"}}}
2026-08-17 08:07:07 | ERROR   | yfinance | $TATAMOTORS.NS: No data found, symbol may be delisted
2026-08-17 08:07:07 | ERROR   | yfinance | 
1 Failed download:
2026-08-17 08:07:07 | ERROR   | yfinance | ['TATAMOTORS.NS']: No data found, symbol may be delisted
2026-08-17 08:07:12 | INFO    | data.fetcher | Fetched 15min data for 38/39 tickers
2026-08-17 08:07:12 | INFO    | __main__ | Received valid intraday data for 38 tickers
2026-08-17 08:07:12 | INFO    | __main__ | VWAP MR Signals Found: 0
2026-08-17 08:07:12 | INFO    | __main__ | Portfolio Summary: Cash=₹500,116 | Open=0 | Total P&L=₹+2,381 | Win Rate=37.5%
2026-08-17 08:25:10 | INFO    | __main__ | ============================================================
2026-08-17 08:25:10 | INFO    | __main__ | Intraday Scan | 2026-08-17 13:55 IST
2026-08-17 08:25:10 | INFO    | __main__ | ============================================================
2026-08-17 08:25:10 | INFO    | __main__ | Fetching 15m data for 39 stocks...
2026-08-17 08:25:15 | ERROR   | yfinance | HTTP Error 404: {"quoteSummary":{"result":null,"error":{"code":"Not Found","description":"Quote not found for symbol: TATAMOTORS.NS"}}}
2026-08-17 08:25:15 | ERROR   | yfinance | $TATAMOTORS.NS: No data found, symbol may be delisted
2026-08-17 08:25:15 | ERROR   | yfinance | 
1 Failed download:
2026-08-17 08:25:15 | ERROR   | yfinance | ['TATAMOTORS.NS']: No data found, symbol may be delisted
2026-08-17 08:25:21 | INFO    | data.fetcher | Fetched 15min data for 38/39 tickers
2026-08-17 08:25:21 | INFO    | __main__ | Received valid intraday data for 38 tickers
2026-08-17 08:25:21 | INFO    | __main__ | VWAP MR Signals Found: 0
2026-08-17 08:25:21 | INFO    | __main__ | Portfolio Summary: Cash=₹500,116 | Open=0 | Total P&L=₹+2,381 | Win Rate=37.5%
2026-08-17 08:49:28 | INFO    | __main__ | ============================================================
2026-08-17 08:49:28 | INFO    | __main__ | Intraday Scan | 2026-08-17 14:19 IST
2026-08-17 08:49:28 | INFO    | __main__ | ============================================================
2026-08-17 08:49:28 | INFO    | __main__ | Fetching 15m data for 39 stocks...
2026-08-17 08:49:38 | ERROR   | yfinance | HTTP Error 404: {"quoteSummary":{"result":null,"error":{"code":"Not Found","description":"Quote not found for symbol: TATAMOTORS.NS"}}}
2026-08-17 08:49:38 | ERROR   | yfinance | $TATAMOTORS.NS: No data found, symbol may be delisted
2026-08-17 08:49:38 | ERROR   | yfinance | 
1 Failed download:
2026-08-17 08:49:38 | ERROR   | yfinance | ['TATAMOTORS.NS']: No data found, symbol may be delisted
2026-08-17 08:49:47 | INFO    | data.fetcher | Fetched 15min data for 38/39 tickers
2026-08-17 08:49:47 | INFO    | __main__ | Received valid intraday data for 38 tickers
2026-08-17 08:49:47 | INFO    | __main__ | VWAP MR Signals Found: 0
2026-08-17 08:49:47 | INFO    | __main__ | Portfolio Summary: Cash=₹500,116 | Open=0 | Total P&L=₹+2,381 | Win Rate=37.5%
2026-08-17 08:59:32 | INFO    | __main__ | ============================================================
2026-08-17 08:59:32 | INFO    | __main__ | Intraday Scan | 2026-08-17 14:29 IST
2026-08-17 08:59:32 | INFO    | __main__ | ============================================================
2026-08-17 08:59:32 | INFO    | __main__ | Fetching 15m data for 39 stocks...
2026-08-17 08:59:40 | ERROR   | yfinance | HTTP Error 404: {"quoteSummary":{"result":null,"error":{"code":"Not Found","description":"Quote not found for symbol: TATAMOTORS.NS"}}}
2026-08-17 08:59:40 | ERROR   | yfinance | $TATAMOTORS.NS: No data found, symbol may be delisted
2026-08-17 08:59:40 | ERROR   | yfinance | 
1 Failed download:
2026-08-17 08:59:40 | ERROR   | yfinance | ['TATAMOTORS.NS']: No data found, symbol may be delisted
2026-08-17 08:59:48 | INFO    | data.fetcher | Fetched 15min data for 38/39 tickers
2026-08-17 08:59:48 | INFO    | __main__ | Received valid intraday data for 38 tickers
2026-08-17 08:59:48 | INFO    | __main__ | VWAP MR Signals Found: 0
2026-08-17 08:59:48 | INFO    | __main__ | Portfolio Summary: Cash=₹500,116 | Open=0 | Total P&L=₹+2,381 | Win Rate=37.5%
2026-08-17 09:05:11 | INFO    | __main__ | ============================================================
2026-08-17 09:05:11 | INFO    | __main__ | Intraday Scan | 2026-08-17 14:35 IST
2026-08-17 09:05:11 | INFO    | __main__ | ============================================================
2026-08-17 09:05:11 | INFO    | __main__ | Fetching 15m data for 39 stocks...
2026-08-17 09:05:16 | ERROR   | yfinance | HTTP Error 404: {"quoteSummary":{"result":null,"error":{"code":"Not Found","description":"Quote not found for symbol: TATAMOTORS.NS"}}}
2026-08-17 09:05:16 | ERROR   | yfinance | $TATAMOTORS.NS: No data found, symbol may be delisted
2026-08-17 09:05:16 | ERROR   | yfinance | 
1 Failed download:
2026-08-17 09:05:16 | ERROR   | yfinance | ['TATAMOTORS.NS']: No data found, symbol may be delisted
2026-08-17 09:05:21 | INFO    | data.fetcher | Fetched 15min data for 38/39 tickers
2026-08-17 09:05:21 | INFO    | __main__ | Received valid intraday data for 38 tickers
2026-08-17 09:05:21 | INFO    | __main__ | VWAP MR Signals Found: 0
2026-08-17 09:05:21 | INFO    | __main__ | Portfolio Summary: Cash=₹500,116 | Open=0 | Total P&L=₹+2,381 | Win Rate=37.5%
2026-08-17 09:24:08 | INFO    | __main__ | ============================================================
2026-08-17 09:24:08 | INFO    | __main__ | Intraday Scan | 2026-08-17 14:54 IST
2026-08-17 09:24:08 | INFO    | __main__ | ============================================================
2026-08-17 09:24:08 | INFO    | __main__ | Fetching 15m data for 39 stocks...
2026-08-17 09:24:13 | ERROR   | yfinance | HTTP Error 404: {"quoteSummary":{"result":null,"error":{"code":"Not Found","description":"Quote not found for symbol: TATAMOTORS.NS"}}}
2026-08-17 09:24:13 | ERROR   | yfinance | $TATAMOTORS.NS: No data found, symbol may be delisted
2026-08-17 09:24:13 | ERROR   | yfinance | 
1 Failed download:
2026-08-17 09:24:13 | ERROR   | yfinance | ['TATAMOTORS.NS']: No data found, symbol may be delisted
2026-08-17 09:24:19 | INFO    | data.fetcher | Fetched 15min data for 38/39 tickers
2026-08-17 09:24:19 | INFO    | __main__ | Received valid intraday data for 38 tickers
2026-08-17 09:24:19 | INFO    | __main__ | VWAP MR Signals Found: 0
2026-08-17 09:24:19 | INFO    | __main__ | Portfolio Summary: Cash=₹500,116 | Open=0 | Total P&L=₹+2,381 | Win Rate=37.5%
2026-08-17 09:46:41 | INFO    | __main__ | ============================================================
2026-08-17 09:46:41 | INFO    | __main__ | Intraday Scan | 2026-08-17 15:16 IST
2026-08-17 09:46:41 | INFO    | __main__ | ============================================================
2026-08-17 09:46:41 | INFO    | __main__ | Fetching 15m data for 39 stocks...
2026-08-17 09:46:46 | ERROR   | yfinance | HTTP Error 404: {"quoteSummary":{"result":null,"error":{"code":"Not Found","description":"Quote not found for symbol: TATAMOTORS.NS"}}}
2026-08-17 09:46:46 | ERROR   | yfinance | $TATAMOTORS.NS: No data found, symbol may be delisted
2026-08-17 09:46:46 | ERROR   | yfinance | 
1 Failed download:
2026-08-17 09:46:46 | ERROR   | yfinance | ['TATAMOTORS.NS']: No data found, symbol may be delisted
2026-08-17 09:46:50 | INFO    | data.fetcher | Fetched 15min data for 38/39 tickers
2026-08-17 09:46:50 | INFO    | __main__ | Received valid intraday data for 38 tickers
2026-08-17 09:46:50 | INFO    | __main__ | Square-off time reached (3:15 PM) - Force closing all open positions
2026-08-17 09:46:51 | INFO    | __main__ | Discord notification sent
2026-08-17 09:46:51 | INFO    | __main__ | EOD Summary: {'date': '2026-08-17', 'today_trades': 1, 'today_pnl': 2181.79, 'today_winners': 1, 'total_pnl': 2380.6, 'win_rate_pct': 37.5, 'return_pct': 0.48}
2026-08-17 09:56:40 | INFO    | __main__ | ============================================================
2026-08-17 09:56:40 | INFO    | __main__ | Intraday Scan | 2026-08-17 15:26 IST
2026-08-17 09:56:40 | INFO    | __main__ | ============================================================
2026-08-17 09:56:40 | INFO    | __main__ | Fetching 15m data for 39 stocks...
2026-08-17 09:56:46 | ERROR   | yfinance | HTTP Error 404: {"quoteSummary":{"result":null,"error":{"code":"Not Found","description":"Quote not found for symbol: TATAMOTORS.NS"}}}
2026-08-17 09:56:47 | ERROR   | yfinance | $TATAMOTORS.NS: No data found, symbol may be delisted
2026-08-17 09:56:47 | ERROR   | yfinance | 
1 Failed download:
2026-08-17 09:56:47 | ERROR   | yfinance | ['TATAMOTORS.NS']: No data found, symbol may be delisted
2026-08-17 09:56:53 | INFO    | data.fetcher | Fetched 15min data for 38/39 tickers
2026-08-17 09:56:53 | INFO    | __main__ | Received valid intraday data for 38 tickers
2026-08-17 09:56:53 | INFO    | __main__ | Square-off time reached (3:15 PM) - Force closing all open positions
2026-08-17 09:56:53 | INFO    | __main__ | Discord notification sent
2026-08-17 09:56:53 | INFO    | __main__ | EOD Summary: {'date': '2026-08-17', 'today_trades': 1, 'today_pnl': 2181.79, 'today_winners': 1, 'total_pnl': 2380.6, 'win_rate_pct': 37.5, 'return_pct': 0.48}
2026-08-17 10:05:34 | INFO    | __main__ | ============================================================
2026-08-17 10:05:34 | INFO    | __main__ | Intraday Scan | 2026-08-17 15:35 IST
2026-08-17 10:05:34 | INFO    | __main__ | ============================================================
2026-08-17 10:05:34 | INFO    | __main__ | Outside NSE trading hours
2026-08-17 10:15:59 | INFO    | __main__ | ============================================================
2026-08-17 10:15:59 | INFO    | __main__ | Intraday Scan | 2026-08-17 15:45 IST
2026-08-17 10:15:59 | INFO    | __main__ | ============================================================
2026-08-17 10:15:59 | INFO    | __main__ | Outside NSE trading hours
2026-08-18 04:20:36 | INFO    | __main__ | ============================================================
2026-08-18 04:20:36 | INFO    | __main__ | Intraday Scan | 2026-08-18 09:50 IST
2026-08-18 04:20:36 | INFO    | __main__ | ============================================================
2026-08-18 04:20:36 | INFO    | __main__ | Fetching 15m data for 39 stocks...
2026-08-18 04:20:42 | ERROR   | yfinance | HTTP Error 404: {"quoteSummary":{"result":null,"error":{"code":"Not Found","description":"Quote not found for symbol: TATAMOTORS.NS"}}}
2026-08-18 04:20:43 | ERROR   | yfinance | $TATAMOTORS.NS: No data found, symbol may be delisted
2026-08-18 04:20:43 | ERROR   | yfinance | 
1 Failed download:
2026-08-18 04:20:43 | ERROR   | yfinance | ['TATAMOTORS.NS']: No data found, symbol may be delisted
2026-08-18 04:20:49 | INFO    | data.fetcher | Fetched 15min data for 38/39 tickers
2026-08-18 04:20:49 | INFO    | __main__ | Received valid intraday data for 38 tickers
2026-08-18 04:20:49 | INFO    | __main__ | VWAP MR Signals Found: 0
2026-08-18 04:20:49 | INFO    | __main__ | Portfolio Summary: Cash=₹500,116 | Open=0 | Total P&L=₹+2,381 | Win Rate=37.5%
2026-08-18 04:38:39 | INFO    | __main__ | ============================================================
2026-08-18 04:38:39 | INFO    | __main__ | Intraday Scan | 2026-08-18 10:08 IST
2026-08-18 04:38:39 | INFO    | __main__ | ============================================================
2026-08-18 04:38:39 | INFO    | __main__ | Fetching 15m data for 39 stocks...
2026-08-18 04:38:49 | ERROR   | yfinance | HTTP Error 404: {"quoteSummary":{"result":null,"error":{"code":"Not Found","description":"Quote not found for symbol: TATAMOTORS.NS"}}}
2026-08-18 04:38:50 | ERROR   | yfinance | $TATAMOTORS.NS: No data found, symbol may be delisted
2026-08-18 04:38:50 | ERROR   | yfinance | 
1 Failed download:
2026-08-18 04:38:50 | ERROR   | yfinance | ['TATAMOTORS.NS']: No data found, symbol may be delisted
2026-08-18 04:38:58 | INFO    | data.fetcher | Fetched 15min data for 38/39 tickers
2026-08-18 04:38:58 | INFO    | __main__ | Received valid intraday data for 38 tickers
2026-08-18 04:38:58 | INFO    | __main__ | VWAP MR Signals Found: 0
2026-08-18 04:38:58 | INFO    | __main__ | Portfolio Summary: Cash=₹500,116 | Open=0 | Total P&L=₹+2,381 | Win Rate=37.5%
2026-08-18 04:48:19 | INFO    | __main__ | ============================================================
2026-08-18 04:48:19 | INFO    | __main__ | Intraday Scan | 2026-08-18 10:18 IST
2026-08-18 04:48:19 | INFO    | __main__ | ============================================================
2026-08-18 04:48:19 | INFO    | __main__ | Fetching 15m data for 39 stocks...
2026-08-18 04:48:25 | ERROR   | yfinance | HTTP Error 404: {"quoteSummary":{"result":null,"error":{"code":"Not Found","description":"Quote not found for symbol: TATAMOTORS.NS"}}}
2026-08-18 04:48:25 | ERROR   | yfinance | $TATAMOTORS.NS: No data found, symbol may be delisted
2026-08-18 04:48:25 | ERROR   | yfinance | 
1 Failed download:
2026-08-18 04:48:25 | ERROR   | yfinance | ['TATAMOTORS.NS']: No data found, symbol may be delisted
2026-08-18 04:48:35 | INFO    | data.fetcher | Fetched 15min data for 38/39 tickers
2026-08-18 04:48:35 | INFO    | __main__ | Received valid intraday data for 38 tickers
2026-08-18 04:48:35 | INFO    | __main__ | VWAP MR Signals Found: 0
2026-08-18 04:48:35 | INFO    | __main__ | Portfolio Summary: Cash=₹500,116 | Open=0 | Total P&L=₹+2,381 | Win Rate=37.5%
2026-08-18 05:01:36 | INFO    | __main__ | ============================================================
2026-08-18 05:01:36 | INFO    | __main__ | Intraday Scan | 2026-08-18 10:31 IST
2026-08-18 05:01:36 | INFO    | __main__ | ============================================================
2026-08-18 05:01:36 | INFO    | __main__ | Fetching 15m data for 39 stocks...
2026-08-18 05:01:44 | ERROR   | yfinance | HTTP Error 404: {"quoteSummary":{"result":null,"error":{"code":"Not Found","description":"Quote not found for symbol: TATAMOTORS.NS"}}}
2026-08-18 05:01:44 | ERROR   | yfinance | $TATAMOTORS.NS: No data found, symbol may be delisted
2026-08-18 05:01:44 | ERROR   | yfinance | 
1 Failed download:
2026-08-18 05:01:44 | ERROR   | yfinance | ['TATAMOTORS.NS']: No data found, symbol may be delisted
2026-08-18 05:01:51 | INFO    | data.fetcher | Fetched 15min data for 38/39 tickers
2026-08-18 05:01:51 | INFO    | __main__ | Received valid intraday data for 38 tickers
2026-08-18 05:01:51 | INFO    | __main__ | VWAP MR Signals Found: 0
2026-08-18 05:01:51 | INFO    | __main__ | Portfolio Summary: Cash=₹500,116 | Open=0 | Total P&L=₹+2,381 | Win Rate=37.5%
2026-08-18 05:14:31 | INFO    | __main__ | ============================================================
2026-08-18 05:14:31 | INFO    | __main__ | Intraday Scan | 2026-08-18 10:44 IST
2026-08-18 05:14:31 | INFO    | __main__ | ============================================================
2026-08-18 05:14:31 | INFO    | __main__ | Fetching 15m data for 39 stocks...
2026-08-18 05:14:41 | ERROR   | yfinance | HTTP Error 404: {"quoteSummary":{"result":null,"error":{"code":"Not Found","description":"Quote not found for symbol: TATAMOTORS.NS"}}}
2026-08-18 05:14:41 | ERROR   | yfinance | $TATAMOTORS.NS: No data found, symbol may be delisted
2026-08-18 05:14:41 | ERROR   | yfinance | 
1 Failed download:
2026-08-18 05:14:41 | ERROR   | yfinance | ['TATAMOTORS.NS']: No data found, symbol may be delisted
2026-08-18 05:14:51 | INFO    | data.fetcher | Fetched 15min data for 38/39 tickers
2026-08-18 05:14:51 | INFO    | __main__ | Received valid intraday data for 38 tickers
2026-08-18 05:14:51 | INFO    | __main__ | VWAP MR Signals Found: 0
2026-08-18 05:14:51 | INFO    | __main__ | Portfolio Summary: Cash=₹500,116 | Open=0 | Total P&L=₹+2,381 | Win Rate=37.5%
2026-08-18 05:29:09 | INFO    | __main__ | ============================================================
2026-08-18 05:29:09 | INFO    | __main__ | Intraday Scan | 2026-08-18 10:59 IST
2026-08-18 05:29:09 | INFO    | __main__ | ============================================================
2026-08-18 05:29:09 | INFO    | __main__ | Fetching 15m data for 39 stocks...
2026-08-18 05:29:16 | ERROR   | yfinance | HTTP Error 404: {"quoteSummary":{"result":null,"error":{"code":"Not Found","description":"Quote not found for symbol: TATAMOTORS.NS"}}}
2026-08-18 05:29:17 | ERROR   | yfinance | $TATAMOTORS.NS: No data found, symbol may be delisted
2026-08-18 05:29:17 | ERROR   | yfinance | 
1 Failed download:
2026-08-18 05:29:17 | ERROR   | yfinance | ['TATAMOTORS.NS']: No data found, symbol may be delisted
2026-08-18 05:29:24 | INFO    | data.fetcher | Fetched 15min data for 38/39 tickers
2026-08-18 05:29:24 | INFO    | __main__ | Received valid intraday data for 38 tickers
2026-08-18 05:29:24 | INFO    | __main__ | VWAP MR Signals Found: 1
2026-08-18 05:29:24 | INFO    | engine.paper_trader | ENTER LONG SHRIRAMFIN.NS @ ₹1101.9 | Qty: 259 | SL: ₹1094.19 | Target: ₹1110.95 | Risk: ₹1997.0
2026-08-18 05:29:25 | INFO    | __main__ | Discord notification sent
2026-08-18 05:29:25 | INFO    | __main__ | Portfolio Summary: Cash=₹214,548 | Open=1 | Total P&L=₹+2,381 | Win Rate=33.3%
2026-08-18 05:45:41 | INFO    | __main__ | ============================================================
2026-08-18 05:45:41 | INFO    | __main__ | Intraday Scan | 2026-08-18 11:15 IST
2026-08-18 05:45:41 | INFO    | __main__ | ============================================================
2026-08-18 05:45:41 | INFO    | __main__ | Fetching 15m data for 39 stocks...
2026-08-18 05:45:46 | ERROR   | yfinance | HTTP Error 404: {"quoteSummary":{"result":null,"error":{"code":"Not Found","description":"Quote not found for symbol: TATAMOTORS.NS"}}}
2026-08-18 05:45:47 | ERROR   | yfinance | $TATAMOTORS.NS: No data found, symbol may be delisted
2026-08-18 05:45:47 | ERROR   | yfinance | 
1 Failed download:
2026-08-18 05:45:47 | ERROR   | yfinance | ['TATAMOTORS.NS']: No data found, symbol may be delisted
2026-08-18 05:45:51 | INFO    | data.fetcher | Fetched 15min data for 38/39 tickers
2026-08-18 05:45:51 | INFO    | __main__ | Received valid intraday data for 38 tickers
2026-08-18 05:45:51 | INFO    | __main__ | VWAP MR Signals Found: 0
2026-08-18 05:45:51 | INFO    | __main__ | Portfolio Summary: Cash=₹214,548 | Open=1 | Total P&L=₹+2,381 | Win Rate=33.3%
2026-08-18 05:53:15 | INFO    | __main__ | ============================================================
2026-08-18 05:53:15 | INFO    | __main__ | Intraday Scan | 2026-08-18 11:23 IST
2026-08-18 05:53:15 | INFO    | __main__ | ============================================================
2026-08-18 05:53:15 | INFO    | __main__ | Fetching 15m data for 39 stocks...
2026-08-18 05:53:21 | ERROR   | yfinance | HTTP Error 404: {"quoteSummary":{"result":null,"error":{"code":"Not Found","description":"Quote not found for symbol: TATAMOTORS.NS"}}}
2026-08-18 05:53:21 | ERROR   | yfinance | $TATAMOTORS.NS: No data found, symbol may be delisted
2026-08-18 05:53:21 | ERROR   | yfinance | 
1 Failed download:
2026-08-18 05:53:21 | ERROR   | yfinance | ['TATAMOTORS.NS']: No data found, symbol may be delisted
2026-08-18 05:53:27 | INFO    | data.fetcher | Fetched 15min data for 38/39 tickers
2026-08-18 05:53:27 | INFO    | __main__ | Received valid intraday data for 38 tickers
2026-08-18 05:53:27 | INFO    | __main__ | VWAP MR Signals Found: 0
2026-08-18 05:53:27 | INFO    | __main__ | Portfolio Summary: Cash=₹214,548 | Open=1 | Total P&L=₹+2,381 | Win Rate=33.3%
2026-08-18 06:00:05 | INFO    | __main__ | ============================================================
2026-08-18 06:00:05 | INFO    | __main__ | Intraday Scan | 2026-08-18 11:30 IST
2026-08-18 06:00:05 | INFO    | __main__ | ============================================================
2026-08-18 06:00:05 | INFO    | __main__ | Fetching 15m data for 39 stocks...
2026-08-18 06:00:10 | ERROR   | yfinance | HTTP Error 404: {"quoteSummary":{"result":null,"error":{"code":"Not Found","description":"Quote not found for symbol: TATAMOTORS.NS"}}}
2026-08-18 06:00:10 | ERROR   | yfinance | $TATAMOTORS.NS: No data found, symbol may be delisted
2026-08-18 06:00:10 | ERROR   | yfinance | 
1 Failed download:
2026-08-18 06:00:10 | ERROR   | yfinance | ['TATAMOTORS.NS']: No data found, symbol may be delisted
2026-08-18 06:00:16 | INFO    | data.fetcher | Fetched 15min data for 38/39 tickers
2026-08-18 06:00:16 | INFO    | __main__ | Received valid intraday data for 38 tickers
2026-08-18 06:00:17 | INFO    | __main__ | VWAP MR Signals Found: 0
2026-08-18 06:00:17 | INFO    | __main__ | Portfolio Summary: Cash=₹214,548 | Open=1 | Total P&L=₹+2,381 | Win Rate=33.3%
2026-08-18 06:26:49 | INFO    | __main__ | ============================================================
2026-08-18 06:26:49 | INFO    | __main__ | Intraday Scan | 2026-08-18 11:56 IST
2026-08-18 06:26:49 | INFO    | __main__ | ============================================================
2026-08-18 06:26:49 | INFO    | __main__ | Fetching 15m data for 39 stocks...
2026-08-18 06:26:56 | ERROR   | yfinance | HTTP Error 404: {"quoteSummary":{"result":null,"error":{"code":"Not Found","description":"Quote not found for symbol: TATAMOTORS.NS"}}}
2026-08-18 06:26:56 | ERROR   | yfinance | $TATAMOTORS.NS: No data found, symbol may be delisted
2026-08-18 06:26:56 | ERROR   | yfinance | 
1 Failed download:
2026-08-18 06:26:56 | ERROR   | yfinance | ['TATAMOTORS.NS']: No data found, symbol may be delisted
2026-08-18 06:27:02 | INFO    | data.fetcher | Fetched 15min data for 38/39 tickers
2026-08-18 06:27:02 | INFO    | __main__ | Received valid intraday data for 38 tickers
2026-08-18 06:27:02 | INFO    | __main__ | VWAP MR Signals Found: 0
2026-08-18 06:27:02 | INFO    | __main__ | Portfolio Summary: Cash=₹214,548 | Open=1 | Total P&L=₹+2,381 | Win Rate=33.3%
2026-08-18 07:01:08 | INFO    | __main__ | ============================================================
2026-08-18 07:01:08 | INFO    | __main__ | Intraday Scan | 2026-08-18 12:31 IST
2026-08-18 07:01:08 | INFO    | __main__ | ============================================================
2026-08-18 07:01:08 | INFO    | __main__ | Fetching 15m data for 39 stocks...
2026-08-18 07:01:13 | ERROR   | yfinance | HTTP Error 404: {"quoteSummary":{"result":null,"error":{"code":"Not Found","description":"Quote not found for symbol: TATAMOTORS.NS"}}}
2026-08-18 07:01:14 | ERROR   | yfinance | $TATAMOTORS.NS: No data found, symbol may be delisted
2026-08-18 07:01:14 | ERROR   | yfinance | 
1 Failed download:
2026-08-18 07:01:14 | ERROR   | yfinance | ['TATAMOTORS.NS']: No data found, symbol may be delisted
2026-08-18 07:01:21 | INFO    | data.fetcher | Fetched 15min data for 38/39 tickers
2026-08-18 07:01:21 | INFO    | __main__ | Received valid intraday data for 38 tickers
2026-08-18 07:01:21 | INFO    | engine.paper_trader | TRAIL SHRIRAMFIN.NS stop moved to breakeven + buffer: ₹1102.67
2026-08-18 07:01:21 | INFO    | engine.paper_trader | EXIT SHRIRAMFIN.NS @ ₹1110.95 | P&L: ₹+1918 (target)
2026-08-18 07:01:21 | INFO    | __main__ | Discord notification sent
2026-08-18 07:01:21 | INFO    | __main__ | VWAP MR Signals Found: 0
2026-08-18 07:01:21 | INFO    | __main__ | Portfolio Summary: Cash=₹502,034 | Open=0 | Total P&L=₹+4,298 | Win Rate=44.4%
2026-08-18 07:13:59 | INFO    | __main__ | ============================================================
2026-08-18 07:13:59 | INFO    | __main__ | Intraday Scan | 2026-08-18 12:43 IST
2026-08-18 07:13:59 | INFO    | __main__ | ============================================================
2026-08-18 07:13:59 | INFO    | __main__ | Fetching 15m data for 39 stocks...
2026-08-18 07:14:07 | ERROR   | yfinance | HTTP Error 404: {"quoteSummary":{"result":null,"error":{"code":"Not Found","description":"Quote not found for symbol: TATAMOTORS.NS"}}}
2026-08-18 07:14:08 | ERROR   | yfinance | $TATAMOTORS.NS: No data found, symbol may be delisted
2026-08-18 07:14:08 | ERROR   | yfinance | 
1 Failed download:
2026-08-18 07:14:08 | ERROR   | yfinance | ['TATAMOTORS.NS']: No data found, symbol may be delisted
2026-08-18 07:14:14 | INFO    | data.fetcher | Fetched 15min data for 38/39 tickers
2026-08-18 07:14:14 | INFO    | __main__ | Received valid intraday data for 38 tickers
2026-08-18 07:14:14 | INFO    | __main__ | VWAP MR Signals Found: 0
2026-08-18 07:14:14 | INFO    | __main__ | Portfolio Summary: Cash=₹502,034 | Open=0 | Total P&L=₹+4,298 | Win Rate=44.4%
2026-08-18 07:23:20 | INFO    | __main__ | ============================================================
2026-08-18 07:23:20 | INFO    | __main__ | Intraday Scan | 2026-08-18 12:53 IST
2026-08-18 07:23:20 | INFO    | __main__ | ============================================================
2026-08-18 07:23:20 | INFO    | __main__ | Fetching 15m data for 39 stocks...
2026-08-18 07:23:28 | ERROR   | yfinance | HTTP Error 404: {"quoteSummary":{"result":null,"error":{"code":"Not Found","description":"Quote not found for symbol: TATAMOTORS.NS"}}}
2026-08-18 07:23:29 | ERROR   | yfinance | $TATAMOTORS.NS: No data found, symbol may be delisted
2026-08-18 07:23:29 | ERROR   | yfinance | 
1 Failed download:
2026-08-18 07:23:29 | ERROR   | yfinance | ['TATAMOTORS.NS']: No data found, symbol may be delisted
2026-08-18 07:23:36 | INFO    | data.fetcher | Fetched 15min data for 38/39 tickers
2026-08-18 07:23:36 | INFO    | __main__ | Received valid intraday data for 38 tickers
2026-08-18 07:23:36 | INFO    | __main__ | VWAP MR Signals Found: 0
2026-08-18 07:23:36 | INFO    | __main__ | Portfolio Summary: Cash=₹502,034 | Open=0 | Total P&L=₹+4,298 | Win Rate=44.4%
2026-08-18 07:33:14 | INFO    | __main__ | ============================================================
2026-08-18 07:33:14 | INFO    | __main__ | Intraday Scan | 2026-08-18 13:03 IST
2026-08-18 07:33:14 | INFO    | __main__ | ============================================================
2026-08-18 07:33:14 | INFO    | __main__ | Fetching 15m data for 39 stocks...
2026-08-18 07:33:19 | ERROR   | yfinance | HTTP Error 404: {"quoteSummary":{"result":null,"error":{"code":"Not Found","description":"Quote not found for symbol: TATAMOTORS.NS"}}}
2026-08-18 07:33:19 | ERROR   | yfinance | $TATAMOTORS.NS: No data found, symbol may be delisted
2026-08-18 07:33:19 | ERROR   | yfinance | 
1 Failed download:
2026-08-18 07:33:19 | ERROR   | yfinance | ['TATAMOTORS.NS']: No data found, symbol may be delisted
2026-08-18 07:33:25 | INFO    | data.fetcher | Fetched 15min data for 38/39 tickers
2026-08-18 07:33:25 | INFO    | __main__ | Received valid intraday data for 38 tickers
2026-08-18 07:33:25 | INFO    | __main__ | VWAP MR Signals Found: 0
2026-08-18 07:33:25 | INFO    | __main__ | Portfolio Summary: Cash=₹502,034 | Open=0 | Total P&L=₹+4,298 | Win Rate=44.4%
2026-08-18 07:53:31 | INFO    | __main__ | ============================================================
2026-08-18 07:53:31 | INFO    | __main__ | Intraday Scan | 2026-08-18 13:23 IST
2026-08-18 07:53:31 | INFO    | __main__ | ============================================================
2026-08-18 07:53:31 | INFO    | __main__ | Fetching 15m data for 39 stocks...
2026-08-18 07:53:37 | ERROR   | yfinance | HTTP Error 404: {"quoteSummary":{"result":null,"error":{"code":"Not Found","description":"Quote not found for symbol: TATAMOTORS.NS"}}}
2026-08-18 07:53:38 | ERROR   | yfinance | $TATAMOTORS.NS: No data found, symbol may be delisted
2026-08-18 07:53:38 | ERROR   | yfinance | 
1 Failed download:
2026-08-18 07:53:38 | ERROR   | yfinance | ['TATAMOTORS.NS']: No data found, symbol may be delisted
2026-08-18 07:53:43 | INFO    | data.fetcher | Fetched 15min data for 38/39 tickers
2026-08-18 07:53:43 | INFO    | __main__ | Received valid intraday data for 38 tickers
2026-08-18 07:53:43 | INFO    | __main__ | VWAP MR Signals Found: 0
2026-08-18 07:53:43 | INFO    | __main__ | Portfolio Summary: Cash=₹502,034 | Open=0 | Total P&L=₹+4,298 | Win Rate=44.4%
2026-08-18 08:02:51 | INFO    | __main__ | ============================================================
2026-08-18 08:02:51 | INFO    | __main__ | Intraday Scan | 2026-08-18 13:32 IST
2026-08-18 08:02:51 | INFO    | __main__ | ============================================================
2026-08-18 08:02:51 | INFO    | __main__ | Fetching 15m data for 39 stocks...
2026-08-18 08:02:58 | ERROR   | yfinance | HTTP Error 404: {"quoteSummary":{"result":null,"error":{"code":"Not Found","description":"Quote not found for symbol: TATAMOTORS.NS"}}}
2026-08-18 08:02:58 | ERROR   | yfinance | $TATAMOTORS.NS: No data found, symbol may be delisted
2026-08-18 08:02:58 | ERROR   | yfinance | 
1 Failed download:
2026-08-18 08:02:58 | ERROR   | yfinance | ['TATAMOTORS.NS']: No data found, symbol may be delisted
2026-08-18 08:03:04 | INFO    | data.fetcher | Fetched 15min data for 38/39 tickers
2026-08-18 08:03:04 | INFO    | __main__ | Received valid intraday data for 38 tickers
2026-08-18 08:03:04 | INFO    | __main__ | VWAP MR Signals Found: 0
2026-08-18 08:03:04 | INFO    | __main__ | Portfolio Summary: Cash=₹502,034 | Open=0 | Total P&L=₹+4,298 | Win Rate=44.4%
2026-08-18 08:16:04 | INFO    | __main__ | ============================================================
2026-08-18 08:16:04 | INFO    | __main__ | Intraday Scan | 2026-08-18 13:46 IST
2026-08-18 08:16:04 | INFO    | __main__ | ============================================================
2026-08-18 08:16:04 | INFO    | __main__ | Fetching 15m data for 39 stocks...
2026-08-18 08:16:13 | ERROR   | yfinance | HTTP Error 404: {"quoteSummary":{"result":null,"error":{"code":"Not Found","description":"Quote not found for symbol: TATAMOTORS.NS"}}}
2026-08-18 08:16:13 | ERROR   | yfinance | $TATAMOTORS.NS: No data found, symbol may be delisted
2026-08-18 08:16:13 | ERROR   | yfinance | 
1 Failed download:
2026-08-18 08:16:13 | ERROR   | yfinance | ['TATAMOTORS.NS']: No data found, symbol may be delisted
2026-08-18 08:16:22 | INFO    | data.fetcher | Fetched 15min data for 38/39 tickers
2026-08-18 08:16:22 | INFO    | __main__ | Received valid intraday data for 38 tickers
2026-08-18 08:16:23 | INFO    | __main__ | VWAP MR Signals Found: 0
2026-08-18 08:16:23 | INFO    | __main__ | Portfolio Summary: Cash=₹502,034 | Open=0 | Total P&L=₹+4,298 | Win Rate=44.4%
2026-08-18 08:42:06 | INFO    | __main__ | ============================================================
2026-08-18 08:42:06 | INFO    | __main__ | Intraday Scan | 2026-08-18 14:12 IST
2026-08-18 08:42:06 | INFO    | __main__ | ============================================================
2026-08-18 08:42:06 | INFO    | __main__ | Fetching 15m data for 39 stocks...
2026-08-18 08:42:14 | ERROR   | yfinance | HTTP Error 404: {"quoteSummary":{"result":null,"error":{"code":"Not Found","description":"Quote not found for symbol: TATAMOTORS.NS"}}}
2026-08-18 08:42:14 | ERROR   | yfinance | $TATAMOTORS.NS: No data found, symbol may be delisted
2026-08-18 08:42:14 | ERROR   | yfinance | 
1 Failed download:
2026-08-18 08:42:14 | ERROR   | yfinance | ['TATAMOTORS.NS']: No data found, symbol may be delisted
2026-08-18 08:42:21 | INFO    | data.fetcher | Fetched 15min data for 38/39 tickers
2026-08-18 08:42:21 | INFO    | __main__ | Received valid intraday data for 38 tickers
2026-08-18 08:42:21 | INFO    | __main__ | VWAP MR Signals Found: 0
2026-08-18 08:42:21 | INFO    | __main__ | Portfolio Summary: Cash=₹502,034 | Open=0 | Total P&L=₹+4,298 | Win Rate=44.4%
2026-08-18 08:52:26 | INFO    | __main__ | ============================================================
2026-08-18 08:52:26 | INFO    | __main__ | Intraday Scan | 2026-08-18 14:22 IST
2026-08-18 08:52:26 | INFO    | __main__ | ============================================================
2026-08-18 08:52:26 | INFO    | __main__ | Fetching 15m data for 39 stocks...
2026-08-18 08:52:34 | ERROR   | yfinance | $ZOMATO.NS: No data found, symbol may be delisted
2026-08-18 08:52:34 | ERROR   | yfinance | 
1 Failed download:
2026-08-18 08:52:34 | ERROR   | yfinance | ['ZOMATO.NS']: No data found, symbol may be delisted
2026-08-18 08:52:41 | INFO    | data.fetcher | Fetched 15min data for 38/39 tickers
2026-08-18 08:52:41 | INFO    | __main__ | Received valid intraday data for 38 tickers
2026-08-18 08:52:41 | INFO    | __main__ | VWAP MR Signals Found: 1
2026-08-18 08:52:41 | INFO    | engine.paper_trader | ENTER LONG ITC.NS @ ₹269.5 | Qty: 1058 | SL: ₹267.61 | Target: ₹271.4 | Risk: ₹2000.0
2026-08-18 08:52:42 | INFO    | __main__ | Discord notification sent
2026-08-18 08:52:42 | INFO    | __main__ | Portfolio Summary: Cash=₹216,727 | Open=1 | Total P&L=₹+4,298 | Win Rate=40.0%
2026-08-18 08:59:41 | INFO    | __main__ | ============================================================
2026-08-18 08:59:41 | INFO    | __main__ | Intraday Scan | 2026-08-18 14:29 IST
2026-08-18 08:59:41 | INFO    | __main__ | ============================================================
2026-08-18 08:59:41 | INFO    | __main__ | Fetching 15m data for 39 stocks...
2026-08-18 08:59:46 | ERROR   | yfinance | $ZOMATO.NS: No data found, symbol may be delisted
2026-08-18 08:59:46 | ERROR   | yfinance | 
1 Failed download:
2026-08-18 08:59:46 | ERROR   | yfinance | ['ZOMATO.NS']: No data found, symbol may be delisted
2026-08-18 08:59:51 | INFO    | data.fetcher | Fetched 15min data for 38/39 tickers
2026-08-18 08:59:51 | INFO    | __main__ | Received valid intraday data for 38 tickers
2026-08-18 08:59:51 | INFO    | __main__ | VWAP MR Signals Found: 0
2026-08-18 08:59:51 | INFO    | __main__ | Portfolio Summary: Cash=₹216,727 | Open=1 | Total P&L=₹+4,298 | Win Rate=40.0%
2026-08-18 09:15:57 | INFO    | __main__ | ============================================================
2026-08-18 09:15:57 | INFO    | __main__ | Intraday Scan | 2026-08-18 14:45 IST
2026-08-18 09:15:57 | INFO    | __main__ | ============================================================
2026-08-18 09:15:57 | INFO    | __main__ | Fetching 15m data for 39 stocks...
2026-08-18 09:16:03 | ERROR   | yfinance | $ZOMATO.NS: No data found, symbol may be delisted
2026-08-18 09:16:03 | ERROR   | yfinance | 
1 Failed download:
2026-08-18 09:16:03 | ERROR   | yfinance | ['ZOMATO.NS']: No data found, symbol may be delisted
2026-08-18 09:16:09 | INFO    | data.fetcher | Fetched 15min data for 38/39 tickers
2026-08-18 09:16:09 | INFO    | __main__ | Received valid intraday data for 38 tickers
2026-08-18 09:16:09 | INFO    | __main__ | VWAP MR Signals Found: 0
2026-08-18 09:16:09 | INFO    | __main__ | Portfolio Summary: Cash=₹216,727 | Open=1 | Total P&L=₹+4,298 | Win Rate=40.0%
2026-08-18 09:37:53 | INFO    | __main__ | ============================================================
2026-08-18 09:37:53 | INFO    | __main__ | Intraday Scan | 2026-08-18 15:07 IST
2026-08-18 09:37:53 | INFO    | __main__ | ============================================================
2026-08-18 09:37:53 | INFO    | __main__ | Fetching 15m data for 39 stocks...
2026-08-18 09:38:02 | ERROR   | yfinance | $ZOMATO.NS: No data found, symbol may be delisted
2026-08-18 09:38:02 | ERROR   | yfinance | 
1 Failed download:
2026-08-18 09:38:02 | ERROR   | yfinance | ['ZOMATO.NS']: No data found, symbol may be delisted
2026-08-18 09:38:10 | INFO    | data.fetcher | Fetched 15min data for 38/39 tickers
2026-08-18 09:38:10 | INFO    | __main__ | Received valid intraday data for 38 tickers
2026-08-18 09:38:10 | INFO    | __main__ | VWAP MR Signals Found: 0
2026-08-18 09:38:10 | INFO    | __main__ | Portfolio Summary: Cash=₹216,727 | Open=1 | Total P&L=₹+4,298 | Win Rate=40.0%
2026-08-18 09:48:04 | INFO    | __main__ | ============================================================
2026-08-18 09:48:04 | INFO    | __main__ | Intraday Scan | 2026-08-18 15:18 IST
2026-08-18 09:48:04 | INFO    | __main__ | ============================================================
2026-08-18 09:48:04 | INFO    | __main__ | Fetching 15m data for 39 stocks...
2026-08-18 09:48:13 | ERROR   | yfinance | $ZOMATO.NS: No data found, symbol may be delisted
2026-08-18 09:48:13 | ERROR   | yfinance | 
1 Failed download:
2026-08-18 09:48:13 | ERROR   | yfinance | ['ZOMATO.NS']: No data found, symbol may be delisted
2026-08-18 09:48:20 | INFO    | data.fetcher | Fetched 15min data for 38/39 tickers
2026-08-18 09:48:20 | INFO    | __main__ | Received valid intraday data for 38 tickers
2026-08-18 09:48:20 | INFO    | engine.paper_trader | EXIT ITC.NS @ ₹270.20001220703125 | P&L: ₹+316 (square_off)
2026-08-18 09:48:21 | INFO    | __main__ | Discord notification sent
2026-08-18 09:48:21 | INFO    | __main__ | Square-off time reached (3:15 PM) - Force closing all open positions
2026-08-18 09:48:21 | INFO    | __main__ | Discord notification sent
2026-08-18 09:48:21 | INFO    | __main__ | EOD Summary: {'date': '2026-08-18', 'today_trades': 2, 'today_pnl': np.float64(2234.07), 'today_winners': 2, 'total_pnl': np.float64(4614.67), 'win_rate_pct': 50.0, 'return_pct': np.float64(0.92)}
2026-08-18 09:58:16 | INFO    | __main__ | ============================================================
2026-08-18 09:58:16 | INFO    | __main__ | Intraday Scan | 2026-08-18 15:28 IST
2026-08-18 09:58:16 | INFO    | __main__ | ============================================================
2026-08-18 09:58:16 | INFO    | __main__ | Fetching 15m data for 39 stocks...
2026-08-18 09:58:22 | ERROR   | yfinance | $ZOMATO.NS: No data found, symbol may be delisted
2026-08-18 09:58:22 | ERROR   | yfinance | 
1 Failed download:
2026-08-18 09:58:22 | ERROR   | yfinance | ['ZOMATO.NS']: No data found, symbol may be delisted
2026-08-18 09:58:27 | INFO    | data.fetcher | Fetched 15min data for 38/39 tickers
2026-08-18 09:58:27 | INFO    | __main__ | Received valid intraday data for 38 tickers
2026-08-18 09:58:27 | INFO    | __main__ | Square-off time reached (3:15 PM) - Force closing all open positions
2026-08-18 09:58:27 | INFO    | __main__ | Discord notification sent
2026-08-18 09:58:27 | INFO    | __main__ | EOD Summary: {'date': '2026-08-18', 'today_trades': 2, 'today_pnl': 2234.07, 'today_winners': 2, 'total_pnl': 4614.67, 'win_rate_pct': 50.0, 'return_pct': 0.92}
2026-08-18 10:04:38 | INFO    | __main__ | ============================================================
2026-08-18 10:04:38 | INFO    | __main__ | Intraday Scan | 2026-08-18 15:34 IST
2026-08-18 10:04:38 | INFO    | __main__ | ============================================================
2026-08-18 10:04:38 | INFO    | __main__ | Outside NSE trading hours
2026-08-19 04:21:42 | INFO    | __main__ | ============================================================
2026-08-19 04:21:42 | INFO    | __main__ | Intraday Scan | 2026-08-19 09:51 IST
2026-08-19 04:21:42 | INFO    | __main__ | ============================================================
2026-08-19 04:21:42 | INFO    | __main__ | Fetching 15m data for 39 stocks...
2026-08-19 04:21:48 | ERROR   | yfinance | $ZOMATO.NS: No data found, symbol may be delisted
2026-08-19 04:21:48 | ERROR   | yfinance | 
1 Failed download:
2026-08-19 04:21:48 | ERROR   | yfinance | ['ZOMATO.NS']: No data found, symbol may be delisted
2026-08-19 04:21:54 | INFO    | data.fetcher | Fetched 15min data for 38/39 tickers
2026-08-19 04:21:54 | INFO    | __main__ | Received valid intraday data for 38 tickers
2026-08-19 04:21:54 | INFO    | __main__ | VWAP MR Signals Found: 0
2026-08-19 04:21:54 | INFO    | __main__ | Portfolio Summary: Cash=₹502,351 | Open=0 | Total P&L=₹+4,615 | Win Rate=50.0%
2026-08-19 04:40:10 | INFO    | __main__ | ============================================================
2026-08-19 04:40:10 | INFO    | __main__ | Intraday Scan | 2026-08-19 10:10 IST
2026-08-19 04:40:10 | INFO    | __main__ | ============================================================
2026-08-19 04:40:10 | INFO    | __main__ | Fetching 15m data for 39 stocks...
2026-08-19 04:40:17 | ERROR   | yfinance | $ZOMATO.NS: No data found, symbol may be delisted
2026-08-19 04:40:17 | ERROR   | yfinance | 
1 Failed download:
2026-08-19 04:40:17 | ERROR   | yfinance | ['ZOMATO.NS']: No data found, symbol may be delisted
2026-08-19 04:40:22 | INFO    | data.fetcher | Fetched 15min data for 38/39 tickers
2026-08-19 04:40:22 | INFO    | __main__ | Received valid intraday data for 38 tickers
2026-08-19 04:40:22 | INFO    | __main__ | VWAP MR Signals Found: 0
2026-08-19 04:40:22 | INFO    | __main__ | Portfolio Summary: Cash=₹502,351 | Open=0 | Total P&L=₹+4,615 | Win Rate=50.0%
2026-08-19 04:48:50 | INFO    | __main__ | ============================================================
2026-08-19 04:48:50 | INFO    | __main__ | Intraday Scan | 2026-08-19 10:18 IST
2026-08-19 04:48:50 | INFO    | __main__ | ============================================================
2026-08-19 04:48:50 | INFO    | __main__ | Fetching 15m data for 39 stocks...
2026-08-19 04:48:56 | ERROR   | yfinance | $ZOMATO.NS: No data found, symbol may be delisted
2026-08-19 04:48:56 | ERROR   | yfinance | 
1 Failed download:
2026-08-19 04:48:56 | ERROR   | yfinance | ['ZOMATO.NS']: No data found, symbol may be delisted
2026-08-19 04:49:01 | INFO    | data.fetcher | Fetched 15min data for 38/39 tickers
2026-08-19 04:49:01 | INFO    | __main__ | Received valid intraday data for 38 tickers
2026-08-19 04:49:01 | INFO    | __main__ | VWAP MR Signals Found: 0
2026-08-19 04:49:01 | INFO    | __main__ | Portfolio Summary: Cash=₹502,351 | Open=0 | Total P&L=₹+4,615 | Win Rate=50.0%
2026-08-19 05:02:02 | INFO    | __main__ | ============================================================
2026-08-19 05:02:02 | INFO    | __main__ | Intraday Scan | 2026-08-19 10:32 IST
2026-08-19 05:02:02 | INFO    | __main__ | ============================================================
2026-08-19 05:02:02 | INFO    | __main__ | Fetching 15m data for 39 stocks...
2026-08-19 05:02:11 | ERROR   | yfinance | $ZOMATO.NS: No data found, symbol may be delisted
2026-08-19 05:02:11 | ERROR   | yfinance | 
1 Failed download:
2026-08-19 05:02:11 | ERROR   | yfinance | ['ZOMATO.NS']: No data found, symbol may be delisted
2026-08-19 05:02:17 | INFO    | data.fetcher | Fetched 15min data for 38/39 tickers
2026-08-19 05:02:17 | INFO    | __main__ | Received valid intraday data for 38 tickers
2026-08-19 05:02:17 | INFO    | __main__ | VWAP MR Signals Found: 0
2026-08-19 05:02:17 | INFO    | __main__ | Portfolio Summary: Cash=₹502,351 | Open=0 | Total P&L=₹+4,615 | Win Rate=50.0%
2026-08-19 05:15:23 | INFO    | __main__ | ============================================================
2026-08-19 05:15:23 | INFO    | __main__ | Intraday Scan | 2026-08-19 10:45 IST
2026-08-19 05:15:23 | INFO    | __main__ | ============================================================
2026-08-19 05:15:23 | INFO    | __main__ | Fetching 15m data for 39 stocks...
2026-08-19 05:15:29 | ERROR   | yfinance | $ZOMATO.NS: No data found, symbol may be delisted
2026-08-19 05:15:29 | ERROR   | yfinance | 
1 Failed download:
2026-08-19 05:15:29 | ERROR   | yfinance | ['ZOMATO.NS']: No data found, symbol may be delisted
2026-08-19 05:15:34 | INFO    | data.fetcher | Fetched 15min data for 38/39 tickers
2026-08-19 05:15:34 | INFO    | __main__ | Received valid intraday data for 38 tickers
2026-08-19 05:15:34 | INFO    | __main__ | VWAP MR Signals Found: 0
2026-08-19 05:15:34 | INFO    | __main__ | Portfolio Summary: Cash=₹502,351 | Open=0 | Total P&L=₹+4,615 | Win Rate=50.0%
2026-08-19 05:30:02 | INFO    | __main__ | ============================================================
2026-08-19 05:30:02 | INFO    | __main__ | Intraday Scan | 2026-08-19 11:00 IST
2026-08-19 05:30:02 | INFO    | __main__ | ============================================================
2026-08-19 05:30:02 | INFO    | __main__ | Fetching 15m data for 39 stocks...
2026-08-19 05:30:07 | ERROR   | yfinance | $ZOMATO.NS: No data found, symbol may be delisted
2026-08-19 05:30:07 | ERROR   | yfinance | 
1 Failed download:
2026-08-19 05:30:07 | ERROR   | yfinance | ['ZOMATO.NS']: No data found, symbol may be delisted
2026-08-19 05:30:13 | INFO    | data.fetcher | Fetched 15min data for 38/39 tickers
2026-08-19 05:30:13 | INFO    | __main__ | Received valid intraday data for 38 tickers
2026-08-19 05:30:13 | INFO    | __main__ | VWAP MR Signals Found: 1
2026-08-19 05:30:13 | INFO    | engine.paper_trader | ENTER LONG BPCL.NS @ ₹306.15 | Qty: 934 | SL: ₹304.01 | Target: ₹308.42 | Risk: ₹1999.0
2026-08-19 05:30:13 | INFO    | __main__ | Discord notification sent
2026-08-19 05:30:13 | INFO    | __main__ | Portfolio Summary: Cash=₹216,230 | Open=1 | Total P&L=₹+4,615 | Win Rate=45.5%
2026-08-19 05:46:56 | INFO    | __main__ | ============================================================
2026-08-19 05:46:56 | INFO    | __main__ | Intraday Scan | 2026-08-19 11:16 IST
2026-08-19 05:46:56 | INFO    | __main__ | ============================================================
2026-08-19 05:46:56 | INFO    | __main__ | Fetching 15m data for 39 stocks...
2026-08-19 05:47:05 | ERROR   | yfinance | $ZOMATO.NS: No data found, symbol may be delisted
2026-08-19 05:47:05 | ERROR   | yfinance | 
1 Failed download:
2026-08-19 05:47:05 | ERROR   | yfinance | ['ZOMATO.NS']: No data found, symbol may be delisted
2026-08-19 05:47:14 | INFO    | data.fetcher | Fetched 15min data for 38/39 tickers
2026-08-19 05:47:14 | INFO    | __main__ | Received valid intraday data for 38 tickers
2026-08-19 05:47:14 | INFO    | __main__ | VWAP MR Signals Found: 0
2026-08-19 05:47:14 | INFO    | __main__ | Portfolio Summary: Cash=₹216,230 | Open=1 | Total P&L=₹+4,615 | Win Rate=45.5%
2026-08-19 05:54:06 | INFO    | __main__ | ============================================================
2026-08-19 05:54:06 | INFO    | __main__ | Intraday Scan | 2026-08-19 11:24 IST
2026-08-19 05:54:06 | INFO    | __main__ | ============================================================
2026-08-19 05:54:06 | INFO    | __main__ | Fetching 15m data for 39 stocks...
2026-08-19 05:54:13 | ERROR   | yfinance | $ZOMATO.NS: No data found, symbol may be delisted
2026-08-19 05:54:13 | ERROR   | yfinance | 
1 Failed download:
2026-08-19 05:54:13 | ERROR   | yfinance | ['ZOMATO.NS']: No data found, symbol may be delisted
2026-08-19 05:54:21 | INFO    | data.fetcher | Fetched 15min data for 38/39 tickers
2026-08-19 05:54:21 | INFO    | __main__ | Received valid intraday data for 38 tickers
2026-08-19 05:54:22 | INFO    | __main__ | VWAP MR Signals Found: 0
2026-08-19 05:54:22 | INFO    | __main__ | Portfolio Summary: Cash=₹216,230 | Open=1 | Total P&L=₹+4,615 | Win Rate=45.5%
2026-08-19 06:01:12 | INFO    | __main__ | ============================================================
2026-08-19 06:01:12 | INFO    | __main__ | Intraday Scan | 2026-08-19 11:31 IST
2026-08-19 06:01:12 | INFO    | __main__ | ============================================================
2026-08-19 06:01:12 | INFO    | __main__ | Fetching 15m data for 39 stocks...
2026-08-19 06:01:17 | ERROR   | yfinance | $ZOMATO.NS: No data found, symbol may be delisted
2026-08-19 06:01:17 | ERROR   | yfinance | 
1 Failed download:
2026-08-19 06:01:17 | ERROR   | yfinance | ['ZOMATO.NS']: No data found, symbol may be delisted
2026-08-19 06:01:21 | INFO    | data.fetcher | Fetched 15min data for 38/39 tickers
2026-08-19 06:01:21 | INFO    | __main__ | Received valid intraday data for 38 tickers
2026-08-19 06:01:22 | INFO    | __main__ | VWAP MR Signals Found: 0
2026-08-19 06:01:22 | INFO    | __main__ | Portfolio Summary: Cash=₹216,230 | Open=1 | Total P&L=₹+4,615 | Win Rate=45.5%
2026-08-19 06:27:28 | INFO    | __main__ | ============================================================
2026-08-19 06:27:28 | INFO    | __main__ | Intraday Scan | 2026-08-19 11:57 IST
2026-08-19 06:27:28 | INFO    | __main__ | ============================================================
2026-08-19 06:27:28 | INFO    | __main__ | Fetching 15m data for 39 stocks...
2026-08-19 06:27:36 | ERROR   | yfinance | $ZOMATO.NS: No data found, symbol may be delisted
2026-08-19 06:27:36 | ERROR   | yfinance | 
1 Failed download:
2026-08-19 06:27:36 | ERROR   | yfinance | ['ZOMATO.NS']: No data found, symbol may be delisted
2026-08-19 06:27:43 | INFO    | data.fetcher | Fetched 15min data for 38/39 tickers
2026-08-19 06:27:43 | INFO    | __main__ | Received valid intraday data for 38 tickers
2026-08-19 06:27:43 | INFO    | __main__ | VWAP MR Signals Found: 0
2026-08-19 06:27:43 | INFO    | __main__ | Portfolio Summary: Cash=₹216,230 | Open=1 | Total P&L=₹+4,615 | Win Rate=45.5%
2026-08-19 07:02:25 | INFO    | __main__ | ============================================================
2026-08-19 07:02:25 | INFO    | __main__ | Intraday Scan | 2026-08-19 12:32 IST
2026-08-19 07:02:25 | INFO    | __main__ | ============================================================
2026-08-19 07:02:25 | INFO    | __main__ | Fetching 15m data for 39 stocks...
2026-08-19 07:02:31 | ERROR   | yfinance | $ZOMATO.NS: No data found, symbol may be delisted
2026-08-19 07:02:31 | ERROR   | yfinance | 
1 Failed download:
2026-08-19 07:02:31 | ERROR   | yfinance | ['ZOMATO.NS']: No data found, symbol may be delisted
2026-08-19 07:02:39 | INFO    | data.fetcher | Fetched 15min data for 38/39 tickers
2026-08-19 07:02:39 | INFO    | __main__ | Received valid intraday data for 38 tickers
2026-08-19 07:02:39 | INFO    | __main__ | VWAP MR Signals Found: 0
2026-08-19 07:02:39 | INFO    | __main__ | Portfolio Summary: Cash=₹216,230 | Open=1 | Total P&L=₹+4,615 | Win Rate=45.5%
2026-08-19 07:14:55 | INFO    | __main__ | ============================================================
2026-08-19 07:14:55 | INFO    | __main__ | Intraday Scan | 2026-08-19 12:44 IST
2026-08-19 07:14:55 | INFO    | __main__ | ============================================================
2026-08-19 07:14:55 | INFO    | __main__ | Fetching 15m data for 39 stocks...
2026-08-19 07:15:00 | ERROR   | yfinance | $ZOMATO.NS: No data found, symbol may be delisted
2026-08-19 07:15:00 | ERROR   | yfinance | 
1 Failed download:
2026-08-19 07:15:00 | ERROR   | yfinance | ['ZOMATO.NS']: No data found, symbol may be delisted
2026-08-19 07:15:06 | INFO    | data.fetcher | Fetched 15min data for 38/39 tickers
2026-08-19 07:15:06 | INFO    | __main__ | Received valid intraday data for 38 tickers
2026-08-19 07:15:06 | INFO    | __main__ | VWAP MR Signals Found: 0
2026-08-19 07:15:06 | INFO    | __main__ | Portfolio Summary: Cash=₹216,230 | Open=1 | Total P&L=₹+4,615 | Win Rate=45.5%
2026-08-19 07:24:06 | INFO    | __main__ | ============================================================
2026-08-19 07:24:06 | INFO    | __main__ | Intraday Scan | 2026-08-19 12:54 IST
2026-08-19 07:24:06 | INFO    | __main__ | ============================================================
2026-08-19 07:24:06 | INFO    | __main__ | Fetching 15m data for 39 stocks...
2026-08-19 07:24:11 | ERROR   | yfinance | $ZOMATO.NS: No data found, symbol may be delisted
2026-08-19 07:24:11 | ERROR   | yfinance | 
1 Failed download:
2026-08-19 07:24:11 | ERROR   | yfinance | ['ZOMATO.NS']: No data found, symbol may be delisted
2026-08-19 07:24:17 | INFO    | data.fetcher | Fetched 15min data for 38/39 tickers
2026-08-19 07:24:17 | INFO    | __main__ | Received valid intraday data for 38 tickers
2026-08-19 07:24:17 | INFO    | __main__ | VWAP MR Signals Found: 0
2026-08-19 07:24:17 | INFO    | __main__ | Portfolio Summary: Cash=₹216,230 | Open=1 | Total P&L=₹+4,615 | Win Rate=45.5%
2026-08-19 07:32:59 | INFO    | __main__ | ============================================================
2026-08-19 07:32:59 | INFO    | __main__ | Intraday Scan | 2026-08-19 13:02 IST
2026-08-19 07:32:59 | INFO    | __main__ | ============================================================
2026-08-19 07:32:59 | INFO    | __main__ | Fetching 15m data for 39 stocks...
2026-08-19 07:33:05 | ERROR   | yfinance | $ZOMATO.NS: No data found, symbol may be delisted
2026-08-19 07:33:05 | ERROR   | yfinance | 
1 Failed download:
2026-08-19 07:33:05 | ERROR   | yfinance | ['ZOMATO.NS']: No data found, symbol may be delisted
2026-08-19 07:33:10 | INFO    | data.fetcher | Fetched 15min data for 38/39 tickers
2026-08-19 07:33:10 | INFO    | __main__ | Received valid intraday data for 38 tickers
2026-08-19 07:33:10 | INFO    | __main__ | VWAP MR Signals Found: 0
2026-08-19 07:33:10 | INFO    | __main__ | Portfolio Summary: Cash=₹216,230 | Open=1 | Total P&L=₹+4,615 | Win Rate=45.5%
2026-08-19 07:53:53 | INFO    | __main__ | ============================================================
2026-08-19 07:53:53 | INFO    | __main__ | Intraday Scan | 2026-08-19 13:23 IST
2026-08-19 07:53:53 | INFO    | __main__ | ============================================================
2026-08-19 07:53:53 | INFO    | __main__ | Fetching 15m data for 39 stocks...
2026-08-19 07:53:58 | ERROR   | yfinance | $ZOMATO.NS: No data found, symbol may be delisted
2026-08-19 07:53:58 | ERROR   | yfinance | 
1 Failed download:
2026-08-19 07:53:58 | ERROR   | yfinance | ['ZOMATO.NS']: No data found, symbol may be delisted
2026-08-19 07:54:04 | INFO    | data.fetcher | Fetched 15min data for 38/39 tickers
2026-08-19 07:54:04 | INFO    | __main__ | Received valid intraday data for 38 tickers
2026-08-19 07:54:04 | INFO    | __main__ | VWAP MR Signals Found: 0
2026-08-19 07:54:04 | INFO    | __main__ | Portfolio Summary: Cash=₹216,230 | Open=1 | Total P&L=₹+4,615 | Win Rate=45.5%
2026-08-19 08:03:18 | INFO    | __main__ | ============================================================
2026-08-19 08:03:18 | INFO    | __main__ | Intraday Scan | 2026-08-19 13:33 IST
2026-08-19 08:03:18 | INFO    | __main__ | ============================================================
2026-08-19 08:03:18 | INFO    | __main__ | Fetching 15m data for 39 stocks...
2026-08-19 08:03:24 | ERROR   | yfinance | $ZOMATO.NS: No data found, symbol may be delisted
2026-08-19 08:03:24 | ERROR   | yfinance | 
1 Failed download:
2026-08-19 08:03:24 | ERROR   | yfinance | ['ZOMATO.NS']: No data found, symbol may be delisted
2026-08-19 08:03:30 | INFO    | data.fetcher | Fetched 15min data for 38/39 tickers
2026-08-19 08:03:30 | INFO    | __main__ | Received valid intraday data for 38 tickers
2026-08-19 08:03:30 | INFO    | __main__ | VWAP MR Signals Found: 1
2026-08-19 08:03:30 | INFO    | engine.paper_trader | ENTER LONG ITC.NS @ ₹267.1 | Qty: 809 | SL: ₹265.23 | Target: ₹268.72 | Risk: ₹1513.0
2026-08-19 08:03:31 | INFO    | __main__ | Discord notification sent
2026-08-19 08:03:31 | INFO    | __main__ | Portfolio Summary: Cash=₹7 | Open=2 | Total P&L=₹+4,615 | Win Rate=41.7%
2026-08-19 08:16:23 | INFO    | __main__ | ============================================================
2026-08-19 08:16:23 | INFO    | __main__ | Intraday Scan | 2026-08-19 13:46 IST
2026-08-19 08:16:23 | INFO    | __main__ | ============================================================
2026-08-19 08:16:23 | INFO    | __main__ | Fetching 15m data for 39 stocks...
2026-08-19 08:16:31 | ERROR   | yfinance | $ZOMATO.NS: No data found, symbol may be delisted
2026-08-19 08:16:31 | ERROR   | yfinance | 
1 Failed download:
2026-08-19 08:16:31 | ERROR   | yfinance | ['ZOMATO.NS']: No data found, symbol may be delisted
2026-08-19 08:16:38 | INFO    | data.fetcher | Fetched 15min data for 38/39 tickers
2026-08-19 08:16:38 | INFO    | __main__ | Received valid intraday data for 38 tickers
2026-08-19 08:16:38 | INFO    | __main__ | VWAP MR Signals Found: 1
2026-08-19 08:16:38 | INFO    | engine.paper_trader | Daily trade limit (2) reached for 2026-08-19
2026-08-19 08:16:38 | INFO    | __main__ | Portfolio Summary: Cash=₹7 | Open=2 | Total P&L=₹+4,615 | Win Rate=41.7%
2026-08-19 08:42:30 | INFO    | __main__ | ============================================================
2026-08-19 08:42:30 | INFO    | __main__ | Intraday Scan | 2026-08-19 14:12 IST
2026-08-19 08:42:30 | INFO    | __main__ | ============================================================
2026-08-19 08:42:30 | INFO    | __main__ | Fetching 15m data for 39 stocks...
2026-08-19 08:42:36 | ERROR   | yfinance | $ZOMATO.NS: No data found, symbol may be delisted
2026-08-19 08:42:36 | ERROR   | yfinance | 
1 Failed download:
2026-08-19 08:42:36 | ERROR   | yfinance | ['ZOMATO.NS']: No data found, symbol may be delisted
2026-08-19 08:42:41 | INFO    | data.fetcher | Fetched 15min data for 38/39 tickers
2026-08-19 08:42:41 | INFO    | __main__ | Received valid intraday data for 38 tickers
2026-08-19 08:42:41 | INFO    | __main__ | VWAP MR Signals Found: 2
2026-08-19 08:42:41 | INFO    | engine.paper_trader | Daily trade limit (2) reached for 2026-08-19
2026-08-19 08:42:41 | INFO    | engine.paper_trader | Daily trade limit (2) reached for 2026-08-19
2026-08-19 08:42:41 | INFO    | __main__ | Portfolio Summary: Cash=₹7 | Open=2 | Total P&L=₹+4,615 | Win Rate=41.7%
2026-08-19 08:53:15 | INFO    | __main__ | ============================================================
2026-08-19 08:53:15 | INFO    | __main__ | Intraday Scan | 2026-08-19 14:23 IST
2026-08-19 08:53:15 | INFO    | __main__ | ============================================================
2026-08-19 08:53:15 | INFO    | __main__ | Fetching 15m data for 39 stocks...
2026-08-19 08:53:25 | ERROR   | yfinance | $ZOMATO.NS: No data found, symbol may be delisted
2026-08-19 08:53:25 | ERROR   | yfinance | 
1 Failed download:
2026-08-19 08:53:25 | ERROR   | yfinance | ['ZOMATO.NS']: No data found, symbol may be delisted
2026-08-19 08:53:34 | INFO    | data.fetcher | Fetched 15min data for 38/39 tickers
2026-08-19 08:53:34 | INFO    | __main__ | Received valid intraday data for 38 tickers
2026-08-19 08:53:34 | INFO    | __main__ | VWAP MR Signals Found: 2
2026-08-19 08:53:34 | INFO    | engine.paper_trader | Daily trade limit (2) reached for 2026-08-19
2026-08-19 08:53:34 | INFO    | engine.paper_trader | Daily trade limit (2) reached for 2026-08-19
2026-08-19 08:53:34 | INFO    | __main__ | Portfolio Summary: Cash=₹7 | Open=2 | Total P&L=₹+4,615 | Win Rate=41.7%
2026-08-19 09:01:11 | INFO    | __main__ | ============================================================
2026-08-19 09:01:11 | INFO    | __main__ | Intraday Scan | 2026-08-19 14:31 IST
2026-08-19 09:01:11 | INFO    | __main__ | ============================================================
2026-08-19 09:01:11 | INFO    | __main__ | Fetching 15m data for 39 stocks...
2026-08-19 09:01:15 | ERROR   | yfinance | $ZOMATO.NS: No data found, symbol may be delisted
2026-08-19 09:01:15 | ERROR   | yfinance | 
1 Failed download:
2026-08-19 09:01:15 | ERROR   | yfinance | ['ZOMATO.NS']: No data found, symbol may be delisted
2026-08-19 09:01:20 | INFO    | data.fetcher | Fetched 15min data for 38/39 tickers
2026-08-19 09:01:20 | INFO    | __main__ | Received valid intraday data for 38 tickers
2026-08-19 09:01:20 | INFO    | __main__ | VWAP MR Signals Found: 0
2026-08-19 09:01:20 | INFO    | __main__ | Portfolio Summary: Cash=₹7 | Open=2 | Total P&L=₹+4,615 | Win Rate=41.7%
2026-08-19 09:16:55 | INFO    | __main__ | ============================================================
2026-08-19 09:16:55 | INFO    | __main__ | Intraday Scan | 2026-08-19 14:46 IST
2026-08-19 09:16:55 | INFO    | __main__ | ============================================================
2026-08-19 09:16:55 | INFO    | __main__ | Fetching 15m data for 39 stocks...
2026-08-19 09:17:01 | ERROR   | yfinance | $ZOMATO.NS: No data found, symbol may be delisted
2026-08-19 09:17:01 | ERROR   | yfinance | 
1 Failed download:
2026-08-19 09:17:01 | ERROR   | yfinance | ['ZOMATO.NS']: No data found, symbol may be delisted
2026-08-19 09:17:06 | INFO    | data.fetcher | Fetched 15min data for 38/39 tickers
2026-08-19 09:17:06 | INFO    | __main__ | Received valid intraday data for 38 tickers
2026-08-19 09:17:06 | INFO    | __main__ | VWAP MR Signals Found: 0
2026-08-19 09:17:06 | INFO    | __main__ | Portfolio Summary: Cash=₹7 | Open=2 | Total P&L=₹+4,615 | Win Rate=41.7%
2026-08-19 09:37:39 | INFO    | __main__ | ============================================================
2026-08-19 09:37:39 | INFO    | __main__ | Intraday Scan | 2026-08-19 15:07 IST
2026-08-19 09:37:39 | INFO    | __main__ | ============================================================
2026-08-19 09:37:39 | INFO    | __main__ | Fetching 15m data for 39 stocks...
2026-08-19 09:37:50 | ERROR   | yfinance | $ZOMATO.NS: No data found, symbol may be delisted
2026-08-19 09:37:50 | ERROR   | yfinance | 
1 Failed download:
2026-08-19 09:37:50 | ERROR   | yfinance | ['ZOMATO.NS']: No data found, symbol may be delisted
2026-08-19 09:37:58 | INFO    | data.fetcher | Fetched 15min data for 38/39 tickers
2026-08-19 09:37:58 | INFO    | __main__ | Received valid intraday data for 38 tickers
2026-08-19 09:37:58 | INFO    | __main__ | VWAP MR Signals Found: 0
2026-08-19 09:37:58 | INFO    | __main__ | Portfolio Summary: Cash=₹7 | Open=2 | Total P&L=₹+4,615 | Win Rate=41.7%
2026-08-19 09:48:44 | INFO    | __main__ | ============================================================
2026-08-19 09:48:44 | INFO    | __main__ | Intraday Scan | 2026-08-19 15:18 IST
2026-08-19 09:48:44 | INFO    | __main__ | ============================================================
2026-08-19 09:48:44 | INFO    | __main__ | Fetching 15m data for 39 stocks...
2026-08-19 09:48:49 | ERROR   | yfinance | $ZOMATO.NS: No data found, symbol may be delisted
2026-08-19 09:48:49 | ERROR   | yfinance | 
1 Failed download:
2026-08-19 09:48:49 | ERROR   | yfinance | ['ZOMATO.NS']: No data found, symbol may be delisted
2026-08-19 09:48:53 | INFO    | data.fetcher | Fetched 15min data for 38/39 tickers
2026-08-19 09:48:53 | INFO    | __main__ | Received valid intraday data for 38 tickers
2026-08-19 09:48:53 | INFO    | engine.paper_trader | EXIT BPCL.NS @ ₹305.70001220703125 | P&L: ₹-845 (square_off)
2026-08-19 09:48:53 | INFO    | engine.paper_trader | EXIT ITC.NS @ ₹266.6000061035156 | P&L: ₹-737 (square_off)
2026-08-19 09:48:54 | INFO    | __main__ | Discord notification sent
2026-08-19 09:48:54 | INFO    | __main__ | Discord notification sent
2026-08-19 09:48:54 | INFO    | __main__ | Square-off time reached (3:15 PM) - Force closing all open positions
2026-08-19 09:48:54 | INFO    | __main__ | Discord notification sent
2026-08-19 09:48:54 | INFO    | __main__ | EOD Summary: {'date': '2026-08-19', 'today_trades': 2, 'today_pnl': np.float64(-1581.71), 'today_winners': 0, 'total_pnl': np.float64(3032.96), 'win_rate_pct': 41.7, 'return_pct': np.float64(0.61)}
2026-08-19 09:58:17 | INFO    | __main__ | ============================================================
2026-08-19 09:58:17 | INFO    | __main__ | Intraday Scan | 2026-08-19 15:28 IST
2026-08-19 09:58:17 | INFO    | __main__ | ============================================================
2026-08-19 09:58:17 | INFO    | __main__ | Fetching 15m data for 39 stocks...
2026-08-19 09:58:22 | ERROR   | yfinance | $ZOMATO.NS: No data found, symbol may be delisted
2026-08-19 09:58:22 | ERROR   | yfinance | 
1 Failed download:
2026-08-19 09:58:22 | ERROR   | yfinance | ['ZOMATO.NS']: No data found, symbol may be delisted
2026-08-19 09:58:28 | INFO    | data.fetcher | Fetched 15min data for 38/39 tickers
2026-08-19 09:58:28 | INFO    | __main__ | Received valid intraday data for 38 tickers
2026-08-19 09:58:28 | INFO    | __main__ | Square-off time reached (3:15 PM) - Force closing all open positions
2026-08-19 09:58:28 | INFO    | __main__ | Discord notification sent
2026-08-19 09:58:28 | INFO    | __main__ | EOD Summary: {'date': '2026-08-19', 'today_trades': 2, 'today_pnl': -1581.71, 'today_winners': 0, 'total_pnl': 3032.96, 'win_rate_pct': 41.7, 'return_pct': 0.61}
2026-08-19 10:04:44 | INFO    | __main__ | ============================================================
2026-08-19 10:04:44 | INFO    | __main__ | Intraday Scan | 2026-08-19 15:34 IST
2026-08-19 10:04:44 | INFO    | __main__ | ============================================================
2026-08-19 10:04:44 | INFO    | __main__ | Outside NSE trading hours
2026-08-20 04:21:05 | INFO    | __main__ | ============================================================
2026-08-20 04:21:05 | INFO    | __main__ | Intraday Scan | 2026-08-20 09:51 IST
2026-08-20 04:21:05 | INFO    | __main__ | ============================================================
2026-08-20 04:21:05 | INFO    | __main__ | Fetching 15m data for 39 stocks...
2026-08-20 04:21:10 | ERROR   | yfinance | $ZOMATO.NS: No data found, symbol may be delisted
2026-08-20 04:21:10 | ERROR   | yfinance | 
1 Failed download:
2026-08-20 04:21:10 | ERROR   | yfinance | ['ZOMATO.NS']: No data found, symbol may be delisted
2026-08-20 04:21:15 | INFO    | data.fetcher | Fetched 15min data for 38/39 tickers
2026-08-20 04:21:15 | INFO    | __main__ | Received valid intraday data for 38 tickers
2026-08-20 04:21:15 | INFO    | __main__ | VWAP MR Signals Found: 0
2026-08-20 04:21:15 | INFO    | __main__ | Portfolio Summary: Cash=₹500,769 | Open=0 | Total P&L=₹+3,033 | Win Rate=41.7%
2026-08-20 04:40:30 | INFO    | __main__ | ============================================================
2026-08-20 04:40:30 | INFO    | __main__ | Intraday Scan | 2026-08-20 10:10 IST
2026-08-20 04:40:30 | INFO    | __main__ | ============================================================
2026-08-20 04:40:30 | INFO    | __main__ | Fetching 15m data for 39 stocks...
2026-08-20 04:40:36 | ERROR   | yfinance | $ZOMATO.NS: No data found, symbol may be delisted
2026-08-20 04:40:36 | ERROR   | yfinance | 
1 Failed download:
2026-08-20 04:40:36 | ERROR   | yfinance | ['ZOMATO.NS']: No data found, symbol may be delisted
2026-08-20 04:40:41 | INFO    | data.fetcher | Fetched 15min data for 38/39 tickers
2026-08-20 04:40:41 | INFO    | __main__ | Received valid intraday data for 38 tickers
2026-08-20 04:40:41 | INFO    | __main__ | VWAP MR Signals Found: 0
2026-08-20 04:40:41 | INFO    | __main__ | Portfolio Summary: Cash=₹500,769 | Open=0 | Total P&L=₹+3,033 | Win Rate=41.7%
2026-08-20 04:50:03 | INFO    | __main__ | ============================================================
2026-08-20 04:50:03 | INFO    | __main__ | Intraday Scan | 2026-08-20 10:20 IST
2026-08-20 04:50:03 | INFO    | __main__ | ============================================================
2026-08-20 04:50:03 | INFO    | __main__ | Fetching 15m data for 39 stocks...
2026-08-20 04:50:09 | ERROR   | yfinance | $ZOMATO.NS: No data found, symbol may be delisted
2026-08-20 04:50:09 | ERROR   | yfinance | 
1 Failed download:
2026-08-20 04:50:09 | ERROR   | yfinance | ['ZOMATO.NS']: No data found, symbol may be delisted
2026-08-20 04:50:14 | INFO    | data.fetcher | Fetched 15min data for 38/39 tickers
2026-08-20 04:50:14 | INFO    | __main__ | Received valid intraday data for 38 tickers
2026-08-20 04:50:14 | INFO    | __main__ | VWAP MR Signals Found: 0
2026-08-20 04:50:14 | INFO    | __main__ | Portfolio Summary: Cash=₹500,769 | Open=0 | Total P&L=₹+3,033 | Win Rate=41.7%
2026-08-20 05:03:25 | INFO    | __main__ | ============================================================
2026-08-20 05:03:25 | INFO    | __main__ | Intraday Scan | 2026-08-20 10:33 IST
2026-08-20 05:03:25 | INFO    | __main__ | ============================================================
2026-08-20 05:03:25 | INFO    | __main__ | Fetching 15m data for 39 stocks...
2026-08-20 05:03:30 | ERROR   | yfinance | $ZOMATO.NS: No data found, symbol may be delisted
2026-08-20 05:03:30 | ERROR   | yfinance | 
1 Failed download:
2026-08-20 05:03:30 | ERROR   | yfinance | ['ZOMATO.NS']: No data found, symbol may be delisted
2026-08-20 05:03:36 | INFO    | data.fetcher | Fetched 15min data for 38/39 tickers
2026-08-20 05:03:36 | INFO    | __main__ | Received valid intraday data for 38 tickers
2026-08-20 05:03:36 | INFO    | __main__ | VWAP MR Signals Found: 1
2026-08-20 05:03:36 | INFO    | engine.paper_trader | ENTER SHORT JSWSTEEL.NS @ ₹1304.6 | Qty: 219 | SL: ₹1313.73 | Target: ₹1291.51 | Risk: ₹1999.0
2026-08-20 05:03:36 | INFO    | __main__ | Discord notification sent
2026-08-20 05:03:36 | INFO    | __main__ | Portfolio Summary: Cash=₹214,885 | Open=1 | Total P&L=₹+3,033 | Win Rate=38.5%
2026-08-20 05:16:32 | INFO    | __main__ | ============================================================
2026-08-20 05:16:32 | INFO    | __main__ | Intraday Scan | 2026-08-20 10:46 IST
2026-08-20 05:16:32 | INFO    | __main__ | ============================================================
2026-08-20 05:16:32 | INFO    | __main__ | Fetching 15m data for 39 stocks...
2026-08-20 05:16:37 | ERROR   | yfinance | $ZOMATO.NS: No data found, symbol may be delisted
2026-08-20 05:16:37 | ERROR   | yfinance | 
1 Failed download:
2026-08-20 05:16:37 | ERROR   | yfinance | ['ZOMATO.NS']: No data found, symbol may be delisted
2026-08-20 05:16:43 | INFO    | data.fetcher | Fetched 15min data for 38/39 tickers
2026-08-20 05:16:43 | INFO    | __main__ | Received valid intraday data for 38 tickers
2026-08-20 05:16:43 | INFO    | __main__ | VWAP MR Signals Found: 1
2026-08-20 05:16:43 | INFO    | __main__ | Portfolio Summary: Cash=₹214,885 | Open=1 | Total P&L=₹+3,033 | Win Rate=38.5%
2026-08-20 05:30:54 | INFO    | __main__ | ============================================================
2026-08-20 05:30:54 | INFO    | __main__ | Intraday Scan | 2026-08-20 11:00 IST
2026-08-20 05:30:54 | INFO    | __main__ | ============================================================
2026-08-20 05:30:54 | INFO    | __main__ | Fetching 15m data for 39 stocks...
2026-08-20 05:30:59 | ERROR   | yfinance | $ZOMATO.NS: No data found, symbol may be delisted
2026-08-20 05:30:59 | ERROR   | yfinance | 
1 Failed download:
2026-08-20 05:30:59 | ERROR   | yfinance | ['ZOMATO.NS']: No data found, symbol may be delisted
2026-08-20 05:31:04 | INFO    | data.fetcher | Fetched 15min data for 38/39 tickers
2026-08-20 05:31:04 | INFO    | __main__ | Received valid intraday data for 38 tickers
2026-08-20 05:31:04 | INFO    | __main__ | VWAP MR Signals Found: 0
2026-08-20 05:31:04 | INFO    | __main__ | Portfolio Summary: Cash=₹214,885 | Open=1 | Total P&L=₹+3,033 | Win Rate=38.5%
2026-08-20 05:46:49 | INFO    | __main__ | ============================================================
2026-08-20 05:46:49 | INFO    | __main__ | Intraday Scan | 2026-08-20 11:16 IST
2026-08-20 05:46:49 | INFO    | __main__ | ============================================================
2026-08-20 05:46:49 | INFO    | __main__ | Fetching 15m data for 39 stocks...
2026-08-20 05:46:54 | ERROR   | yfinance | $ZOMATO.NS: No data found, symbol may be delisted
2026-08-20 05:46:54 | ERROR   | yfinance | 
1 Failed download:
2026-08-20 05:46:54 | ERROR   | yfinance | ['ZOMATO.NS']: No data found, symbol may be delisted
2026-08-20 05:46:59 | INFO    | data.fetcher | Fetched 15min data for 38/39 tickers
2026-08-20 05:46:59 | INFO    | __main__ | Received valid intraday data for 38 tickers
2026-08-20 05:47:00 | INFO    | __main__ | VWAP MR Signals Found: 0
2026-08-20 05:47:00 | INFO    | __main__ | Portfolio Summary: Cash=₹214,885 | Open=1 | Total P&L=₹+3,033 | Win Rate=38.5%
2026-08-20 05:54:48 | INFO    | __main__ | ============================================================
2026-08-20 05:54:48 | INFO    | __main__ | Intraday Scan | 2026-08-20 11:24 IST
2026-08-20 05:54:48 | INFO    | __main__ | ============================================================
2026-08-20 05:54:48 | INFO    | __main__ | Fetching 15m data for 39 stocks...
2026-08-20 05:54:53 | ERROR   | yfinance | $ZOMATO.NS: No data found, symbol may be delisted
2026-08-20 05:54:53 | ERROR   | yfinance | 
1 Failed download:
2026-08-20 05:54:53 | ERROR   | yfinance | ['ZOMATO.NS']: No data found, symbol may be delisted
2026-08-20 05:54:58 | INFO    | data.fetcher | Fetched 15min data for 38/39 tickers
2026-08-20 05:54:58 | INFO    | __main__ | Received valid intraday data for 38 tickers
2026-08-20 05:54:58 | INFO    | __main__ | VWAP MR Signals Found: 0
2026-08-20 05:54:58 | INFO    | __main__ | Portfolio Summary: Cash=₹214,885 | Open=1 | Total P&L=₹+3,033 | Win Rate=38.5%
2026-08-20 06:01:46 | INFO    | __main__ | ============================================================
2026-08-20 06:01:46 | INFO    | __main__ | Intraday Scan | 2026-08-20 11:31 IST
2026-08-20 06:01:46 | INFO    | __main__ | ============================================================
2026-08-20 06:01:46 | INFO    | __main__ | Fetching 15m data for 39 stocks...
2026-08-20 06:01:51 | ERROR   | yfinance | $ZOMATO.NS: No data found, symbol may be delisted
2026-08-20 06:01:51 | ERROR   | yfinance | 
1 Failed download:
2026-08-20 06:01:51 | ERROR   | yfinance | ['ZOMATO.NS']: No data found, symbol may be delisted
2026-08-20 06:01:57 | INFO    | data.fetcher | Fetched 15min data for 38/39 tickers
2026-08-20 06:01:57 | INFO    | __main__ | Received valid intraday data for 38 tickers
2026-08-20 06:01:57 | INFO    | __main__ | VWAP MR Signals Found: 0
2026-08-20 06:01:57 | INFO    | __main__ | Portfolio Summary: Cash=₹214,885 | Open=1 | Total P&L=₹+3,033 | Win Rate=38.5%
2026-08-20 06:28:45 | INFO    | __main__ | ============================================================
2026-08-20 06:28:45 | INFO    | __main__ | Intraday Scan | 2026-08-20 11:58 IST
2026-08-20 06:28:45 | INFO    | __main__ | ============================================================
2026-08-20 06:28:45 | INFO    | __main__ | Fetching 15m data for 39 stocks...
2026-08-20 06:28:51 | ERROR   | yfinance | $ZOMATO.NS: No data found, symbol may be delisted
2026-08-20 06:28:51 | ERROR   | yfinance | 
1 Failed download:
2026-08-20 06:28:51 | ERROR   | yfinance | ['ZOMATO.NS']: No data found, symbol may be delisted
2026-08-20 06:28:56 | INFO    | data.fetcher | Fetched 15min data for 38/39 tickers
2026-08-20 06:28:56 | INFO    | __main__ | Received valid intraday data for 38 tickers
2026-08-20 06:28:56 | INFO    | engine.paper_trader | TRAIL JSWSTEEL.NS stop moved to breakeven + buffer: ₹1303.69
2026-08-20 06:28:56 | INFO    | __main__ | VWAP MR Signals Found: 0
2026-08-20 06:28:56 | INFO    | __main__ | Portfolio Summary: Cash=₹214,885 | Open=1 | Total P&L=₹+3,033 | Win Rate=38.5%
2026-08-20 07:02:47 | INFO    | __main__ | ============================================================
2026-08-20 07:02:47 | INFO    | __main__ | Intraday Scan | 2026-08-20 12:32 IST
2026-08-20 07:02:47 | INFO    | __main__ | ============================================================
2026-08-20 07:02:47 | INFO    | __main__ | Fetching 15m data for 39 stocks...
2026-08-20 07:02:52 | ERROR   | yfinance | $ZOMATO.NS: No data found, symbol may be delisted
2026-08-20 07:02:52 | ERROR   | yfinance | 
1 Failed download:
2026-08-20 07:02:52 | ERROR   | yfinance | ['ZOMATO.NS']: No data found, symbol may be delisted
2026-08-20 07:02:56 | INFO    | data.fetcher | Fetched 15min data for 38/39 tickers
2026-08-20 07:02:56 | INFO    | __main__ | Received valid intraday data for 38 tickers
2026-08-20 07:02:56 | INFO    | __main__ | VWAP MR Signals Found: 0
2026-08-20 07:02:56 | INFO    | __main__ | Portfolio Summary: Cash=₹214,885 | Open=1 | Total P&L=₹+3,033 | Win Rate=38.5%
2026-08-20 07:23:11 | INFO    | __main__ | ============================================================
2026-08-20 07:23:11 | INFO    | __main__ | Intraday Scan | 2026-08-20 12:53 IST
2026-08-20 07:23:11 | INFO    | __main__ | ============================================================
2026-08-20 07:23:11 | INFO    | __main__ | Fetching 15m data for 39 stocks...
2026-08-20 07:23:20 | ERROR   | yfinance | $ZOMATO.NS: No data found, symbol may be delisted
2026-08-20 07:23:20 | ERROR   | yfinance | 
1 Failed download:
2026-08-20 07:23:20 | ERROR   | yfinance | ['ZOMATO.NS']: No data found, symbol may be delisted
2026-08-20 07:23:27 | INFO    | data.fetcher | Fetched 15min data for 38/39 tickers
2026-08-20 07:23:27 | INFO    | __main__ | Received valid intraday data for 38 tickers
2026-08-20 07:23:27 | INFO    | __main__ | VWAP MR Signals Found: 1
2026-08-20 07:23:27 | INFO    | engine.paper_trader | ENTER SHORT M&M.NS @ ₹3453.0 | Qty: 62 | SL: ₹3477.17 | Target: ₹3427.88 | Risk: ₹1499.0
2026-08-20 07:23:27 | INFO    | __main__ | Discord notification sent
2026-08-20 07:23:27 | INFO    | __main__ | Portfolio Summary: Cash=₹661 | Open=2 | Total P&L=₹+3,033 | Win Rate=35.7%
2026-08-20 07:26:24 | INFO    | __main__ | ============================================================
2026-08-20 07:26:24 | INFO    | __main__ | Intraday Scan | 2026-08-20 12:56 IST
2026-08-20 07:26:24 | INFO    | __main__ | ============================================================
2026-08-20 07:26:24 | INFO    | __main__ | Fetching 15m data for 39 stocks...
2026-08-20 07:26:32 | ERROR   | yfinance | $ZOMATO.NS: No data found, symbol may be delisted
2026-08-20 07:26:32 | ERROR   | yfinance | 
1 Failed download:
2026-08-20 07:26:32 | ERROR   | yfinance | ['ZOMATO.NS']: No data found, symbol may be delisted
2026-08-20 07:26:40 | INFO    | data.fetcher | Fetched 15min data for 38/39 tickers
2026-08-20 07:26:40 | INFO    | __main__ | Received valid intraday data for 38 tickers
2026-08-20 07:26:40 | INFO    | __main__ | VWAP MR Signals Found: 0
2026-08-20 07:26:40 | INFO    | __main__ | Portfolio Summary: Cash=₹661 | Open=2 | Total P&L=₹+3,033 | Win Rate=35.7%
2026-08-20 07:36:08 | INFO    | __main__ | ============================================================
2026-08-20 07:36:08 | INFO    | __main__ | Intraday Scan | 2026-08-20 13:06 IST
2026-08-20 07:36:08 | INFO    | __main__ | ============================================================
2026-08-20 07:36:08 | INFO    | __main__ | Fetching 15m data for 39 stocks...
2026-08-20 07:36:13 | ERROR   | yfinance | $ZOMATO.NS: No data found, symbol may be delisted
2026-08-20 07:36:13 | ERROR   | yfinance | 
1 Failed download:
2026-08-20 07:36:13 | ERROR   | yfinance | ['ZOMATO.NS']: No data found, symbol may be delisted
2026-08-20 07:36:19 | INFO    | data.fetcher | Fetched 15min data for 38/39 tickers
2026-08-20 07:36:19 | INFO    | __main__ | Received valid intraday data for 38 tickers
2026-08-20 07:36:19 | INFO    | __main__ | VWAP MR Signals Found: 0
2026-08-20 07:36:19 | INFO    | __main__ | Portfolio Summary: Cash=₹661 | Open=2 | Total P&L=₹+3,033 | Win Rate=35.7%
2026-08-20 07:56:14 | INFO    | __main__ | ============================================================
2026-08-20 07:56:14 | INFO    | __main__ | Intraday Scan | 2026-08-20 13:26 IST
2026-08-20 07:56:14 | INFO    | __main__ | ============================================================
2026-08-20 07:56:14 | INFO    | __main__ | Fetching 15m data for 39 stocks...
2026-08-20 07:56:19 | ERROR   | yfinance | $ZOMATO.NS: No data found, symbol may be delisted
2026-08-20 07:56:19 | ERROR   | yfinance | 
1 Failed download:
2026-08-20 07:56:19 | ERROR   | yfinance | ['ZOMATO.NS']: No data found, symbol may be delisted
2026-08-20 07:56:24 | INFO    | data.fetcher | Fetched 15min data for 38/39 tickers
2026-08-20 07:56:24 | INFO    | __main__ | Received valid intraday data for 38 tickers
2026-08-20 07:56:24 | INFO    | __main__ | VWAP MR Signals Found: 0
2026-08-20 07:56:24 | INFO    | __main__ | Portfolio Summary: Cash=₹661 | Open=2 | Total P&L=₹+3,033 | Win Rate=35.7%
2026-08-20 08:04:58 | INFO    | __main__ | ============================================================
2026-08-20 08:04:58 | INFO    | __main__ | Intraday Scan | 2026-08-20 13:34 IST
2026-08-20 08:04:58 | INFO    | __main__ | ============================================================
2026-08-20 08:04:58 | INFO    | __main__ | Fetching 15m data for 39 stocks...
2026-08-20 08:05:03 | ERROR   | yfinance | $ZOMATO.NS: No data found, symbol may be delisted
2026-08-20 08:05:03 | ERROR   | yfinance | 
1 Failed download:
2026-08-20 08:05:03 | ERROR   | yfinance | ['ZOMATO.NS']: No data found, symbol may be delisted
2026-08-20 08:05:07 | INFO    | data.fetcher | Fetched 15min data for 38/39 tickers
2026-08-20 08:05:07 | INFO    | __main__ | Received valid intraday data for 38 tickers
2026-08-20 08:05:07 | INFO    | __main__ | VWAP MR Signals Found: 1
2026-08-20 08:05:07 | INFO    | engine.paper_trader | Daily trade limit (2) reached for 2026-08-20
2026-08-20 08:05:07 | INFO    | __main__ | Portfolio Summary: Cash=₹661 | Open=2 | Total P&L=₹+3,033 | Win Rate=35.7%
2026-08-20 08:18:52 | INFO    | __main__ | ============================================================
2026-08-20 08:18:52 | INFO    | __main__ | Intraday Scan | 2026-08-20 13:48 IST
2026-08-20 08:18:52 | INFO    | __main__ | ============================================================
2026-08-20 08:18:52 | INFO    | __main__ | Fetching 15m data for 39 stocks...
2026-08-20 08:18:59 | ERROR   | yfinance | $ZOMATO.NS: No data found, symbol may be delisted
2026-08-20 08:18:59 | ERROR   | yfinance | 
1 Failed download:
2026-08-20 08:18:59 | ERROR   | yfinance | ['ZOMATO.NS']: No data found, symbol may be delisted
2026-08-20 08:19:07 | INFO    | data.fetcher | Fetched 15min data for 38/39 tickers
2026-08-20 08:19:07 | INFO    | __main__ | Received valid intraday data for 38 tickers
2026-08-20 08:19:07 | INFO    | engine.paper_trader | EXIT JSWSTEEL.NS @ ₹1291.51 | P&L: ₹+2444 (target)
2026-08-20 08:19:07 | INFO    | __main__ | Discord notification sent
2026-08-20 08:19:07 | INFO    | __main__ | VWAP MR Signals Found: 0
2026-08-20 08:19:07 | INFO    | __main__ | Portfolio Summary: Cash=₹283,256 | Open=1 | Total P&L=₹+5,477 | Win Rate=42.9%
2026-08-20 08:43:53 | INFO    | __main__ | ============================================================
2026-08-20 08:43:53 | INFO    | __main__ | Intraday Scan | 2026-08-20 14:13 IST
2026-08-20 08:43:53 | INFO    | __main__ | ============================================================
2026-08-20 08:43:53 | INFO    | __main__ | Fetching 15m data for 39 stocks...
2026-08-20 08:43:58 | ERROR   | yfinance | $ZOMATO.NS: No data found, symbol may be delisted
2026-08-20 08:43:58 | ERROR   | yfinance | 
1 Failed download:
2026-08-20 08:43:58 | ERROR   | yfinance | ['ZOMATO.NS']: No data found, symbol may be delisted
2026-08-20 08:44:02 | INFO    | data.fetcher | Fetched 15min data for 38/39 tickers
2026-08-20 08:44:02 | INFO    | __main__ | Received valid intraday data for 38 tickers
2026-08-20 08:44:02 | INFO    | __main__ | VWAP MR Signals Found: 1
2026-08-20 08:44:02 | INFO    | engine.paper_trader | Daily trade limit (2) reached for 2026-08-20
2026-08-20 08:44:02 | INFO    | __main__ | Portfolio Summary: Cash=₹283,256 | Open=1 | Total P&L=₹+5,477 | Win Rate=42.9%
2026-08-20 08:55:26 | INFO    | __main__ | ============================================================
2026-08-20 08:55:26 | INFO    | __main__ | Intraday Scan | 2026-08-20 14:25 IST
2026-08-20 08:55:26 | INFO    | __main__ | ============================================================
2026-08-20 08:55:26 | INFO    | __main__ | Fetching 15m data for 39 stocks...
2026-08-20 08:55:31 | ERROR   | yfinance | $ZOMATO.NS: No data found, symbol may be delisted
2026-08-20 08:55:31 | ERROR   | yfinance | 
1 Failed download:
2026-08-20 08:55:31 | ERROR   | yfinance | ['ZOMATO.NS']: No data found, symbol may be delisted
2026-08-20 08:55:36 | INFO    | data.fetcher | Fetched 15min data for 38/39 tickers
2026-08-20 08:55:36 | INFO    | __main__ | Received valid intraday data for 38 tickers
2026-08-20 08:55:37 | INFO    | __main__ | VWAP MR Signals Found: 1
2026-08-20 08:55:37 | INFO    | engine.paper_trader | Daily trade limit (2) reached for 2026-08-20
2026-08-20 08:55:37 | INFO    | __main__ | Portfolio Summary: Cash=₹283,256 | Open=1 | Total P&L=₹+5,477 | Win Rate=42.9%
2026-08-20 09:01:57 | INFO    | __main__ | ============================================================
2026-08-20 09:01:57 | INFO    | __main__ | Intraday Scan | 2026-08-20 14:31 IST
2026-08-20 09:01:57 | INFO    | __main__ | ============================================================
2026-08-20 09:01:57 | INFO    | __main__ | Fetching 15m data for 39 stocks...
2026-08-20 09:02:03 | ERROR   | yfinance | $ZOMATO.NS: No data found, symbol may be delisted
2026-08-20 09:02:03 | ERROR   | yfinance | 
1 Failed download:
2026-08-20 09:02:03 | ERROR   | yfinance | ['ZOMATO.NS']: No data found, symbol may be delisted
2026-08-20 09:02:08 | INFO    | data.fetcher | Fetched 15min data for 38/39 tickers
2026-08-20 09:02:08 | INFO    | __main__ | Received valid intraday data for 38 tickers
2026-08-20 09:02:08 | INFO    | __main__ | VWAP MR Signals Found: 0
2026-08-20 09:02:08 | INFO    | __main__ | Portfolio Summary: Cash=₹283,256 | Open=1 | Total P&L=₹+5,477 | Win Rate=42.9%
2026-08-20 09:17:48 | INFO    | __main__ | ============================================================
2026-08-20 09:17:48 | INFO    | __main__ | Intraday Scan | 2026-08-20 14:47 IST
2026-08-20 09:17:48 | INFO    | __main__ | ============================================================
2026-08-20 09:17:48 | INFO    | __main__ | Fetching 15m data for 39 stocks...
2026-08-20 09:17:53 | ERROR   | yfinance | $ZOMATO.NS: No data found, symbol may be delisted
2026-08-20 09:17:53 | ERROR   | yfinance | 
1 Failed download:
2026-08-20 09:17:53 | ERROR   | yfinance | ['ZOMATO.NS']: No data found, symbol may be delisted
2026-08-20 09:17:58 | INFO    | data.fetcher | Fetched 15min data for 38/39 tickers
2026-08-20 09:17:58 | INFO    | __main__ | Received valid intraday data for 38 tickers
2026-08-20 09:17:58 | INFO    | __main__ | VWAP MR Signals Found: 0
2026-08-20 09:17:58 | INFO    | __main__ | Portfolio Summary: Cash=₹283,256 | Open=1 | Total P&L=₹+5,477 | Win Rate=42.9%
2026-08-20 09:38:41 | INFO    | __main__ | ============================================================
2026-08-20 09:38:41 | INFO    | __main__ | Intraday Scan | 2026-08-20 15:08 IST
2026-08-20 09:38:41 | INFO    | __main__ | ============================================================
2026-08-20 09:38:41 | INFO    | __main__ | Fetching 15m data for 39 stocks...
2026-08-20 09:38:50 | ERROR   | yfinance | $ZOMATO.NS: No data found, symbol may be delisted
2026-08-20 09:38:50 | ERROR   | yfinance | 
1 Failed download:
2026-08-20 09:38:50 | ERROR   | yfinance | ['ZOMATO.NS']: No data found, symbol may be delisted
2026-08-20 09:38:58 | INFO    | data.fetcher | Fetched 15min data for 38/39 tickers
2026-08-20 09:38:58 | INFO    | __main__ | Received valid intraday data for 38 tickers
2026-08-20 09:38:58 | INFO    | __main__ | VWAP MR Signals Found: 0
2026-08-20 09:38:58 | INFO    | __main__ | Portfolio Summary: Cash=₹283,256 | Open=1 | Total P&L=₹+5,477 | Win Rate=42.9%
2026-08-20 09:49:44 | INFO    | __main__ | ============================================================
2026-08-20 09:49:44 | INFO    | __main__ | Intraday Scan | 2026-08-20 15:19 IST
2026-08-20 09:49:44 | INFO    | __main__ | ============================================================
2026-08-20 09:49:44 | INFO    | __main__ | Fetching 15m data for 39 stocks...
2026-08-20 09:49:51 | ERROR   | yfinance | $ZOMATO.NS: No data found, symbol may be delisted
2026-08-20 09:49:51 | ERROR   | yfinance | 
1 Failed download:
2026-08-20 09:49:51 | ERROR   | yfinance | ['ZOMATO.NS']: No data found, symbol may be delisted
2026-08-20 09:49:57 | INFO    | data.fetcher | Fetched 15min data for 38/39 tickers
2026-08-20 09:49:57 | INFO    | __main__ | Received valid intraday data for 38 tickers
2026-08-20 09:49:57 | INFO    | engine.paper_trader | EXIT M&M.NS @ ₹3441.0 | P&L: ₹+415 (square_off)
2026-08-20 09:49:58 | INFO    | __main__ | Discord notification sent
2026-08-20 09:49:58 | INFO    | __main__ | Square-off time reached (3:15 PM) - Force closing all open positions
2026-08-20 09:49:58 | INFO    | __main__ | Discord notification sent
2026-08-20 09:49:58 | INFO    | __main__ | EOD Summary: {'date': '2026-08-20', 'today_trades': 2, 'today_pnl': np.float64(2858.92), 'today_winners': 2, 'total_pnl': np.float64(5891.88), 'win_rate_pct': 50.0, 'return_pct': np.float64(1.18)}
2026-08-20 09:59:38 | INFO    | __main__ | ============================================================
2026-08-20 09:59:38 | INFO    | __main__ | Intraday Scan | 2026-08-20 15:29 IST
2026-08-20 09:59:38 | INFO    | __main__ | ============================================================
2026-08-20 09:59:38 | INFO    | __main__ | Fetching 15m data for 39 stocks...
2026-08-20 09:59:44 | ERROR   | yfinance | $ZOMATO.NS: No data found, symbol may be delisted
2026-08-20 09:59:44 | ERROR   | yfinance | 
1 Failed download:
2026-08-20 09:59:44 | ERROR   | yfinance | ['ZOMATO.NS']: No data found, symbol may be delisted
2026-08-20 09:59:49 | INFO    | data.fetcher | Fetched 15min data for 38/39 tickers
2026-08-20 09:59:49 | INFO    | __main__ | Received valid intraday data for 38 tickers
2026-08-20 09:59:49 | INFO    | __main__ | Square-off time reached (3:15 PM) - Force closing all open positions
2026-08-20 09:59:49 | INFO    | __main__ | Discord notification sent
2026-08-20 09:59:49 | INFO    | __main__ | EOD Summary: {'date': '2026-08-20', 'today_trades': 2, 'today_pnl': 2858.92, 'today_winners': 2, 'total_pnl': 5891.88, 'win_rate_pct': 50.0, 'return_pct': 1.18}
2026-08-20 10:12:26 | INFO    | __main__ | ============================================================
2026-08-20 10:12:26 | INFO    | __main__ | Intraday Scan | 2026-08-20 15:42 IST
2026-08-20 10:12:26 | INFO    | __main__ | ============================================================
2026-08-20 10:12:26 | INFO    | __main__ | Outside NSE trading hours
2026-08-21 04:22:44 | INFO    | __main__ | ============================================================
2026-08-21 04:22:44 | INFO    | __main__ | Intraday Scan | 2026-08-21 09:52 IST
2026-08-21 04:22:44 | INFO    | __main__ | ============================================================
2026-08-21 04:22:44 | INFO    | __main__ | Fetching 15m data for 39 stocks...
2026-08-21 04:22:49 | ERROR   | yfinance | $ZOMATO.NS: No data found, symbol may be delisted
2026-08-21 04:22:49 | ERROR   | yfinance | 
1 Failed download:
2026-08-21 04:22:49 | ERROR   | yfinance | ['ZOMATO.NS']: No data found, symbol may be delisted
2026-08-21 04:22:55 | INFO    | data.fetcher | Fetched 15min data for 38/39 tickers
2026-08-21 04:22:55 | INFO    | __main__ | Received valid intraday data for 38 tickers
2026-08-21 04:22:55 | INFO    | __main__ | VWAP MR Signals Found: 0
2026-08-21 04:22:55 | INFO    | __main__ | Portfolio Summary: Cash=₹496,406 | Open=0 | Total P&L=₹+5,892 | Win Rate=50.0%
2026-08-21 04:41:07 | INFO    | __main__ | ============================================================
2026-08-21 04:41:07 | INFO    | __main__ | Intraday Scan | 2026-08-21 10:11 IST
2026-08-21 04:41:07 | INFO    | __main__ | ============================================================
2026-08-21 04:41:07 | INFO    | __main__ | Fetching 15m data for 39 stocks...
2026-08-21 04:41:12 | ERROR   | yfinance | $ZOMATO.NS: No data found, symbol may be delisted
2026-08-21 04:41:12 | ERROR   | yfinance | 
1 Failed download:
2026-08-21 04:41:12 | ERROR   | yfinance | ['ZOMATO.NS']: No data found, symbol may be delisted
2026-08-21 04:41:17 | INFO    | data.fetcher | Fetched 15min data for 38/39 tickers
2026-08-21 04:41:17 | INFO    | __main__ | Received valid intraday data for 38 tickers
2026-08-21 04:41:18 | INFO    | __main__ | VWAP MR Signals Found: 0
2026-08-21 04:41:18 | INFO    | __main__ | Portfolio Summary: Cash=₹496,406 | Open=0 | Total P&L=₹+5,892 | Win Rate=50.0%
2026-08-21 04:50:41 | INFO    | __main__ | ============================================================
2026-08-21 04:50:41 | INFO    | __main__ | Intraday Scan | 2026-08-21 10:20 IST
2026-08-21 04:50:41 | INFO    | __main__ | ============================================================
2026-08-21 04:50:41 | INFO    | __main__ | Fetching 15m data for 39 stocks...
2026-08-21 04:50:49 | ERROR   | yfinance | $ZOMATO.NS: No data found, symbol may be delisted
2026-08-21 04:50:49 | ERROR   | yfinance | 
1 Failed download:
2026-08-21 04:50:49 | ERROR   | yfinance | ['ZOMATO.NS']: No data found, symbol may be delisted
2026-08-21 04:50:57 | INFO    | data.fetcher | Fetched 15min data for 38/39 tickers
2026-08-21 04:50:57 | INFO    | __main__ | Received valid intraday data for 38 tickers
2026-08-21 04:50:57 | INFO    | __main__ | VWAP MR Signals Found: 0
2026-08-21 04:50:57 | INFO    | __main__ | Portfolio Summary: Cash=₹496,406 | Open=0 | Total P&L=₹+5,892 | Win Rate=50.0%
2026-08-21 05:03:50 | INFO    | __main__ | ============================================================
2026-08-21 05:03:50 | INFO    | __main__ | Intraday Scan | 2026-08-21 10:33 IST
2026-08-21 05:03:50 | INFO    | __main__ | ============================================================
2026-08-21 05:03:50 | INFO    | __main__ | Fetching 15m data for 39 stocks...
2026-08-21 05:03:55 | ERROR   | yfinance | $ZOMATO.NS: No data found, symbol may be delisted
2026-08-21 05:03:55 | ERROR   | yfinance | 
1 Failed download:
2026-08-21 05:03:55 | ERROR   | yfinance | ['ZOMATO.NS']: No data found, symbol may be delisted
2026-08-21 05:04:01 | INFO    | data.fetcher | Fetched 15min data for 38/39 tickers
2026-08-21 05:04:01 | INFO    | __main__ | Received valid intraday data for 38 tickers
2026-08-21 05:04:01 | INFO    | __main__ | VWAP MR Signals Found: 1
2026-08-21 05:04:01 | INFO    | engine.paper_trader | ENTER SHORT POWERGRID.NS @ ₹270.0 | Qty: 1058 | SL: ₹271.89 | Target: ₹266.83 | Risk: ₹2000.0
2026-08-21 05:04:01 | INFO    | __main__ | Discord notification sent
2026-08-21 05:04:01 | INFO    | __main__ | Portfolio Summary: Cash=₹210,570 | Open=1 | Total P&L=₹+5,892 | Win Rate=46.7%
2026-08-21 05:17:36 | INFO    | __main__ | ============================================================
2026-08-21 05:17:36 | INFO    | __main__ | Intraday Scan | 2026-08-21 10:47 IST
2026-08-21 05:17:36 | INFO    | __main__ | ============================================================
2026-08-21 05:17:36 | INFO    | __main__ | Fetching 15m data for 39 stocks...
2026-08-21 05:17:45 | ERROR   | yfinance | $ZOMATO.NS: No data found, symbol may be delisted
2026-08-21 05:17:45 | ERROR   | yfinance | 
1 Failed download:
2026-08-21 05:17:45 | ERROR   | yfinance | ['ZOMATO.NS']: No data found, symbol may be delisted
2026-08-21 05:17:53 | INFO    | data.fetcher | Fetched 15min data for 38/39 tickers
2026-08-21 05:17:53 | INFO    | __main__ | Received valid intraday data for 38 tickers
2026-08-21 05:17:53 | INFO    | __main__ | VWAP MR Signals Found: 1
2026-08-21 05:17:53 | INFO    | __main__ | Portfolio Summary: Cash=₹210,570 | Open=1 | Total P&L=₹+5,892 | Win Rate=46.7%
2026-08-21 05:32:17 | INFO    | __main__ | ============================================================
2026-08-21 05:32:17 | INFO    | __main__ | Intraday Scan | 2026-08-21 11:02 IST
2026-08-21 05:32:17 | INFO    | __main__ | ============================================================
2026-08-21 05:32:17 | INFO    | __main__ | Fetching 15m data for 39 stocks...
2026-08-21 05:32:22 | ERROR   | yfinance | $ZOMATO.NS: No data found, symbol may be delisted
2026-08-21 05:32:22 | ERROR   | yfinance | 
1 Failed download:
2026-08-21 05:32:22 | ERROR   | yfinance | ['ZOMATO.NS']: No data found, symbol may be delisted
2026-08-21 05:32:28 | INFO    | data.fetcher | Fetched 15min data for 38/39 tickers
2026-08-21 05:32:28 | INFO    | __main__ | Received valid intraday data for 38 tickers
2026-08-21 05:32:28 | INFO    | engine.paper_trader | EXIT POWERGRID.NS @ ₹271.89 | P&L: ₹-2426 (stop_loss)
2026-08-21 05:32:28 | INFO    | __main__ | Discord notification sent
2026-08-21 05:32:28 | INFO    | __main__ | VWAP MR Signals Found: 1
2026-08-21 05:32:28 | INFO    | engine.paper_trader | ENTER SHORT POWERGRID.NS @ ₹275.3 | Qty: 1036 | SL: ₹277.23 | Target: ₹270.28 | Risk: ₹1999.0
2026-08-21 05:32:28 | INFO    | __main__ | Discord notification sent
2026-08-21 05:32:28 | INFO    | __main__ | Portfolio Summary: Cash=₹212,593 | Open=1 | Total P&L=₹+3,466 | Win Rate=43.8%
2026-08-21 05:48:34 | INFO    | __main__ | ============================================================
2026-08-21 05:48:34 | INFO    | __main__ | Intraday Scan | 2026-08-21 11:18 IST
2026-08-21 05:48:34 | INFO    | __main__ | ============================================================
2026-08-21 05:48:34 | INFO    | __main__ | Fetching 15m data for 39 stocks...
2026-08-21 05:48:39 | ERROR   | yfinance | $ZOMATO.NS: No data found, symbol may be delisted
2026-08-21 05:48:39 | ERROR   | yfinance | 
1 Failed download:
2026-08-21 05:48:39 | ERROR   | yfinance | ['ZOMATO.NS']: No data found, symbol may be delisted
2026-08-21 05:48:45 | INFO    | data.fetcher | Fetched 15min data for 38/39 tickers
2026-08-21 05:48:45 | INFO    | __main__ | Received valid intraday data for 38 tickers
2026-08-21 05:48:45 | INFO    | __main__ | VWAP MR Signals Found: 1
2026-08-21 05:48:45 | INFO    | engine.paper_trader | Daily trade limit (2) reached for 2026-08-21
2026-08-21 05:48:45 | INFO    | __main__ | Portfolio Summary: Cash=₹212,593 | Open=1 | Total P&L=₹+3,466 | Win Rate=43.8%
2026-08-21 05:56:13 | INFO    | __main__ | ============================================================
2026-08-21 05:56:13 | INFO    | __main__ | Intraday Scan | 2026-08-21 11:26 IST
2026-08-21 05:56:13 | INFO    | __main__ | ============================================================
2026-08-21 05:56:13 | INFO    | __main__ | Fetching 15m data for 39 stocks...
2026-08-21 05:56:20 | ERROR   | yfinance | $ZOMATO.NS: No data found, symbol may be delisted
2026-08-21 05:56:20 | ERROR   | yfinance | 
1 Failed download:
2026-08-21 05:56:20 | ERROR   | yfinance | ['ZOMATO.NS']: No data found, symbol may be delisted
2026-08-21 05:56:27 | INFO    | data.fetcher | Fetched 15min data for 38/39 tickers
2026-08-21 05:56:27 | INFO    | __main__ | Received valid intraday data for 38 tickers
2026-08-21 05:56:27 | INFO    | engine.paper_trader | TRAIL POWERGRID.NS stop moved to breakeven + buffer: ₹275.11
2026-08-21 05:56:27 | INFO    | __main__ | VWAP MR Signals Found: 1
2026-08-21 05:56:27 | INFO    | engine.paper_trader | Daily trade limit (2) reached for 2026-08-21
2026-08-21 05:56:27 | INFO    | __main__ | Portfolio Summary: Cash=₹212,593 | Open=1 | Total P&L=₹+3,466 | Win Rate=43.8%
2026-08-21 06:03:02 | INFO    | __main__ | ============================================================
2026-08-21 06:03:02 | INFO    | __main__ | Intraday Scan | 2026-08-21 11:33 IST
2026-08-21 06:03:02 | INFO    | __main__ | ============================================================
2026-08-21 06:03:02 | INFO    | __main__ | Fetching 15m data for 39 stocks...
2026-08-21 06:03:07 | ERROR   | yfinance | $ZOMATO.NS: No data found, symbol may be delisted
2026-08-21 06:03:07 | ERROR   | yfinance | 
1 Failed download:
2026-08-21 06:03:07 | ERROR   | yfinance | ['ZOMATO.NS']: No data found, symbol may be delisted
2026-08-21 06:03:12 | INFO    | data.fetcher | Fetched 15min data for 38/39 tickers
2026-08-21 06:03:12 | INFO    | __main__ | Received valid intraday data for 38 tickers
2026-08-21 06:03:12 | INFO    | __main__ | VWAP MR Signals Found: 1
2026-08-21 06:03:12 | INFO    | engine.paper_trader | Daily trade limit (2) reached for 2026-08-21
2026-08-21 06:03:12 | INFO    | __main__ | Portfolio Summary: Cash=₹212,593 | Open=1 | Total P&L=₹+3,466 | Win Rate=43.8%
2026-08-21 06:29:56 | INFO    | __main__ | ============================================================
2026-08-21 06:29:56 | INFO    | __main__ | Intraday Scan | 2026-08-21 11:59 IST
2026-08-21 06:29:56 | INFO    | __main__ | ============================================================
2026-08-21 06:29:56 | INFO    | __main__ | Fetching 15m data for 39 stocks...
2026-08-21 06:30:01 | ERROR   | yfinance | $ZOMATO.NS: No data found, symbol may be delisted
2026-08-21 06:30:01 | ERROR   | yfinance | 
1 Failed download:
2026-08-21 06:30:01 | ERROR   | yfinance | ['ZOMATO.NS']: No data found, symbol may be delisted
2026-08-21 06:30:07 | INFO    | data.fetcher | Fetched 15min data for 38/39 tickers
2026-08-21 06:30:07 | INFO    | __main__ | Received valid intraday data for 38 tickers
2026-08-21 06:30:07 | INFO    | __main__ | VWAP MR Signals Found: 0
2026-08-21 06:30:07 | INFO    | __main__ | Portfolio Summary: Cash=₹212,593 | Open=1 | Total P&L=₹+3,466 | Win Rate=43.8%
2026-08-21 07:04:25 | INFO    | __main__ | ============================================================
2026-08-21 07:04:25 | INFO    | __main__ | Intraday Scan | 2026-08-21 12:34 IST
2026-08-21 07:04:25 | INFO    | __main__ | ============================================================
2026-08-21 07:04:25 | INFO    | __main__ | Fetching 15m data for 39 stocks...
2026-08-21 07:04:32 | ERROR   | yfinance | $ZOMATO.NS: No data found, symbol may be delisted
2026-08-21 07:04:32 | ERROR   | yfinance | 
1 Failed download:
2026-08-21 07:04:32 | ERROR   | yfinance | ['ZOMATO.NS']: No data found, symbol may be delisted
2026-08-21 07:04:39 | INFO    | data.fetcher | Fetched 15min data for 38/39 tickers
2026-08-21 07:04:39 | INFO    | __main__ | Received valid intraday data for 38 tickers
2026-08-21 07:04:39 | INFO    | __main__ | VWAP MR Signals Found: 1
2026-08-21 07:04:39 | INFO    | engine.paper_trader | Daily trade limit (2) reached for 2026-08-21
2026-08-21 07:04:39 | INFO    | __main__ | Portfolio Summary: Cash=₹212,593 | Open=1 | Total P&L=₹+3,466 | Win Rate=43.8%
2026-08-21 07:23:38 | INFO    | __main__ | ============================================================
2026-08-21 07:23:38 | INFO    | __main__ | Intraday Scan | 2026-08-21 12:53 IST
2026-08-21 07:23:38 | INFO    | __main__ | ============================================================
2026-08-21 07:23:38 | INFO    | __main__ | Fetching 15m data for 39 stocks...
2026-08-21 07:23:43 | ERROR   | yfinance | $ZOMATO.NS: No data found, symbol may be delisted
2026-08-21 07:23:43 | ERROR   | yfinance | 
1 Failed download:
2026-08-21 07:23:43 | ERROR   | yfinance | ['ZOMATO.NS']: No data found, symbol may be delisted
2026-08-21 07:23:48 | INFO    | data.fetcher | Fetched 15min data for 38/39 tickers
2026-08-21 07:23:48 | INFO    | __main__ | Received valid intraday data for 38 tickers
2026-08-21 07:23:48 | INFO    | __main__ | VWAP MR Signals Found: 1
2026-08-21 07:23:48 | INFO    | engine.paper_trader | Daily trade limit (2) reached for 2026-08-21
2026-08-21 07:23:48 | INFO    | __main__ | Portfolio Summary: Cash=₹212,593 | Open=1 | Total P&L=₹+3,466 | Win Rate=43.8%
2026-08-21 07:27:37 | INFO    | __main__ | ============================================================
2026-08-21 07:27:37 | INFO    | __main__ | Intraday Scan | 2026-08-21 12:57 IST
2026-08-21 07:27:37 | INFO    | __main__ | ============================================================
2026-08-21 07:27:37 | INFO    | __main__ | Fetching 15m data for 39 stocks...
2026-08-21 07:27:43 | ERROR   | yfinance | $ZOMATO.NS: No data found, symbol may be delisted
2026-08-21 07:27:43 | ERROR   | yfinance | 
1 Failed download:
2026-08-21 07:27:43 | ERROR   | yfinance | ['ZOMATO.NS']: No data found, symbol may be delisted
2026-08-21 07:27:48 | INFO    | data.fetcher | Fetched 15min data for 38/39 tickers
2026-08-21 07:27:48 | INFO    | __main__ | Received valid intraday data for 38 tickers
2026-08-21 07:27:48 | INFO    | __main__ | VWAP MR Signals Found: 0
2026-08-21 07:27:48 | INFO    | __main__ | Portfolio Summary: Cash=₹212,593 | Open=1 | Total P&L=₹+3,466 | Win Rate=43.8%
2026-08-21 07:37:56 | INFO    | __main__ | ============================================================
2026-08-21 07:37:56 | INFO    | __main__ | Intraday Scan | 2026-08-21 13:07 IST
2026-08-21 07:37:56 | INFO    | __main__ | ============================================================
2026-08-21 07:37:56 | INFO    | __main__ | Fetching 15m data for 39 stocks...
2026-08-21 07:38:01 | ERROR   | yfinance | $ZOMATO.NS: No data found, symbol may be delisted
2026-08-21 07:38:01 | ERROR   | yfinance | 
1 Failed download:
2026-08-21 07:38:01 | ERROR   | yfinance | ['ZOMATO.NS']: No data found, symbol may be delisted
2026-08-21 07:38:07 | INFO    | data.fetcher | Fetched 15min data for 38/39 tickers
2026-08-21 07:38:07 | INFO    | __main__ | Received valid intraday data for 38 tickers
2026-08-21 07:38:07 | INFO    | __main__ | VWAP MR Signals Found: 0
2026-08-21 07:38:07 | INFO    | __main__ | Portfolio Summary: Cash=₹212,593 | Open=1 | Total P&L=₹+3,466 | Win Rate=43.8%
2026-08-21 07:56:15 | INFO    | __main__ | ============================================================
2026-08-21 07:56:15 | INFO    | __main__ | Intraday Scan | 2026-08-21 13:26 IST
2026-08-21 07:56:15 | INFO    | __main__ | ============================================================
2026-08-21 07:56:15 | INFO    | __main__ | Fetching 15m data for 39 stocks...
2026-08-21 07:56:22 | ERROR   | yfinance | $ZOMATO.NS: No data found, symbol may be delisted
2026-08-21 07:56:22 | ERROR   | yfinance | 
1 Failed download:
2026-08-21 07:56:22 | ERROR   | yfinance | ['ZOMATO.NS']: No data found, symbol may be delisted
2026-08-21 07:56:28 | INFO    | data.fetcher | Fetched 15min data for 38/39 tickers
2026-08-21 07:56:28 | INFO    | __main__ | Received valid intraday data for 38 tickers
2026-08-21 07:56:28 | INFO    | __main__ | VWAP MR Signals Found: 0
2026-08-21 07:56:28 | INFO    | __main__ | Portfolio Summary: Cash=₹212,593 | Open=1 | Total P&L=₹+3,466 | Win Rate=43.8%
2026-08-21 08:05:23 | INFO    | __main__ | ============================================================
2026-08-21 08:05:23 | INFO    | __main__ | Intraday Scan | 2026-08-21 13:35 IST
2026-08-21 08:05:23 | INFO    | __main__ | ============================================================
2026-08-21 08:05:23 | INFO    | __main__ | Fetching 15m data for 39 stocks...
2026-08-21 08:05:27 | ERROR   | yfinance | $ZOMATO.NS: No data found, symbol may be delisted
2026-08-21 08:05:27 | ERROR   | yfinance | 
1 Failed download:
2026-08-21 08:05:27 | ERROR   | yfinance | ['ZOMATO.NS']: No data found, symbol may be delisted
2026-08-21 08:05:32 | INFO    | data.fetcher | Fetched 15min data for 38/39 tickers
2026-08-21 08:05:32 | INFO    | __main__ | Received valid intraday data for 38 tickers
2026-08-21 08:05:32 | INFO    | __main__ | VWAP MR Signals Found: 0
2026-08-21 08:05:32 | INFO    | __main__ | Portfolio Summary: Cash=₹212,593 | Open=1 | Total P&L=₹+3,466 | Win Rate=43.8%
2026-08-21 08:20:19 | INFO    | __main__ | ============================================================
2026-08-21 08:20:19 | INFO    | __main__ | Intraday Scan | 2026-08-21 13:50 IST
2026-08-21 08:20:19 | INFO    | __main__ | ============================================================
2026-08-21 08:20:19 | INFO    | __main__ | Fetching 15m data for 39 stocks...
2026-08-21 08:20:24 | ERROR   | yfinance | $ZOMATO.NS: No data found, symbol may be delisted
2026-08-21 08:20:24 | ERROR   | yfinance | 
1 Failed download:
2026-08-21 08:20:24 | ERROR   | yfinance | ['ZOMATO.NS']: No data found, symbol may be delisted
2026-08-21 08:20:30 | INFO    | data.fetcher | Fetched 15min data for 38/39 tickers
2026-08-21 08:20:30 | INFO    | __main__ | Received valid intraday data for 38 tickers
2026-08-21 08:20:30 | INFO    | __main__ | VWAP MR Signals Found: 0
2026-08-21 08:20:30 | INFO    | __main__ | Portfolio Summary: Cash=₹212,593 | Open=1 | Total P&L=₹+3,466 | Win Rate=43.8%
2026-08-21 08:46:05 | INFO    | __main__ | ============================================================
2026-08-21 08:46:05 | INFO    | __main__ | Intraday Scan | 2026-08-21 14:16 IST
2026-08-21 08:46:05 | INFO    | __main__ | ============================================================
2026-08-21 08:46:05 | INFO    | __main__ | Fetching 15m data for 39 stocks...
2026-08-21 08:46:10 | ERROR   | yfinance | $ZOMATO.NS: No data found, symbol may be delisted
2026-08-21 08:46:10 | ERROR   | yfinance | 
1 Failed download:
2026-08-21 08:46:10 | ERROR   | yfinance | ['ZOMATO.NS']: No data found, symbol may be delisted
2026-08-21 08:46:15 | INFO    | data.fetcher | Fetched 15min data for 38/39 tickers
2026-08-21 08:46:15 | INFO    | __main__ | Received valid intraday data for 38 tickers
2026-08-21 08:46:16 | INFO    | __main__ | VWAP MR Signals Found: 0
2026-08-21 08:46:16 | INFO    | __main__ | Portfolio Summary: Cash=₹212,593 | Open=1 | Total P&L=₹+3,466 | Win Rate=43.8%
2026-08-21 08:56:17 | INFO    | __main__ | ============================================================
2026-08-21 08:56:17 | INFO    | __main__ | Intraday Scan | 2026-08-21 14:26 IST
2026-08-21 08:56:17 | INFO    | __main__ | ============================================================
2026-08-21 08:56:17 | INFO    | __main__ | Fetching 15m data for 39 stocks...
2026-08-21 08:56:23 | ERROR   | yfinance | $ZOMATO.NS: No data found, symbol may be delisted
2026-08-21 08:56:23 | ERROR   | yfinance | 
1 Failed download:
2026-08-21 08:56:23 | ERROR   | yfinance | ['ZOMATO.NS']: No data found, symbol may be delisted
2026-08-21 08:56:28 | INFO    | data.fetcher | Fetched 15min data for 38/39 tickers
2026-08-21 08:56:28 | INFO    | __main__ | Received valid intraday data for 38 tickers
2026-08-21 08:56:28 | INFO    | __main__ | VWAP MR Signals Found: 0
2026-08-21 08:56:28 | INFO    | __main__ | Portfolio Summary: Cash=₹212,593 | Open=1 | Total P&L=₹+3,466 | Win Rate=43.8%
2026-08-21 09:04:52 | INFO    | __main__ | ============================================================
2026-08-21 09:04:52 | INFO    | __main__ | Intraday Scan | 2026-08-21 14:34 IST
2026-08-21 09:04:52 | INFO    | __main__ | ============================================================
2026-08-21 09:04:52 | INFO    | __main__ | Fetching 15m data for 39 stocks...
2026-08-21 09:05:00 | ERROR   | yfinance | $ZOMATO.NS: No data found, symbol may be delisted
2026-08-21 09:05:00 | ERROR   | yfinance | 
1 Failed download:
2026-08-21 09:05:00 | ERROR   | yfinance | ['ZOMATO.NS']: No data found, symbol may be delisted
2026-08-21 09:05:06 | INFO    | data.fetcher | Fetched 15min data for 38/39 tickers
2026-08-21 09:05:06 | INFO    | __main__ | Received valid intraday data for 38 tickers
2026-08-21 09:05:06 | INFO    | __main__ | VWAP MR Signals Found: 0
2026-08-21 09:05:06 | INFO    | __main__ | Portfolio Summary: Cash=₹212,593 | Open=1 | Total P&L=₹+3,466 | Win Rate=43.8%
2026-08-21 09:20:09 | INFO    | __main__ | ============================================================
2026-08-21 09:20:09 | INFO    | __main__ | Intraday Scan | 2026-08-21 14:50 IST
2026-08-21 09:20:09 | INFO    | __main__ | ============================================================
2026-08-21 09:20:09 | INFO    | __main__ | Fetching 15m data for 39 stocks...
2026-08-21 09:20:17 | ERROR   | yfinance | $ZOMATO.NS: No data found, symbol may be delisted
2026-08-21 09:20:17 | ERROR   | yfinance | 
1 Failed download:
2026-08-21 09:20:17 | ERROR   | yfinance | ['ZOMATO.NS']: No data found, symbol may be delisted
2026-08-21 09:20:24 | INFO    | data.fetcher | Fetched 15min data for 38/39 tickers
2026-08-21 09:20:24 | INFO    | __main__ | Received valid intraday data for 38 tickers
2026-08-21 09:20:24 | INFO    | __main__ | VWAP MR Signals Found: 0
2026-08-21 09:20:24 | INFO    | __main__ | Portfolio Summary: Cash=₹212,593 | Open=1 | Total P&L=₹+3,466 | Win Rate=43.8%
2026-08-21 09:40:36 | INFO    | __main__ | ============================================================
2026-08-21 09:40:36 | INFO    | __main__ | Intraday Scan | 2026-08-21 15:10 IST
2026-08-21 09:40:36 | INFO    | __main__ | ============================================================
2026-08-21 09:40:36 | INFO    | __main__ | Fetching 15m data for 39 stocks...
2026-08-21 09:40:43 | ERROR   | yfinance | $ZOMATO.NS: No data found, symbol may be delisted
2026-08-21 09:40:43 | ERROR   | yfinance | 
1 Failed download:
2026-08-21 09:40:43 | ERROR   | yfinance | ['ZOMATO.NS']: No data found, symbol may be delisted
2026-08-21 09:40:49 | INFO    | data.fetcher | Fetched 15min data for 38/39 tickers
2026-08-21 09:40:49 | INFO    | __main__ | Received valid intraday data for 38 tickers
2026-08-21 09:40:49 | INFO    | __main__ | VWAP MR Signals Found: 0
2026-08-21 09:40:49 | INFO    | __main__ | Portfolio Summary: Cash=₹212,593 | Open=1 | Total P&L=₹+3,466 | Win Rate=43.8%
2026-08-21 09:51:40 | INFO    | __main__ | ============================================================
2026-08-21 09:51:40 | INFO    | __main__ | Intraday Scan | 2026-08-21 15:21 IST
2026-08-21 09:51:40 | INFO    | __main__ | ============================================================
2026-08-21 09:51:40 | INFO    | __main__ | Fetching 15m data for 39 stocks...
2026-08-21 09:51:45 | ERROR   | yfinance | $ZOMATO.NS: No data found, symbol may be delisted
2026-08-21 09:51:45 | ERROR   | yfinance | 
1 Failed download:
2026-08-21 09:51:45 | ERROR   | yfinance | ['ZOMATO.NS']: No data found, symbol may be delisted
2026-08-21 09:51:50 | INFO    | data.fetcher | Fetched 15min data for 38/39 tickers
2026-08-21 09:51:50 | INFO    | __main__ | Received valid intraday data for 38 tickers
2026-08-21 09:51:50 | INFO    | engine.paper_trader | EXIT POWERGRID.NS @ ₹272.3999938964844 | P&L: ₹+2583 (square_off)
2026-08-21 09:51:50 | INFO    | __main__ | Discord notification sent
2026-08-21 09:51:50 | INFO    | __main__ | Square-off time reached (3:15 PM) - Force closing all open positions
2026-08-21 09:51:51 | INFO    | __main__ | Discord notification sent
2026-08-21 09:51:51 | INFO    | __main__ | EOD Summary: {'date': '2026-08-21', 'today_trades': 2, 'today_pnl': np.float64(157.05), 'today_winners': 1, 'total_pnl': np.float64(6048.94), 'win_rate_pct': 50.0, 'return_pct': np.float64(1.21)}
2026-08-21 10:00:34 | INFO    | __main__ | ============================================================
2026-08-21 10:00:34 | INFO    | __main__ | Intraday Scan | 2026-08-21 15:30 IST
2026-08-21 10:00:34 | INFO    | __main__ | ============================================================
2026-08-21 10:00:34 | INFO    | __main__ | Outside NSE trading hours
2026-08-21 10:13:08 | INFO    | __main__ | ============================================================
2026-08-21 10:13:08 | INFO    | __main__ | Intraday Scan | 2026-08-21 15:43 IST
2026-08-21 10:13:08 | INFO    | __main__ | ============================================================
2026-08-21 10:13:08 | INFO    | __main__ | Outside NSE trading hours
2026-08-24 04:28:18 | INFO    | __main__ | ============================================================
2026-08-24 04:28:18 | INFO    | __main__ | Intraday Scan | 2026-08-24 09:58 IST
2026-08-24 04:28:18 | INFO    | __main__ | ============================================================
2026-08-24 04:28:18 | INFO    | __main__ | Fetching 15m data for 39 stocks...
2026-08-24 04:28:23 | ERROR   | yfinance | $ZOMATO.NS: No data found, symbol may be delisted
2026-08-24 04:28:23 | ERROR   | yfinance | 
1 Failed download:
2026-08-24 04:28:23 | ERROR   | yfinance | ['ZOMATO.NS']: No data found, symbol may be delisted
2026-08-24 04:28:29 | INFO    | data.fetcher | Fetched 15min data for 38/39 tickers
2026-08-24 04:28:29 | INFO    | __main__ | Received valid intraday data for 38 tickers
2026-08-24 04:28:29 | INFO    | __main__ | VWAP MR Signals Found: 0
2026-08-24 04:28:29 | INFO    | __main__ | Portfolio Summary: Cash=₹494,554 | Open=0 | Total P&L=₹+6,049 | Win Rate=50.0%
2026-08-24 04:49:26 | INFO    | __main__ | ============================================================
2026-08-24 04:49:26 | INFO    | __main__ | Intraday Scan | 2026-08-24 10:19 IST
2026-08-24 04:49:26 | INFO    | __main__ | ============================================================
2026-08-24 04:49:26 | INFO    | __main__ | Fetching 15m data for 39 stocks...
2026-08-24 04:49:31 | ERROR   | yfinance | $ZOMATO.NS: No data found, symbol may be delisted
2026-08-24 04:49:31 | ERROR   | yfinance | 
1 Failed download:
2026-08-24 04:49:31 | ERROR   | yfinance | ['ZOMATO.NS']: No data found, symbol may be delisted
2026-08-24 04:49:36 | INFO    | data.fetcher | Fetched 15min data for 38/39 tickers
2026-08-24 04:49:36 | INFO    | __main__ | Received valid intraday data for 38 tickers
2026-08-24 04:49:36 | INFO    | __main__ | VWAP MR Signals Found: 0
2026-08-24 04:49:36 | INFO    | __main__ | Portfolio Summary: Cash=₹494,554 | Open=0 | Total P&L=₹+6,049 | Win Rate=50.0%
2026-08-24 04:58:17 | INFO    | __main__ | ============================================================
2026-08-24 04:58:17 | INFO    | __main__ | Intraday Scan | 2026-08-24 10:28 IST
2026-08-24 04:58:17 | INFO    | __main__ | ============================================================
2026-08-24 04:58:17 | INFO    | __main__ | Fetching 15m data for 39 stocks...
2026-08-24 04:58:22 | ERROR   | yfinance | $ZOMATO.NS: No data found, symbol may be delisted
2026-08-24 04:58:22 | ERROR   | yfinance | 
1 Failed download:
2026-08-24 04:58:22 | ERROR   | yfinance | ['ZOMATO.NS']: No data found, symbol may be delisted
2026-08-24 04:58:27 | INFO    | data.fetcher | Fetched 15min data for 38/39 tickers
2026-08-24 04:58:27 | INFO    | __main__ | Received valid intraday data for 38 tickers
2026-08-24 04:58:28 | INFO    | __main__ | VWAP MR Signals Found: 0
2026-08-24 04:58:28 | INFO    | __main__ | Portfolio Summary: Cash=₹494,554 | Open=0 | Total P&L=₹+6,049 | Win Rate=50.0%
2026-08-24 05:10:50 | INFO    | __main__ | ============================================================
2026-08-24 05:10:50 | INFO    | __main__ | Intraday Scan | 2026-08-24 10:40 IST
2026-08-24 05:10:50 | INFO    | __main__ | ============================================================
2026-08-24 05:10:50 | INFO    | __main__ | Fetching 15m data for 39 stocks...
2026-08-24 05:10:55 | ERROR   | yfinance | $ZOMATO.NS: No data found, symbol may be delisted
2026-08-24 05:10:55 | ERROR   | yfinance | 
1 Failed download:
2026-08-24 05:10:55 | ERROR   | yfinance | ['ZOMATO.NS']: No data found, symbol may be delisted
2026-08-24 05:10:59 | INFO    | data.fetcher | Fetched 15min data for 38/39 tickers
2026-08-24 05:10:59 | INFO    | __main__ | Received valid intraday data for 38 tickers
2026-08-24 05:10:59 | INFO    | __main__ | VWAP MR Signals Found: 1
2026-08-24 05:10:59 | INFO    | engine.paper_trader | ENTER SHORT TATASTEEL.NS @ ₹185.79 | Qty: 1538 | SL: ₹187.09 | Target: ₹184.47 | Risk: ₹1999.0
2026-08-24 05:11:00 | INFO    | __main__ | Discord notification sent
2026-08-24 05:11:00 | INFO    | __main__ | Portfolio Summary: Cash=₹208,632 | Open=1 | Total P&L=₹+6,049 | Win Rate=47.1%
2026-08-24 05:25:22 | INFO    | __main__ | ============================================================
2026-08-24 05:25:22 | INFO    | __main__ | Intraday Scan | 2026-08-24 10:55 IST
2026-08-24 05:25:22 | INFO    | __main__ | ============================================================
2026-08-24 05:25:22 | INFO    | __main__ | Fetching 15m data for 39 stocks...
2026-08-24 05:25:31 | ERROR   | yfinance | $ZOMATO.NS: No data found, symbol may be delisted
2026-08-24 05:25:31 | ERROR   | yfinance | 
1 Failed download:
2026-08-24 05:25:31 | ERROR   | yfinance | ['ZOMATO.NS']: No data found, symbol may be delisted
2026-08-24 05:25:40 | INFO    | data.fetcher | Fetched 15min data for 38/39 tickers
2026-08-24 05:25:40 | INFO    | __main__ | Received valid intraday data for 38 tickers
2026-08-24 05:25:40 | INFO    | __main__ | VWAP MR Signals Found: 1
2026-08-24 05:25:40 | INFO    | engine.paper_trader | ENTER SHORT JSWSTEEL.NS @ ₹1313.7 | Qty: 158 | SL: ₹1322.9 | Target: ₹1305.62 | Risk: ₹1454.0
2026-08-24 05:25:40 | INFO    | __main__ | Discord notification sent
2026-08-24 05:25:40 | INFO    | __main__ | Portfolio Summary: Cash=₹933 | Open=2 | Total P&L=₹+6,049 | Win Rate=44.4%
2026-08-24 05:37:46 | INFO    | __main__ | ============================================================
2026-08-24 05:37:46 | INFO    | __main__ | Intraday Scan | 2026-08-24 11:07 IST
2026-08-24 05:37:46 | INFO    | __main__ | ============================================================
2026-08-24 05:37:46 | INFO    | __main__ | Fetching 15m data for 39 stocks...
2026-08-24 05:37:51 | ERROR   | yfinance | $ZOMATO.NS: No data found, symbol may be delisted
2026-08-24 05:37:51 | ERROR   | yfinance | 
1 Failed download:
2026-08-24 05:37:51 | ERROR   | yfinance | ['ZOMATO.NS']: No data found, symbol may be delisted
2026-08-24 05:37:57 | INFO    | data.fetcher | Fetched 15min data for 38/39 tickers
2026-08-24 05:37:57 | INFO    | __main__ | Received valid intraday data for 38 tickers
2026-08-24 05:37:57 | INFO    | __main__ | VWAP MR Signals Found: 0
2026-08-24 05:37:57 | INFO    | __main__ | Portfolio Summary: Cash=₹933 | Open=2 | Total P&L=₹+6,049 | Win Rate=44.4%
2026-08-24 05:54:09 | INFO    | __main__ | ============================================================
2026-08-24 05:54:09 | INFO    | __main__ | Intraday Scan | 2026-08-24 11:24 IST
2026-08-24 05:54:09 | INFO    | __main__ | ============================================================
2026-08-24 05:54:09 | INFO    | __main__ | Fetching 15m data for 39 stocks...
2026-08-24 05:54:14 | ERROR   | yfinance | $ZOMATO.NS: No data found, symbol may be delisted
2026-08-24 05:54:14 | ERROR   | yfinance | 
1 Failed download:
2026-08-24 05:54:14 | ERROR   | yfinance | ['ZOMATO.NS']: No data found, symbol may be delisted
2026-08-24 05:54:19 | INFO    | data.fetcher | Fetched 15min data for 38/39 tickers
2026-08-24 05:54:19 | INFO    | __main__ | Received valid intraday data for 38 tickers
2026-08-24 05:54:19 | INFO    | __main__ | VWAP MR Signals Found: 0
2026-08-24 05:54:19 | INFO    | __main__ | Portfolio Summary: Cash=₹933 | Open=2 | Total P&L=₹+6,049 | Win Rate=44.4%
2026-08-24 06:01:39 | INFO    | __main__ | ============================================================
2026-08-24 06:01:39 | INFO    | __main__ | Intraday Scan | 2026-08-24 11:31 IST
2026-08-24 06:01:39 | INFO    | __main__ | ============================================================
2026-08-24 06:01:39 | INFO    | __main__ | Fetching 15m data for 39 stocks...
2026-08-24 06:01:45 | ERROR   | yfinance | $ZOMATO.NS: No data found, symbol may be delisted
2026-08-24 06:01:45 | ERROR   | yfinance | 
1 Failed download:
2026-08-24 06:01:45 | ERROR   | yfinance | ['ZOMATO.NS']: No data found, symbol may be delisted
2026-08-24 06:01:50 | INFO    | data.fetcher | Fetched 15min data for 38/39 tickers
2026-08-24 06:01:50 | INFO    | __main__ | Received valid intraday data for 38 tickers
2026-08-24 06:01:50 | INFO    | engine.paper_trader | EXIT JSWSTEEL.NS @ ₹1305.62 | P&L: ₹+956 (target)
2026-08-24 06:01:51 | INFO    | __main__ | Discord notification sent
2026-08-24 06:01:51 | INFO    | __main__ | VWAP MR Signals Found: 1
2026-08-24 06:01:51 | INFO    | engine.paper_trader | Daily trade limit (2) reached for 2026-08-24
2026-08-24 06:01:51 | INFO    | __main__ | Portfolio Summary: Cash=₹207,035 | Open=1 | Total P&L=₹+7,005 | Win Rate=50.0%
2026-08-24 06:23:14 | INFO    | __main__ | ============================================================
2026-08-24 06:23:14 | INFO    | __main__ | Intraday Scan | 2026-08-24 11:53 IST
2026-08-24 06:23:14 | INFO    | __main__ | ============================================================
2026-08-24 06:23:14 | INFO    | __main__ | Fetching 15m data for 39 stocks...
2026-08-24 06:23:20 | ERROR   | yfinance | $ZOMATO.NS: No data found, symbol may be delisted
2026-08-24 06:23:20 | ERROR   | yfinance | 
1 Failed download:
2026-08-24 06:23:20 | ERROR   | yfinance | ['ZOMATO.NS']: No data found, symbol may be delisted
2026-08-24 06:23:25 | INFO    | data.fetcher | Fetched 15min data for 38/39 tickers
2026-08-24 06:23:25 | INFO    | __main__ | Received valid intraday data for 38 tickers
2026-08-24 06:23:25 | INFO    | __main__ | VWAP MR Signals Found: 0
2026-08-24 06:23:25 | INFO    | __main__ | Portfolio Summary: Cash=₹207,035 | Open=1 | Total P&L=₹+7,005 | Win Rate=50.0%
2026-08-24 06:37:51 | INFO    | __main__ | ============================================================
2026-08-24 06:37:51 | INFO    | __main__ | Intraday Scan | 2026-08-24 12:07 IST
2026-08-24 06:37:51 | INFO    | __main__ | ============================================================
2026-08-24 06:37:51 | INFO    | __main__ | Fetching 15m data for 39 stocks...
2026-08-24 06:37:56 | ERROR   | yfinance | $ZOMATO.NS: No data found, symbol may be delisted
2026-08-24 06:37:56 | ERROR   | yfinance | 
1 Failed download:
2026-08-24 06:37:56 | ERROR   | yfinance | ['ZOMATO.NS']: No data found, symbol may be delisted
2026-08-24 06:38:00 | INFO    | data.fetcher | Fetched 15min data for 38/39 tickers
2026-08-24 06:38:00 | INFO    | __main__ | Received valid intraday data for 38 tickers
2026-08-24 06:38:01 | INFO    | __main__ | VWAP MR Signals Found: 0
2026-08-24 06:38:01 | INFO    | __main__ | Portfolio Summary: Cash=₹207,035 | Open=1 | Total P&L=₹+7,005 | Win Rate=50.0%
2026-08-24 07:17:31 | INFO    | __main__ | ============================================================
2026-08-24 07:17:31 | INFO    | __main__ | Intraday Scan | 2026-08-24 12:47 IST
2026-08-24 07:17:31 | INFO    | __main__ | ============================================================
2026-08-24 07:17:31 | INFO    | __main__ | Fetching 15m data for 39 stocks...
2026-08-24 07:17:40 | ERROR   | yfinance | $ZOMATO.NS: No data found, symbol may be delisted
2026-08-24 07:17:40 | ERROR   | yfinance | 
1 Failed download:
2026-08-24 07:17:40 | ERROR   | yfinance | ['ZOMATO.NS']: No data found, symbol may be delisted
2026-08-24 07:17:48 | INFO    | data.fetcher | Fetched 15min data for 38/39 tickers
2026-08-24 07:17:48 | INFO    | __main__ | Received valid intraday data for 38 tickers
2026-08-24 07:17:48 | INFO    | __main__ | VWAP MR Signals Found: 0
2026-08-24 07:17:48 | INFO    | __main__ | Portfolio Summary: Cash=₹207,035 | Open=1 | Total P&L=₹+7,005 | Win Rate=50.0%
2026-08-24 07:36:39 | INFO    | __main__ | ============================================================
2026-08-24 07:36:39 | INFO    | __main__ | Intraday Scan | 2026-08-24 13:06 IST
2026-08-24 07:36:39 | INFO    | __main__ | ============================================================
2026-08-24 07:36:39 | INFO    | __main__ | Fetching 15m data for 39 stocks...
2026-08-24 07:36:45 | ERROR   | yfinance | $ZOMATO.NS: No data found, symbol may be delisted
2026-08-24 07:36:45 | ERROR   | yfinance | 
1 Failed download:
2026-08-24 07:36:45 | ERROR   | yfinance | ['ZOMATO.NS']: No data found, symbol may be delisted
2026-08-24 07:36:50 | INFO    | data.fetcher | Fetched 15min data for 38/39 tickers
2026-08-24 07:36:50 | INFO    | __main__ | Received valid intraday data for 38 tickers
2026-08-24 07:36:50 | INFO    | __main__ | VWAP MR Signals Found: 1
2026-08-24 07:36:50 | INFO    | engine.paper_trader | Daily trade limit (2) reached for 2026-08-24
2026-08-24 07:36:50 | INFO    | __main__ | Portfolio Summary: Cash=₹207,035 | Open=1 | Total P&L=₹+7,005 | Win Rate=50.0%
2026-08-24 07:43:20 | INFO    | __main__ | ============================================================
2026-08-24 07:43:20 | INFO    | __main__ | Intraday Scan | 2026-08-24 13:13 IST
2026-08-24 07:43:20 | INFO    | __main__ | ============================================================
2026-08-24 07:43:20 | INFO    | __main__ | Fetching 15m data for 39 stocks...
2026-08-24 07:43:30 | ERROR   | yfinance | $ZOMATO.NS: No data found, symbol may be delisted
2026-08-24 07:43:30 | ERROR   | yfinance | 
1 Failed download:
2026-08-24 07:43:30 | ERROR   | yfinance | ['ZOMATO.NS']: No data found, symbol may be delisted
2026-08-24 07:43:39 | INFO    | data.fetcher | Fetched 15min data for 38/39 tickers
2026-08-24 07:43:39 | INFO    | __main__ | Received valid intraday data for 38 tickers
2026-08-24 07:43:39 | INFO    | __main__ | VWAP MR Signals Found: 0
2026-08-24 07:43:39 | INFO    | __main__ | Portfolio Summary: Cash=₹207,035 | Open=1 | Total P&L=₹+7,005 | Win Rate=50.0%
2026-08-24 07:57:57 | INFO    | __main__ | ============================================================
2026-08-24 07:57:57 | INFO    | __main__ | Intraday Scan | 2026-08-24 13:27 IST
2026-08-24 07:57:57 | INFO    | __main__ | ============================================================
2026-08-24 07:57:57 | INFO    | __main__ | Fetching 15m data for 39 stocks...
2026-08-24 07:58:02 | ERROR   | yfinance | $ZOMATO.NS: No data found, symbol may be delisted
2026-08-24 07:58:02 | ERROR   | yfinance | 
1 Failed download:
2026-08-24 07:58:02 | ERROR   | yfinance | ['ZOMATO.NS']: No data found, symbol may be delisted
2026-08-24 07:58:08 | INFO    | data.fetcher | Fetched 15min data for 38/39 tickers
2026-08-24 07:58:08 | INFO    | __main__ | Received valid intraday data for 38 tickers
2026-08-24 07:58:08 | INFO    | __main__ | VWAP MR Signals Found: 1
2026-08-24 07:58:08 | INFO    | engine.paper_trader | Daily trade limit (2) reached for 2026-08-24
2026-08-24 07:58:08 | INFO    | __main__ | Portfolio Summary: Cash=₹207,035 | Open=1 | Total P&L=₹+7,005 | Win Rate=50.0%
2026-08-24 08:03:45 | INFO    | __main__ | ============================================================
2026-08-24 08:03:45 | INFO    | __main__ | Intraday Scan | 2026-08-24 13:33 IST
2026-08-24 08:03:45 | INFO    | __main__ | ============================================================
2026-08-24 08:03:45 | INFO    | __main__ | Fetching 15m data for 39 stocks...
2026-08-24 08:03:55 | ERROR   | yfinance | $ZOMATO.NS: No data found, symbol may be delisted
2026-08-24 08:03:55 | ERROR   | yfinance | 
1 Failed download:
2026-08-24 08:03:55 | ERROR   | yfinance | ['ZOMATO.NS']: No data found, symbol may be delisted
2026-08-24 08:04:03 | INFO    | data.fetcher | Fetched 15min data for 38/39 tickers
2026-08-24 08:04:03 | INFO    | __main__ | Received valid intraday data for 38 tickers
2026-08-24 08:04:03 | INFO    | __main__ | VWAP MR Signals Found: 1
2026-08-24 08:04:03 | INFO    | engine.paper_trader | Daily trade limit (2) reached for 2026-08-24
2026-08-24 08:04:03 | INFO    | __main__ | Portfolio Summary: Cash=₹207,035 | Open=1 | Total P&L=₹+7,005 | Win Rate=50.0%
2026-08-24 08:10:59 | INFO    | __main__ | ============================================================
2026-08-24 08:10:59 | INFO    | __main__ | Intraday Scan | 2026-08-24 13:40 IST
2026-08-24 08:10:59 | INFO    | __main__ | ============================================================
2026-08-24 08:10:59 | INFO    | __main__ | Fetching 15m data for 39 stocks...
2026-08-24 08:11:04 | ERROR   | yfinance | $ZOMATO.NS: No data found, symbol may be delisted
2026-08-24 08:11:04 | ERROR   | yfinance | 
1 Failed download:
2026-08-24 08:11:04 | ERROR   | yfinance | ['ZOMATO.NS']: No data found, symbol may be delisted
2026-08-24 08:11:10 | INFO    | data.fetcher | Fetched 15min data for 38/39 tickers
2026-08-24 08:11:10 | INFO    | __main__ | Received valid intraday data for 38 tickers
2026-08-24 08:11:10 | INFO    | __main__ | VWAP MR Signals Found: 1
2026-08-24 08:11:10 | INFO    | engine.paper_trader | Daily trade limit (2) reached for 2026-08-24
2026-08-24 08:11:10 | INFO    | __main__ | Portfolio Summary: Cash=₹207,035 | Open=1 | Total P&L=₹+7,005 | Win Rate=50.0%
2026-08-24 08:28:25 | INFO    | __main__ | ============================================================
2026-08-24 08:28:25 | INFO    | __main__ | Intraday Scan | 2026-08-24 13:58 IST
2026-08-24 08:28:25 | INFO    | __main__ | ============================================================
2026-08-24 08:28:25 | INFO    | __main__ | Fetching 15m data for 39 stocks...
2026-08-24 08:28:32 | ERROR   | yfinance | $ZOMATO.NS: No data found, symbol may be delisted
2026-08-24 08:28:32 | ERROR   | yfinance | 
1 Failed download:
2026-08-24 08:28:32 | ERROR   | yfinance | ['ZOMATO.NS']: No data found, symbol may be delisted
2026-08-24 08:28:39 | INFO    | data.fetcher | Fetched 15min data for 38/39 tickers
2026-08-24 08:28:39 | INFO    | __main__ | Received valid intraday data for 38 tickers
2026-08-24 08:28:39 | INFO    | __main__ | VWAP MR Signals Found: 1
2026-08-24 08:28:39 | INFO    | engine.paper_trader | Daily trade limit (2) reached for 2026-08-24
2026-08-24 08:28:39 | INFO    | __main__ | Portfolio Summary: Cash=₹207,035 | Open=1 | Total P&L=₹+7,005 | Win Rate=50.0%
2026-08-24 08:53:15 | INFO    | __main__ | ============================================================
2026-08-24 08:53:15 | INFO    | __main__ | Intraday Scan | 2026-08-24 14:23 IST
2026-08-24 08:53:15 | INFO    | __main__ | ============================================================
2026-08-24 08:53:15 | INFO    | __main__ | Fetching 15m data for 39 stocks...
2026-08-24 08:53:24 | ERROR   | yfinance | $ZOMATO.NS: No data found, symbol may be delisted
2026-08-24 08:53:24 | ERROR   | yfinance | 
1 Failed download:
2026-08-24 08:53:24 | ERROR   | yfinance | ['ZOMATO.NS']: No data found, symbol may be delisted
2026-08-24 08:53:33 | INFO    | data.fetcher | Fetched 15min data for 38/39 tickers
2026-08-24 08:53:33 | INFO    | __main__ | Received valid intraday data for 38 tickers
2026-08-24 08:53:33 | INFO    | __main__ | VWAP MR Signals Found: 2
2026-08-24 08:53:33 | INFO    | engine.paper_trader | Daily trade limit (2) reached for 2026-08-24
2026-08-24 08:53:33 | INFO    | engine.paper_trader | Daily trade limit (2) reached for 2026-08-24
2026-08-24 08:53:33 | INFO    | __main__ | Portfolio Summary: Cash=₹207,035 | Open=1 | Total P&L=₹+7,005 | Win Rate=50.0%
2026-08-24 09:02:59 | INFO    | __main__ | ============================================================
2026-08-24 09:02:59 | INFO    | __main__ | Intraday Scan | 2026-08-24 14:32 IST
2026-08-24 09:02:59 | INFO    | __main__ | ============================================================
2026-08-24 09:02:59 | INFO    | __main__ | Fetching 15m data for 39 stocks...
2026-08-24 09:03:03 | ERROR   | yfinance | $ZOMATO.NS: No data found, symbol may be delisted
2026-08-24 09:03:04 | ERROR   | yfinance | 
1 Failed download:
2026-08-24 09:03:04 | ERROR   | yfinance | ['ZOMATO.NS']: No data found, symbol may be delisted
2026-08-24 09:03:08 | INFO    | data.fetcher | Fetched 15min data for 38/39 tickers
2026-08-24 09:03:08 | INFO    | __main__ | Received valid intraday data for 38 tickers
2026-08-24 09:03:08 | INFO    | __main__ | VWAP MR Signals Found: 0
2026-08-24 09:03:08 | INFO    | __main__ | Portfolio Summary: Cash=₹207,035 | Open=1 | Total P&L=₹+7,005 | Win Rate=50.0%
2026-08-24 09:10:00 | INFO    | __main__ | ============================================================
2026-08-24 09:10:00 | INFO    | __main__ | Intraday Scan | 2026-08-24 14:40 IST
2026-08-24 09:10:00 | INFO    | __main__ | ============================================================
2026-08-24 09:10:00 | INFO    | __main__ | Fetching 15m data for 39 stocks...
2026-08-24 09:10:05 | ERROR   | yfinance | $ZOMATO.NS: No data found, symbol may be delisted
2026-08-24 09:10:05 | ERROR   | yfinance | 
1 Failed download:
2026-08-24 09:10:05 | ERROR   | yfinance | ['ZOMATO.NS']: No data found, symbol may be delisted
2026-08-24 09:10:10 | INFO    | data.fetcher | Fetched 15min data for 38/39 tickers
2026-08-24 09:10:10 | INFO    | __main__ | Received valid intraday data for 38 tickers
2026-08-24 09:10:10 | INFO    | __main__ | VWAP MR Signals Found: 0
2026-08-24 09:10:10 | INFO    | __main__ | Portfolio Summary: Cash=₹207,035 | Open=1 | Total P&L=₹+7,005 | Win Rate=50.0%
2026-08-24 09:30:25 | INFO    | __main__ | ============================================================
2026-08-24 09:30:25 | INFO    | __main__ | Intraday Scan | 2026-08-24 15:00 IST
2026-08-24 09:30:25 | INFO    | __main__ | ============================================================
2026-08-24 09:30:25 | INFO    | __main__ | Fetching 15m data for 39 stocks...
2026-08-24 09:30:30 | ERROR   | yfinance | $ZOMATO.NS: No data found, symbol may be delisted
2026-08-24 09:30:30 | ERROR   | yfinance | 
1 Failed download:
2026-08-24 09:30:30 | ERROR   | yfinance | ['ZOMATO.NS']: No data found, symbol may be delisted
2026-08-24 09:30:36 | INFO    | data.fetcher | Fetched 15min data for 38/39 tickers
2026-08-24 09:30:36 | INFO    | __main__ | Received valid intraday data for 38 tickers
2026-08-24 09:30:36 | INFO    | __main__ | VWAP MR Signals Found: 0
2026-08-24 09:30:36 | INFO    | __main__ | Portfolio Summary: Cash=₹207,035 | Open=1 | Total P&L=₹+7,005 | Win Rate=50.0%
2026-08-24 09:52:15 | INFO    | __main__ | ============================================================
2026-08-24 09:52:15 | INFO    | __main__ | Intraday Scan | 2026-08-24 15:22 IST
2026-08-24 09:52:15 | INFO    | __main__ | ============================================================
2026-08-24 09:52:15 | INFO    | __main__ | Fetching 15m data for 39 stocks...
2026-08-24 09:52:21 | ERROR   | yfinance | $ZOMATO.NS: No data found, symbol may be delisted
2026-08-24 09:52:21 | ERROR   | yfinance | 
1 Failed download:
2026-08-24 09:52:21 | ERROR   | yfinance | ['ZOMATO.NS']: No data found, symbol may be delisted
2026-08-24 09:52:26 | INFO    | data.fetcher | Fetched 15min data for 38/39 tickers
2026-08-24 09:52:26 | INFO    | __main__ | Received valid intraday data for 38 tickers
2026-08-24 09:52:26 | INFO    | engine.paper_trader | EXIT TATASTEEL.NS @ ₹185.30999755859375 | P&L: ₹+314 (square_off)
2026-08-24 09:52:26 | INFO    | __main__ | Discord notification sent
2026-08-24 09:52:26 | INFO    | __main__ | Square-off time reached (3:15 PM) - Force closing all open positions
2026-08-24 09:52:26 | INFO    | __main__ | Discord notification sent
2026-08-24 09:52:26 | INFO    | __main__ | EOD Summary: {'date': '2026-08-24', 'today_trades': 2, 'today_pnl': np.float64(1270.4), 'today_winners': 2, 'total_pnl': np.float64(7319.34), 'win_rate_pct': 55.6, 'return_pct': np.float64(1.46)}
2026-08-24 10:02:57 | INFO    | __main__ | ============================================================
2026-08-24 10:02:57 | INFO    | __main__ | Intraday Scan | 2026-08-24 15:32 IST
2026-08-24 10:02:57 | INFO    | __main__ | ============================================================
2026-08-24 10:02:57 | INFO    | __main__ | Outside NSE trading hours
2026-08-24 10:10:24 | INFO    | __main__ | ============================================================
2026-08-24 10:10:24 | INFO    | __main__ | Intraday Scan | 2026-08-24 15:40 IST
2026-08-24 10:10:24 | INFO    | __main__ | ============================================================
2026-08-24 10:10:24 | INFO    | __main__ | Outside NSE trading hours
2026-08-24 10:22:33 | INFO    | __main__ | ============================================================
2026-08-24 10:22:33 | INFO    | __main__ | Intraday Scan | 2026-08-24 15:52 IST
2026-08-24 10:22:33 | INFO    | __main__ | ============================================================
2026-08-24 10:22:33 | INFO    | __main__ | Outside NSE trading hours
2026-08-25 04:22:59 | INFO    | __main__ | ============================================================
2026-08-25 04:22:59 | INFO    | __main__ | Intraday Scan | 2026-08-25 09:52 IST
2026-08-25 04:22:59 | INFO    | __main__ | ============================================================
2026-08-25 04:22:59 | INFO    | __main__ | Fetching 15m data for 39 stocks...
2026-08-25 04:23:05 | ERROR   | yfinance | $ZOMATO.NS: No data found, symbol may be delisted
2026-08-25 04:23:05 | ERROR   | yfinance | 
1 Failed download:
2026-08-25 04:23:05 | ERROR   | yfinance | ['ZOMATO.NS']: No data found, symbol may be delisted
2026-08-25 04:23:10 | INFO    | data.fetcher | Fetched 15min data for 38/39 tickers
2026-08-25 04:23:10 | INFO    | __main__ | Received valid intraday data for 38 tickers
2026-08-25 04:23:10 | INFO    | __main__ | VWAP MR Signals Found: 0
2026-08-25 04:23:10 | INFO    | __main__ | Portfolio Summary: Cash=₹491,794 | Open=0 | Total P&L=₹+7,319 | Win Rate=55.6%
2026-08-25 04:42:04 | INFO    | __main__ | ============================================================
2026-08-25 04:42:04 | INFO    | __main__ | Intraday Scan | 2026-08-25 10:12 IST
2026-08-25 04:42:04 | INFO    | __main__ | ============================================================
2026-08-25 04:42:04 | INFO    | __main__ | Fetching 15m data for 39 stocks...
2026-08-25 04:42:12 | ERROR   | yfinance | $ZOMATO.NS: No data found, symbol may be delisted
2026-08-25 04:42:12 | ERROR   | yfinance | 
1 Failed download:
2026-08-25 04:42:12 | ERROR   | yfinance | ['ZOMATO.NS']: No data found, symbol may be delisted
2026-08-25 04:42:20 | INFO    | data.fetcher | Fetched 15min data for 38/39 tickers
2026-08-25 04:42:20 | INFO    | __main__ | Received valid intraday data for 38 tickers
2026-08-25 04:42:20 | INFO    | __main__ | VWAP MR Signals Found: 0
2026-08-25 04:42:20 | INFO    | __main__ | Portfolio Summary: Cash=₹491,794 | Open=0 | Total P&L=₹+7,319 | Win Rate=55.6%
2026-08-25 04:50:54 | INFO    | __main__ | ============================================================
2026-08-25 04:50:54 | INFO    | __main__ | Intraday Scan | 2026-08-25 10:20 IST
2026-08-25 04:50:54 | INFO    | __main__ | ============================================================
2026-08-25 04:50:54 | INFO    | __main__ | Fetching 15m data for 39 stocks...
2026-08-25 04:51:00 | ERROR   | yfinance | $ZOMATO.NS: No data found, symbol may be delisted
2026-08-25 04:51:00 | ERROR   | yfinance | 
1 Failed download:
2026-08-25 04:51:00 | ERROR   | yfinance | ['ZOMATO.NS']: No data found, symbol may be delisted
2026-08-25 04:51:05 | INFO    | data.fetcher | Fetched 15min data for 38/39 tickers
2026-08-25 04:51:05 | INFO    | __main__ | Received valid intraday data for 38 tickers
2026-08-25 04:51:05 | INFO    | __main__ | VWAP MR Signals Found: 0
2026-08-25 04:51:05 | INFO    | __main__ | Portfolio Summary: Cash=₹491,794 | Open=0 | Total P&L=₹+7,319 | Win Rate=55.6%
2026-08-25 05:04:19 | INFO    | __main__ | ============================================================
2026-08-25 05:04:19 | INFO    | __main__ | Intraday Scan | 2026-08-25 10:34 IST
2026-08-25 05:04:19 | INFO    | __main__ | ============================================================
2026-08-25 05:04:19 | INFO    | __main__ | Fetching 15m data for 39 stocks...
2026-08-25 05:04:25 | ERROR   | yfinance | $ZOMATO.NS: No data found, symbol may be delisted
2026-08-25 05:04:25 | ERROR   | yfinance | 
1 Failed download:
2026-08-25 05:04:25 | ERROR   | yfinance | ['ZOMATO.NS']: No data found, symbol may be delisted
2026-08-25 05:04:30 | INFO    | data.fetcher | Fetched 15min data for 38/39 tickers
2026-08-25 05:04:30 | INFO    | __main__ | Received valid intraday data for 38 tickers
2026-08-25 05:04:30 | INFO    | __main__ | VWAP MR Signals Found: 0
2026-08-25 05:04:30 | INFO    | __main__ | Portfolio Summary: Cash=₹491,794 | Open=0 | Total P&L=₹+7,319 | Win Rate=55.6%
2026-08-25 05:18:25 | INFO    | __main__ | ============================================================
2026-08-25 05:18:25 | INFO    | __main__ | Intraday Scan | 2026-08-25 10:48 IST
2026-08-25 05:18:25 | INFO    | __main__ | ============================================================
2026-08-25 05:18:25 | INFO    | __main__ | Fetching 15m data for 39 stocks...
2026-08-25 05:18:31 | ERROR   | yfinance | $ZOMATO.NS: No data found, symbol may be delisted
2026-08-25 05:18:31 | ERROR   | yfinance | 
1 Failed download:
2026-08-25 05:18:31 | ERROR   | yfinance | ['ZOMATO.NS']: No data found, symbol may be delisted
2026-08-25 05:18:36 | INFO    | data.fetcher | Fetched 15min data for 38/39 tickers
2026-08-25 05:18:36 | INFO    | __main__ | Received valid intraday data for 38 tickers
2026-08-25 05:18:36 | INFO    | __main__ | VWAP MR Signals Found: 0
2026-08-25 05:18:36 | INFO    | __main__ | Portfolio Summary: Cash=₹491,794 | Open=0 | Total P&L=₹+7,319 | Win Rate=55.6%
2026-08-25 05:31:21 | INFO    | __main__ | ============================================================
2026-08-25 05:31:21 | INFO    | __main__ | Intraday Scan | 2026-08-25 11:01 IST
2026-08-25 05:31:21 | INFO    | __main__ | ============================================================
2026-08-25 05:31:21 | INFO    | __main__ | Fetching 15m data for 39 stocks...
2026-08-25 05:31:31 | ERROR   | yfinance | $ZOMATO.NS: No data found, symbol may be delisted
2026-08-25 05:31:31 | ERROR   | yfinance | 
1 Failed download:
2026-08-25 05:31:31 | ERROR   | yfinance | ['ZOMATO.NS']: No data found, symbol may be delisted
2026-08-25 05:31:40 | INFO    | data.fetcher | Fetched 15min data for 38/39 tickers
2026-08-25 05:31:40 | INFO    | __main__ | Received valid intraday data for 38 tickers
2026-08-25 05:31:40 | INFO    | __main__ | VWAP MR Signals Found: 0
2026-08-25 05:31:40 | INFO    | __main__ | Portfolio Summary: Cash=₹491,794 | Open=0 | Total P&L=₹+7,319 | Win Rate=55.6%
2026-08-25 05:48:10 | INFO    | __main__ | ============================================================
2026-08-25 05:48:10 | INFO    | __main__ | Intraday Scan | 2026-08-25 11:18 IST
2026-08-25 05:48:10 | INFO    | __main__ | ============================================================
2026-08-25 05:48:10 | INFO    | __main__ | Fetching 15m data for 39 stocks...
2026-08-25 05:48:16 | ERROR   | yfinance | $ZOMATO.NS: No data found, symbol may be delisted
2026-08-25 05:48:16 | ERROR   | yfinance | 
1 Failed download:
2026-08-25 05:48:16 | ERROR   | yfinance | ['ZOMATO.NS']: No data found, symbol may be delisted
2026-08-25 05:48:22 | INFO    | data.fetcher | Fetched 15min data for 38/39 tickers
2026-08-25 05:48:22 | INFO    | __main__ | Received valid intraday data for 38 tickers
2026-08-25 05:48:22 | INFO    | __main__ | VWAP MR Signals Found: 0
2026-08-25 05:48:22 | INFO    | __main__ | Portfolio Summary: Cash=₹491,794 | Open=0 | Total P&L=₹+7,319 | Win Rate=55.6%
2026-08-25 05:56:11 | INFO    | __main__ | ============================================================
2026-08-25 05:56:11 | INFO    | __main__ | Intraday Scan | 2026-08-25 11:26 IST
2026-08-25 05:56:11 | INFO    | __main__ | ============================================================
2026-08-25 05:56:11 | INFO    | __main__ | Fetching 15m data for 39 stocks...
2026-08-25 05:56:23 | ERROR   | yfinance | $ZOMATO.NS: No data found, symbol may be delisted
2026-08-25 05:56:23 | ERROR   | yfinance | 
1 Failed download:
2026-08-25 05:56:23 | ERROR   | yfinance | ['ZOMATO.NS']: No data found, symbol may be delisted
2026-08-25 05:56:33 | INFO    | data.fetcher | Fetched 15min data for 38/39 tickers
2026-08-25 05:56:33 | INFO    | __main__ | Received valid intraday data for 38 tickers
2026-08-25 05:56:33 | INFO    | __main__ | VWAP MR Signals Found: 0
2026-08-25 05:56:33 | INFO    | __main__ | Portfolio Summary: Cash=₹491,794 | Open=0 | Total P&L=₹+7,319 | Win Rate=55.6%
2026-08-25 06:03:08 | INFO    | __main__ | ============================================================
2026-08-25 06:03:08 | INFO    | __main__ | Intraday Scan | 2026-08-25 11:33 IST
2026-08-25 06:03:08 | INFO    | __main__ | ============================================================
2026-08-25 06:03:08 | INFO    | __main__ | Fetching 15m data for 39 stocks...
2026-08-25 06:03:16 | ERROR   | yfinance | $ZOMATO.NS: No data found, symbol may be delisted
2026-08-25 06:03:16 | ERROR   | yfinance | 
1 Failed download:
2026-08-25 06:03:16 | ERROR   | yfinance | ['ZOMATO.NS']: No data found, symbol may be delisted
2026-08-25 06:03:24 | INFO    | data.fetcher | Fetched 15min data for 38/39 tickers
2026-08-25 06:03:24 | INFO    | __main__ | Received valid intraday data for 38 tickers
2026-08-25 06:03:24 | INFO    | __main__ | VWAP MR Signals Found: 0
2026-08-25 06:03:24 | INFO    | __main__ | Portfolio Summary: Cash=₹491,794 | Open=0 | Total P&L=₹+7,319 | Win Rate=55.6%
2026-08-25 06:29:45 | INFO    | __main__ | ============================================================
2026-08-25 06:29:45 | INFO    | __main__ | Intraday Scan | 2026-08-25 11:59 IST
2026-08-25 06:29:45 | INFO    | __main__ | ============================================================
2026-08-25 06:29:45 | INFO    | __main__ | Fetching 15m data for 39 stocks...
2026-08-25 06:29:51 | ERROR   | yfinance | $ZOMATO.NS: No data found, symbol may be delisted
2026-08-25 06:29:51 | ERROR   | yfinance | 
1 Failed download:
2026-08-25 06:29:51 | ERROR   | yfinance | ['ZOMATO.NS']: No data found, symbol may be delisted
2026-08-25 06:29:56 | INFO    | data.fetcher | Fetched 15min data for 38/39 tickers
2026-08-25 06:29:56 | INFO    | __main__ | Received valid intraday data for 38 tickers
2026-08-25 06:29:56 | INFO    | __main__ | VWAP MR Signals Found: 0
2026-08-25 06:29:56 | INFO    | __main__ | Portfolio Summary: Cash=₹491,794 | Open=0 | Total P&L=₹+7,319 | Win Rate=55.6%
2026-08-25 07:05:57 | INFO    | __main__ | ============================================================
2026-08-25 07:05:57 | INFO    | __main__ | Intraday Scan | 2026-08-25 12:35 IST
2026-08-25 07:05:57 | INFO    | __main__ | ============================================================
2026-08-25 07:05:57 | INFO    | __main__ | Fetching 15m data for 39 stocks...
2026-08-25 07:06:02 | ERROR   | yfinance | $ZOMATO.NS: No data found, symbol may be delisted
2026-08-25 07:06:02 | ERROR   | yfinance | 
1 Failed download:
2026-08-25 07:06:02 | ERROR   | yfinance | ['ZOMATO.NS']: No data found, symbol may be delisted
2026-08-25 07:06:07 | INFO    | data.fetcher | Fetched 15min data for 38/39 tickers
2026-08-25 07:06:07 | INFO    | __main__ | Received valid intraday data for 38 tickers
2026-08-25 07:06:07 | INFO    | __main__ | VWAP MR Signals Found: 0
2026-08-25 07:06:07 | INFO    | __main__ | Portfolio Summary: Cash=₹491,794 | Open=0 | Total P&L=₹+7,319 | Win Rate=55.6%
2026-08-25 07:24:55 | INFO    | __main__ | ============================================================
2026-08-25 07:24:55 | INFO    | __main__ | Intraday Scan | 2026-08-25 12:54 IST
2026-08-25 07:24:55 | INFO    | __main__ | ============================================================
2026-08-25 07:24:55 | INFO    | __main__ | Fetching 15m data for 39 stocks...
2026-08-25 07:25:03 | ERROR   | yfinance | $ZOMATO.NS: No data found, symbol may be delisted
2026-08-25 07:25:03 | ERROR   | yfinance | 
1 Failed download:
2026-08-25 07:25:03 | ERROR   | yfinance | ['ZOMATO.NS']: No data found, symbol may be delisted
2026-08-25 07:25:10 | INFO    | data.fetcher | Fetched 15min data for 38/39 tickers
2026-08-25 07:25:10 | INFO    | __main__ | Received valid intraday data for 38 tickers
2026-08-25 07:25:10 | INFO    | __main__ | VWAP MR Signals Found: 0
2026-08-25 07:25:10 | INFO    | __main__ | Portfolio Summary: Cash=₹491,794 | Open=0 | Total P&L=₹+7,319 | Win Rate=55.6%
2026-08-25 07:28:53 | INFO    | __main__ | ============================================================
2026-08-25 07:28:53 | INFO    | __main__ | Intraday Scan | 2026-08-25 12:58 IST
2026-08-25 07:28:53 | INFO    | __main__ | ============================================================
2026-08-25 07:28:53 | INFO    | __main__ | Fetching 15m data for 39 stocks...
2026-08-25 07:29:01 | ERROR   | yfinance | $ZOMATO.NS: No data found, symbol may be delisted
2026-08-25 07:29:01 | ERROR   | yfinance | 
1 Failed download:
2026-08-25 07:29:01 | ERROR   | yfinance | ['ZOMATO.NS']: No data found, symbol may be delisted
2026-08-25 07:29:08 | INFO    | data.fetcher | Fetched 15min data for 38/39 tickers
2026-08-25 07:29:08 | INFO    | __main__ | Received valid intraday data for 38 tickers
2026-08-25 07:29:08 | INFO    | __main__ | VWAP MR Signals Found: 0
2026-08-25 07:29:08 | INFO    | __main__ | Portfolio Summary: Cash=₹491,794 | Open=0 | Total P&L=₹+7,319 | Win Rate=55.6%
2026-08-25 07:39:10 | INFO    | __main__ | ============================================================
2026-08-25 07:39:10 | INFO    | __main__ | Intraday Scan | 2026-08-25 13:09 IST
2026-08-25 07:39:10 | INFO    | __main__ | ============================================================
2026-08-25 07:39:10 | INFO    | __main__ | Fetching 15m data for 39 stocks...
2026-08-25 07:39:19 | ERROR   | yfinance | $ZOMATO.NS: No data found, symbol may be delisted
2026-08-25 07:39:19 | ERROR   | yfinance | 
1 Failed download:
2026-08-25 07:39:19 | ERROR   | yfinance | ['ZOMATO.NS']: No data found, symbol may be delisted
2026-08-25 07:39:27 | INFO    | data.fetcher | Fetched 15min data for 38/39 tickers
2026-08-25 07:39:27 | INFO    | __main__ | Received valid intraday data for 38 tickers
2026-08-25 07:39:27 | INFO    | __main__ | VWAP MR Signals Found: 0
2026-08-25 07:39:27 | INFO    | __main__ | Portfolio Summary: Cash=₹491,794 | Open=0 | Total P&L=₹+7,319 | Win Rate=55.6%
2026-08-25 07:57:32 | INFO    | __main__ | ============================================================
2026-08-25 07:57:32 | INFO    | __main__ | Intraday Scan | 2026-08-25 13:27 IST
2026-08-25 07:57:32 | INFO    | __main__ | ============================================================
2026-08-25 07:57:32 | INFO    | __main__ | Fetching 15m data for 39 stocks...
2026-08-25 07:57:37 | ERROR   | yfinance | $ZOMATO.NS: No data found, symbol may be delisted
2026-08-25 07:57:37 | ERROR   | yfinance | 
1 Failed download:
2026-08-25 07:57:37 | ERROR   | yfinance | ['ZOMATO.NS']: No data found, symbol may be delisted
2026-08-25 07:57:43 | INFO    | data.fetcher | Fetched 15min data for 38/39 tickers
2026-08-25 07:57:43 | INFO    | __main__ | Received valid intraday data for 38 tickers
2026-08-25 07:57:43 | INFO    | __main__ | VWAP MR Signals Found: 0
2026-08-25 07:57:43 | INFO    | __main__ | Portfolio Summary: Cash=₹491,794 | Open=0 | Total P&L=₹+7,319 | Win Rate=55.6%
2026-08-25 08:06:42 | INFO    | __main__ | ============================================================
2026-08-25 08:06:42 | INFO    | __main__ | Intraday Scan | 2026-08-25 13:36 IST
2026-08-25 08:06:42 | INFO    | __main__ | ============================================================
2026-08-25 08:06:42 | INFO    | __main__ | Fetching 15m data for 39 stocks...
2026-08-25 08:06:51 | ERROR   | yfinance | $ZOMATO.NS: No data found, symbol may be delisted
2026-08-25 08:06:51 | ERROR   | yfinance | 
1 Failed download:
2026-08-25 08:06:51 | ERROR   | yfinance | ['ZOMATO.NS']: No data found, symbol may be delisted
2026-08-25 08:06:59 | INFO    | data.fetcher | Fetched 15min data for 38/39 tickers
2026-08-25 08:06:59 | INFO    | __main__ | Received valid intraday data for 38 tickers
2026-08-25 08:07:00 | INFO    | __main__ | VWAP MR Signals Found: 0
2026-08-25 08:07:00 | INFO    | __main__ | Portfolio Summary: Cash=₹491,794 | Open=0 | Total P&L=₹+7,319 | Win Rate=55.6%
2026-08-25 08:23:18 | INFO    | __main__ | ============================================================
2026-08-25 08:23:18 | INFO    | __main__ | Intraday Scan | 2026-08-25 13:53 IST
2026-08-25 08:23:18 | INFO    | __main__ | ============================================================
2026-08-25 08:23:18 | INFO    | __main__ | Fetching 15m data for 39 stocks...
2026-08-25 08:23:26 | ERROR   | yfinance | $ZOMATO.NS: No data found, symbol may be delisted
2026-08-25 08:23:26 | ERROR   | yfinance | 
1 Failed download:
2026-08-25 08:23:26 | ERROR   | yfinance | ['ZOMATO.NS']: No data found, symbol may be delisted
2026-08-25 08:23:34 | INFO    | data.fetcher | Fetched 15min data for 38/39 tickers
2026-08-25 08:23:34 | INFO    | __main__ | Received valid intraday data for 38 tickers
2026-08-25 08:23:34 | INFO    | __main__ | VWAP MR Signals Found: 0
2026-08-25 08:23:34 | INFO    | __main__ | Portfolio Summary: Cash=₹491,794 | Open=0 | Total P&L=₹+7,319 | Win Rate=55.6%
2026-08-25 08:49:11 | INFO    | __main__ | ============================================================
2026-08-25 08:49:11 | INFO    | __main__ | Intraday Scan | 2026-08-25 14:19 IST
2026-08-25 08:49:11 | INFO    | __main__ | ============================================================
2026-08-25 08:49:11 | INFO    | __main__ | Fetching 15m data for 39 stocks...
2026-08-25 08:49:19 | ERROR   | yfinance | $ZOMATO.NS: No data found, symbol may be delisted
2026-08-25 08:49:19 | ERROR   | yfinance | 
1 Failed download:
2026-08-25 08:49:19 | ERROR   | yfinance | ['ZOMATO.NS']: No data found, symbol may be delisted
2026-08-25 08:49:25 | INFO    | data.fetcher | Fetched 15min data for 38/39 tickers
2026-08-25 08:49:25 | INFO    | __main__ | Received valid intraday data for 38 tickers
2026-08-25 08:49:25 | INFO    | __main__ | VWAP MR Signals Found: 1
2026-08-25 08:49:25 | INFO    | engine.paper_trader | ENTER SHORT ADANIENT.NS @ ₹3063.8 | Qty: 93 | SL: ₹3085.25 | Target: ₹3016.13 | Risk: ₹1995.0
2026-08-25 08:49:26 | INFO    | __main__ | Discord notification sent
2026-08-25 08:49:26 | INFO    | __main__ | Portfolio Summary: Cash=₹206,685 | Open=1 | Total P&L=₹+7,319 | Win Rate=52.6%
2026-08-25 08:58:32 | INFO    | __main__ | ============================================================
2026-08-25 08:58:32 | INFO    | __main__ | Intraday Scan | 2026-08-25 14:28 IST
2026-08-25 08:58:32 | INFO    | __main__ | ============================================================
2026-08-25 08:58:32 | INFO    | __main__ | Fetching 15m data for 39 stocks...
2026-08-25 08:58:42 | ERROR   | yfinance | $ZOMATO.NS: No data found, symbol may be delisted
2026-08-25 08:58:42 | ERROR   | yfinance | 
1 Failed download:
2026-08-25 08:58:42 | ERROR   | yfinance | ['ZOMATO.NS']: No data found, symbol may be delisted
2026-08-25 08:58:50 | INFO    | data.fetcher | Fetched 15min data for 38/39 tickers
2026-08-25 08:58:50 | INFO    | __main__ | Received valid intraday data for 38 tickers
2026-08-25 08:58:51 | INFO    | __main__ | VWAP MR Signals Found: 2
2026-08-25 08:58:51 | INFO    | engine.paper_trader | ENTER SHORT SHRIRAMFIN.NS @ ₹1128.9 | Qty: 182 | SL: ₹1136.8 | Target: ₹1120.19 | Risk: ₹1438.0
2026-08-25 08:58:51 | INFO    | __main__ | Discord notification sent
2026-08-25 08:58:51 | INFO    | __main__ | Portfolio Summary: Cash=₹1,091 | Open=2 | Total P&L=₹+7,319 | Win Rate=50.0%
2026-08-25 09:04:48 | INFO    | __main__ | ============================================================
2026-08-25 09:04:48 | INFO    | __main__ | Intraday Scan | 2026-08-25 14:34 IST
2026-08-25 09:04:48 | INFO    | __main__ | ============================================================
2026-08-25 09:04:48 | INFO    | __main__ | Fetching 15m data for 39 stocks...
2026-08-25 09:04:54 | ERROR   | yfinance | $ZOMATO.NS: No data found, symbol may be delisted
2026-08-25 09:04:54 | ERROR   | yfinance | 
1 Failed download:
2026-08-25 09:04:54 | ERROR   | yfinance | ['ZOMATO.NS']: No data found, symbol may be delisted
2026-08-25 09:04:59 | INFO    | data.fetcher | Fetched 15min data for 38/39 tickers
2026-08-25 09:04:59 | INFO    | __main__ | Received valid intraday data for 38 tickers
2026-08-25 09:04:59 | INFO    | __main__ | VWAP MR Signals Found: 0
2026-08-25 09:04:59 | INFO    | __main__ | Portfolio Summary: Cash=₹1,091 | Open=2 | Total P&L=₹+7,319 | Win Rate=50.0%
2026-08-25 09:20:04 | INFO    | __main__ | ============================================================
2026-08-25 09:20:04 | INFO    | __main__ | Intraday Scan | 2026-08-25 14:50 IST
2026-08-25 09:20:04 | INFO    | __main__ | ============================================================
2026-08-25 09:20:04 | INFO    | __main__ | Fetching 15m data for 39 stocks...
2026-08-25 09:20:12 | ERROR   | yfinance | $ZOMATO.NS: No data found, symbol may be delisted
2026-08-25 09:20:12 | ERROR   | yfinance | 
1 Failed download:
2026-08-25 09:20:12 | ERROR   | yfinance | ['ZOMATO.NS']: No data found, symbol may be delisted
2026-08-25 09:20:20 | INFO    | data.fetcher | Fetched 15min data for 38/39 tickers
2026-08-25 09:20:20 | INFO    | __main__ | Received valid intraday data for 38 tickers
2026-08-25 09:20:20 | INFO    | engine.paper_trader | EXIT ADANIENT.NS @ ₹3085.25 | P&L: ₹-2420 (stop_loss)
2026-08-25 09:20:20 | INFO    | __main__ | Discord notification sent
2026-08-25 09:20:20 | INFO    | __main__ | VWAP MR Signals Found: 0
2026-08-25 09:20:20 | INFO    | __main__ | Portfolio Summary: Cash=₹287,771 | Open=1 | Total P&L=₹+4,899 | Win Rate=50.0%
2026-08-25 09:39:29 | INFO    | __main__ | ============================================================
2026-08-25 09:39:29 | INFO    | __main__ | Intraday Scan | 2026-08-25 15:09 IST
2026-08-25 09:39:29 | INFO    | __main__ | ============================================================
2026-08-25 09:39:29 | INFO    | __main__ | Fetching 15m data for 39 stocks...
2026-08-25 09:39:40 | ERROR   | yfinance | $ZOMATO.NS: No data found, symbol may be delisted
2026-08-25 09:39:40 | ERROR   | yfinance | 
1 Failed download:
2026-08-25 09:39:40 | ERROR   | yfinance | ['ZOMATO.NS']: No data found, symbol may be delisted
2026-08-25 09:39:48 | INFO    | data.fetcher | Fetched 15min data for 38/39 tickers
2026-08-25 09:39:48 | INFO    | __main__ | Received valid intraday data for 38 tickers
2026-08-25 09:39:48 | INFO    | engine.paper_trader | EXIT SHRIRAMFIN.NS @ ₹1136.8 | P&L: ₹-1758 (stop_loss)
2026-08-25 09:39:49 | INFO    | __main__ | Discord notification sent
2026-08-25 09:39:49 | INFO    | __main__ | VWAP MR Signals Found: 0
2026-08-25 09:39:49 | INFO    | __main__ | Portfolio Summary: Cash=₹494,482 | Open=0 | Total P&L=₹+3,142 | Win Rate=50.0%
2026-08-25 09:50:44 | INFO    | __main__ | ============================================================
2026-08-25 09:50:44 | INFO    | __main__ | Intraday Scan | 2026-08-25 15:20 IST
2026-08-25 09:50:44 | INFO    | __main__ | ============================================================
2026-08-25 09:50:44 | INFO    | __main__ | Fetching 15m data for 39 stocks...
2026-08-25 09:50:54 | ERROR   | yfinance | $ZOMATO.NS: No data found, symbol may be delisted
2026-08-25 09:50:54 | ERROR   | yfinance | 
1 Failed download:
2026-08-25 09:50:54 | ERROR   | yfinance | ['ZOMATO.NS']: No data found, symbol may be delisted
2026-08-25 09:51:02 | INFO    | data.fetcher | Fetched 15min data for 38/39 tickers
2026-08-25 09:51:02 | INFO    | __main__ | Received valid intraday data for 38 tickers
2026-08-25 09:51:02 | INFO    | __main__ | Square-off time reached (3:15 PM) - Force closing all open positions
2026-08-25 09:51:03 | INFO    | __main__ | Discord notification sent
2026-08-25 09:51:03 | INFO    | __main__ | EOD Summary: {'date': '2026-08-25', 'today_trades': 2, 'today_pnl': -4177.55, 'today_winners': 0, 'total_pnl': 3141.79, 'win_rate_pct': 50.0, 'return_pct': 0.63}
2026-08-25 10:00:20 | INFO    | __main__ | ============================================================
2026-08-25 10:00:20 | INFO    | __main__ | Intraday Scan | 2026-08-25 15:30 IST
2026-08-25 10:00:20 | INFO    | __main__ | ============================================================
2026-08-25 10:00:20 | INFO    | __main__ | Outside NSE trading hours
2026-08-25 10:13:26 | INFO    | __main__ | ============================================================
2026-08-25 10:13:26 | INFO    | __main__ | Intraday Scan | 2026-08-25 15:43 IST
2026-08-25 10:13:26 | INFO    | __main__ | ============================================================
2026-08-25 10:13:26 | INFO    | __main__ | Outside NSE trading hours
2026-08-26 04:23:38 | INFO    | __main__ | ============================================================
2026-08-26 04:23:38 | INFO    | __main__ | Intraday Scan | 2026-08-26 09:53 IST
2026-08-26 04:23:38 | INFO    | __main__ | ============================================================
2026-08-26 04:23:38 | INFO    | __main__ | Fetching 15m data for 39 stocks...
2026-08-26 04:23:44 | ERROR   | yfinance | $ZOMATO.NS: No data found, symbol may be delisted
2026-08-26 04:23:44 | ERROR   | yfinance | 
1 Failed download:
2026-08-26 04:23:44 | ERROR   | yfinance | ['ZOMATO.NS']: No data found, symbol may be delisted
2026-08-26 04:23:49 | INFO    | data.fetcher | Fetched 15min data for 38/39 tickers
2026-08-26 04:23:49 | INFO    | __main__ | Received valid intraday data for 38 tickers
2026-08-26 04:23:49 | INFO    | __main__ | VWAP MR Signals Found: 0
2026-08-26 04:23:49 | INFO    | __main__ | Portfolio Summary: Cash=₹494,482 | Open=0 | Total P&L=₹+3,142 | Win Rate=50.0%
2026-08-26 04:42:36 | INFO    | __main__ | ============================================================
2026-08-26 04:42:36 | INFO    | __main__ | Intraday Scan | 2026-08-26 10:12 IST
2026-08-26 04:42:36 | INFO    | __main__ | ============================================================
2026-08-26 04:42:36 | INFO    | __main__ | Fetching 15m data for 39 stocks...
2026-08-26 04:42:42 | ERROR   | yfinance | $ZOMATO.NS: No data found, symbol may be delisted
2026-08-26 04:42:42 | ERROR   | yfinance | 
1 Failed download:
2026-08-26 04:42:42 | ERROR   | yfinance | ['ZOMATO.NS']: No data found, symbol may be delisted
2026-08-26 04:42:47 | INFO    | data.fetcher | Fetched 15min data for 38/39 tickers
2026-08-26 04:42:47 | INFO    | __main__ | Received valid intraday data for 38 tickers
2026-08-26 04:42:48 | INFO    | __main__ | VWAP MR Signals Found: 0
2026-08-26 04:42:48 | INFO    | __main__ | Portfolio Summary: Cash=₹494,482 | Open=0 | Total P&L=₹+3,142 | Win Rate=50.0%
2026-08-26 04:52:53 | INFO    | __main__ | ============================================================
2026-08-26 04:52:53 | INFO    | __main__ | Intraday Scan | 2026-08-26 10:22 IST
2026-08-26 04:52:53 | INFO    | __main__ | ============================================================
2026-08-26 04:52:53 | INFO    | __main__ | Fetching 15m data for 39 stocks...
2026-08-26 04:53:01 | ERROR   | yfinance | $ZOMATO.NS: No data found, symbol may be delisted
2026-08-26 04:53:01 | ERROR   | yfinance | 
1 Failed download:
2026-08-26 04:53:01 | ERROR   | yfinance | ['ZOMATO.NS']: No data found, symbol may be delisted
2026-08-26 04:53:09 | INFO    | data.fetcher | Fetched 15min data for 38/39 tickers
2026-08-26 04:53:09 | INFO    | __main__ | Received valid intraday data for 38 tickers
2026-08-26 04:53:09 | INFO    | __main__ | VWAP MR Signals Found: 0
2026-08-26 04:53:09 | INFO    | __main__ | Portfolio Summary: Cash=₹494,482 | Open=0 | Total P&L=₹+3,142 | Win Rate=50.0%
2026-08-26 05:04:25 | INFO    | __main__ | ============================================================
2026-08-26 05:04:25 | INFO    | __main__ | Intraday Scan | 2026-08-26 10:34 IST
2026-08-26 05:04:25 | INFO    | __main__ | ============================================================
2026-08-26 05:04:25 | INFO    | __main__ | Fetching 15m data for 39 stocks...
2026-08-26 05:04:31 | ERROR   | yfinance | $ZOMATO.NS: No data found, symbol may be delisted
2026-08-26 05:04:31 | ERROR   | yfinance | 
1 Failed download:
2026-08-26 05:04:31 | ERROR   | yfinance | ['ZOMATO.NS']: No data found, symbol may be delisted
2026-08-26 05:04:36 | INFO    | data.fetcher | Fetched 15min data for 38/39 tickers
2026-08-26 05:04:36 | INFO    | __main__ | Received valid intraday data for 38 tickers
2026-08-26 05:04:36 | INFO    | __main__ | VWAP MR Signals Found: 1
2026-08-26 05:04:36 | INFO    | engine.paper_trader | ENTER SHORT KOTAKBANK.NS @ ₹411.6 | Qty: 694 | SL: ₹414.48 | Target: ₹408.69 | Risk: ₹1999.0
2026-08-26 05:04:37 | INFO    | __main__ | Discord notification sent
2026-08-26 05:04:37 | INFO    | __main__ | Portfolio Summary: Cash=₹208,655 | Open=1 | Total P&L=₹+3,142 | Win Rate=47.6%
2026-08-26 05:17:42 | INFO    | __main__ | ============================================================
2026-08-26 05:17:42 | INFO    | __main__ | Intraday Scan | 2026-08-26 10:47 IST
2026-08-26 05:17:42 | INFO    | __main__ | ============================================================
2026-08-26 05:17:42 | INFO    | __main__ | Fetching 15m data for 39 stocks...
2026-08-26 05:17:52 | ERROR   | yfinance | $ZOMATO.NS: No data found, symbol may be delisted
2026-08-26 05:17:52 | ERROR   | yfinance | 
1 Failed download:
2026-08-26 05:17:52 | ERROR   | yfinance | ['ZOMATO.NS']: No data found, symbol may be delisted
2026-08-26 05:18:01 | INFO    | data.fetcher | Fetched 15min data for 38/39 tickers
2026-08-26 05:18:01 | INFO    | __main__ | Received valid intraday data for 38 tickers
2026-08-26 05:18:01 | INFO    | __main__ | VWAP MR Signals Found: 1
2026-08-26 05:18:01 | INFO    | __main__ | Portfolio Summary: Cash=₹208,655 | Open=1 | Total P&L=₹+3,142 | Win Rate=47.6%
2026-08-26 05:34:00 | INFO    | __main__ | ============================================================
2026-08-26 05:34:00 | INFO    | __main__ | Intraday Scan | 2026-08-26 11:04 IST
2026-08-26 05:34:00 | INFO    | __main__ | ============================================================
2026-08-26 05:34:00 | INFO    | __main__ | Fetching 15m data for 39 stocks...
2026-08-26 05:34:08 | ERROR   | yfinance | $ZOMATO.NS: No data found, symbol may be delisted
2026-08-26 05:34:08 | ERROR   | yfinance | 
1 Failed download:
2026-08-26 05:34:08 | ERROR   | yfinance | ['ZOMATO.NS']: No data found, symbol may be delisted
2026-08-26 05:34:15 | INFO    | data.fetcher | Fetched 15min data for 38/39 tickers
2026-08-26 05:34:15 | INFO    | __main__ | Received valid intraday data for 38 tickers
2026-08-26 05:34:15 | INFO    | __main__ | VWAP MR Signals Found: 2
2026-08-26 05:34:15 | INFO    | engine.paper_trader | ENTER LONG INDUSINDBK.NS @ ₹994.0 | Qty: 209 | SL: ₹987.04 | Target: ₹1003.62 | Risk: ₹1455.0
2026-08-26 05:34:16 | INFO    | __main__ | Discord notification sent
2026-08-26 05:34:16 | INFO    | __main__ | Portfolio Summary: Cash=₹774 | Open=2 | Total P&L=₹+3,142 | Win Rate=45.5%
2026-08-26 05:50:55 | INFO    | __main__ | ============================================================
2026-08-26 05:50:55 | INFO    | __main__ | Intraday Scan | 2026-08-26 11:20 IST
2026-08-26 05:50:55 | INFO    | __main__ | ============================================================
2026-08-26 05:50:55 | INFO    | __main__ | Fetching 15m data for 39 stocks...
2026-08-26 05:51:03 | ERROR   | yfinance | $ZOMATO.NS: No data found, symbol may be delisted
2026-08-26 05:51:03 | ERROR   | yfinance | 
1 Failed download:
2026-08-26 05:51:03 | ERROR   | yfinance | ['ZOMATO.NS']: No data found, symbol may be delisted
2026-08-26 05:51:10 | INFO    | data.fetcher | Fetched 15min data for 38/39 tickers
2026-08-26 05:51:10 | INFO    | __main__ | Received valid intraday data for 38 tickers
2026-08-26 05:51:10 | INFO    | engine.paper_trader | TRAIL INDUSINDBK.NS stop moved to breakeven + buffer: ₹994.7
2026-08-26 05:51:10 | INFO    | __main__ | VWAP MR Signals Found: 2
2026-08-26 05:51:10 | INFO    | engine.paper_trader | Daily trade limit (2) reached for 2026-08-26
2026-08-26 05:51:10 | INFO    | engine.paper_trader | Daily trade limit (2) reached for 2026-08-26
2026-08-26 05:51:10 | INFO    | __main__ | Portfolio Summary: Cash=₹774 | Open=2 | Total P&L=₹+3,142 | Win Rate=45.5%
2026-08-26 05:58:36 | INFO    | __main__ | ============================================================
2026-08-26 05:58:36 | INFO    | __main__ | Intraday Scan | 2026-08-26 11:28 IST
2026-08-26 05:58:36 | INFO    | __main__ | ============================================================
2026-08-26 05:58:36 | INFO    | __main__ | Fetching 15m data for 39 stocks...
2026-08-26 05:58:44 | ERROR   | yfinance | $ZOMATO.NS: No data found, symbol may be delisted
2026-08-26 05:58:44 | ERROR   | yfinance | 
1 Failed download:
2026-08-26 05:58:44 | ERROR   | yfinance | ['ZOMATO.NS']: No data found, symbol may be delisted
2026-08-26 05:58:52 | INFO    | data.fetcher | Fetched 15min data for 38/39 tickers
2026-08-26 05:58:52 | INFO    | __main__ | Received valid intraday data for 38 tickers
2026-08-26 05:58:52 | INFO    | __main__ | VWAP MR Signals Found: 1
2026-08-26 05:58:52 | INFO    | engine.paper_trader | Daily trade limit (2) reached for 2026-08-26
2026-08-26 05:58:52 | INFO    | __main__ | Portfolio Summary: Cash=₹774 | Open=2 | Total P&L=₹+3,142 | Win Rate=45.5%
2026-08-26 06:04:39 | INFO    | __main__ | ============================================================
2026-08-26 06:04:39 | INFO    | __main__ | Intraday Scan | 2026-08-26 11:34 IST
2026-08-26 06:04:39 | INFO    | __main__ | ============================================================
2026-08-26 06:04:39 | INFO    | __main__ | Fetching 15m data for 39 stocks...
2026-08-26 06:04:46 | ERROR   | yfinance | $ZOMATO.NS: No data found, symbol may be delisted
2026-08-26 06:04:46 | ERROR   | yfinance | 
1 Failed download:
2026-08-26 06:04:46 | ERROR   | yfinance | ['ZOMATO.NS']: No data found, symbol may be delisted
2026-08-26 06:04:54 | INFO    | data.fetcher | Fetched 15min data for 38/39 tickers
2026-08-26 06:04:54 | INFO    | __main__ | Received valid intraday data for 38 tickers
2026-08-26 06:04:54 | INFO    | __main__ | VWAP MR Signals Found: 0
2026-08-26 06:04:54 | INFO    | __main__ | Portfolio Summary: Cash=₹774 | Open=2 | Total P&L=₹+3,142 | Win Rate=45.5%
2026-08-26 06:31:36 | INFO    | __main__ | ============================================================
2026-08-26 06:31:36 | INFO    | __main__ | Intraday Scan | 2026-08-26 12:01 IST
2026-08-26 06:31:36 | INFO    | __main__ | ============================================================
2026-08-26 06:31:36 | INFO    | __main__ | Fetching 15m data for 39 stocks...
2026-08-26 06:31:44 | ERROR   | yfinance | $ZOMATO.NS: No data found, symbol may be delisted
2026-08-26 06:31:44 | ERROR   | yfinance | 
1 Failed download:
2026-08-26 06:31:44 | ERROR   | yfinance | ['ZOMATO.NS']: No data found, symbol may be delisted
2026-08-26 06:31:51 | INFO    | data.fetcher | Fetched 15min data for 38/39 tickers
2026-08-26 06:31:51 | INFO    | __main__ | Received valid intraday data for 38 tickers
2026-08-26 06:31:51 | INFO    | __main__ | VWAP MR Signals Found: 0
2026-08-26 06:31:51 | INFO    | __main__ | Portfolio Summary: Cash=₹774 | Open=2 | Total P&L=₹+3,142 | Win Rate=45.5%
2026-08-26 07:05:50 | INFO    | __main__ | ============================================================
2026-08-26 07:05:50 | INFO    | __main__ | Intraday Scan | 2026-08-26 12:35 IST
2026-08-26 07:05:50 | INFO    | __main__ | ============================================================
2026-08-26 07:05:50 | INFO    | __main__ | Fetching 15m data for 39 stocks...
2026-08-26 07:05:57 | ERROR   | yfinance | $ZOMATO.NS: No data found, symbol may be delisted
2026-08-26 07:05:57 | ERROR   | yfinance | 
1 Failed download:
2026-08-26 07:05:57 | ERROR   | yfinance | ['ZOMATO.NS']: No data found, symbol may be delisted
2026-08-26 07:06:04 | INFO    | data.fetcher | Fetched 15min data for 38/39 tickers
2026-08-26 07:06:04 | INFO    | __main__ | Received valid intraday data for 38 tickers
2026-08-26 07:06:04 | INFO    | engine.paper_trader | EXIT KOTAKBANK.NS @ ₹414.48 | P&L: ₹-2425 (stop_loss)
2026-08-26 07:06:05 | INFO    | __main__ | Discord notification sent
2026-08-26 07:06:05 | INFO    | __main__ | VWAP MR Signals Found: 2
2026-08-26 07:06:05 | INFO    | engine.paper_trader | Daily trade limit (2) reached for 2026-08-26
2026-08-26 07:06:05 | INFO    | engine.paper_trader | Daily trade limit (2) reached for 2026-08-26
2026-08-26 07:06:05 | INFO    | __main__ | Portfolio Summary: Cash=₹288,174 | Open=1 | Total P&L=₹+717 | Win Rate=45.5%
2026-08-26 07:25:16 | INFO    | __main__ | ============================================================
2026-08-26 07:25:16 | INFO    | __main__ | Intraday Scan | 2026-08-26 12:55 IST
2026-08-26 07:25:16 | INFO    | __main__ | ============================================================
2026-08-26 07:25:16 | INFO    | __main__ | Fetching 15m data for 39 stocks...
2026-08-26 07:25:27 | ERROR   | yfinance | $ZOMATO.NS: No data found, symbol may be delisted
2026-08-26 07:25:27 | ERROR   | yfinance | 
1 Failed download:
2026-08-26 07:25:27 | ERROR   | yfinance | ['ZOMATO.NS']: No data found, symbol may be delisted
2026-08-26 07:25:37 | INFO    | data.fetcher | Fetched 15min data for 38/39 tickers
2026-08-26 07:25:37 | INFO    | __main__ | Received valid intraday data for 38 tickers
2026-08-26 07:25:37 | INFO    | __main__ | VWAP MR Signals Found: 2
2026-08-26 07:25:37 | INFO    | engine.paper_trader | Daily trade limit (2) reached for 2026-08-26
2026-08-26 07:25:37 | INFO    | engine.paper_trader | Daily trade limit (2) reached for 2026-08-26
2026-08-26 07:25:37 | INFO    | __main__ | Portfolio Summary: Cash=₹288,174 | Open=1 | Total P&L=₹+717 | Win Rate=45.5%
2026-08-26 07:30:15 | INFO    | __main__ | ============================================================
2026-08-26 07:30:15 | INFO    | __main__ | Intraday Scan | 2026-08-26 13:00 IST
2026-08-26 07:30:15 | INFO    | __main__ | ============================================================
2026-08-26 07:30:15 | INFO    | __main__ | Fetching 15m data for 39 stocks...
2026-08-26 07:30:20 | ERROR   | yfinance | $ZOMATO.NS: No data found, symbol may be delisted
2026-08-26 07:30:20 | ERROR   | yfinance | 
1 Failed download:
2026-08-26 07:30:20 | ERROR   | yfinance | ['ZOMATO.NS']: No data found, symbol may be delisted
2026-08-26 07:30:25 | INFO    | data.fetcher | Fetched 15min data for 38/39 tickers
2026-08-26 07:30:25 | INFO    | __main__ | Received valid intraday data for 38 tickers
2026-08-26 07:30:25 | INFO    | engine.paper_trader | EXIT INDUSINDBK.NS @ ₹1003.62 | P&L: ₹+1687 (target)
2026-08-26 07:30:25 | INFO    | __main__ | Discord notification sent
2026-08-26 07:30:26 | INFO    | __main__ | VWAP MR Signals Found: 2
2026-08-26 07:30:26 | INFO    | engine.paper_trader | Daily trade limit (2) reached for 2026-08-26
2026-08-26 07:30:26 | INFO    | engine.paper_trader | Daily trade limit (2) reached for 2026-08-26
2026-08-26 07:30:26 | INFO    | __main__ | Portfolio Summary: Cash=₹497,742 | Open=0 | Total P&L=₹+2,404 | Win Rate=50.0%
2026-08-26 07:40:52 | INFO    | __main__ | ============================================================
2026-08-26 07:40:52 | INFO    | __main__ | Intraday Scan | 2026-08-26 13:10 IST
2026-08-26 07:40:52 | INFO    | __main__ | ============================================================
2026-08-26 07:40:52 | INFO    | __main__ | Fetching 15m data for 39 stocks...
2026-08-26 07:41:00 | ERROR   | yfinance | $ZOMATO.NS: No data found, symbol may be delisted
2026-08-26 07:41:00 | ERROR   | yfinance | 
1 Failed download:
2026-08-26 07:41:00 | ERROR   | yfinance | ['ZOMATO.NS']: No data found, symbol may be delisted
2026-08-26 07:41:08 | INFO    | data.fetcher | Fetched 15min data for 38/39 tickers
2026-08-26 07:41:08 | INFO    | __main__ | Received valid intraday data for 38 tickers
2026-08-26 07:41:08 | INFO    | __main__ | VWAP MR Signals Found: 2
2026-08-26 07:41:08 | INFO    | engine.paper_trader | Daily trade limit (2) reached for 2026-08-26
2026-08-26 07:41:08 | INFO    | engine.paper_trader | Daily trade limit (2) reached for 2026-08-26
2026-08-26 07:41:08 | INFO    | __main__ | Portfolio Summary: Cash=₹497,742 | Open=0 | Total P&L=₹+2,404 | Win Rate=50.0%
2026-08-26 07:58:34 | INFO    | __main__ | ============================================================
2026-08-26 07:58:34 | INFO    | __main__ | Intraday Scan | 2026-08-26 13:28 IST
2026-08-26 07:58:34 | INFO    | __main__ | ============================================================
2026-08-26 07:58:34 | INFO    | __main__ | Fetching 15m data for 39 stocks...
2026-08-26 07:58:40 | ERROR   | yfinance | $ZOMATO.NS: No data found, symbol may be delisted
2026-08-26 07:58:40 | ERROR   | yfinance | 
1 Failed download:
2026-08-26 07:58:40 | ERROR   | yfinance | ['ZOMATO.NS']: No data found, symbol may be delisted
2026-08-26 07:58:45 | INFO    | data.fetcher | Fetched 15min data for 38/39 tickers
2026-08-26 07:58:45 | INFO    | __main__ | Received valid intraday data for 38 tickers
2026-08-26 07:58:45 | INFO    | __main__ | VWAP MR Signals Found: 2
2026-08-26 07:58:45 | INFO    | engine.paper_trader | Daily trade limit (2) reached for 2026-08-26
2026-08-26 07:58:45 | INFO    | engine.paper_trader | Daily trade limit (2) reached for 2026-08-26
2026-08-26 07:58:45 | INFO    | __main__ | Portfolio Summary: Cash=₹497,742 | Open=0 | Total P&L=₹+2,404 | Win Rate=50.0%
2026-08-26 08:07:52 | INFO    | __main__ | ============================================================
2026-08-26 08:07:52 | INFO    | __main__ | Intraday Scan | 2026-08-26 13:37 IST
2026-08-26 08:07:52 | INFO    | __main__ | ============================================================
2026-08-26 08:07:52 | INFO    | __main__ | Fetching 15m data for 39 stocks...
2026-08-26 08:08:00 | ERROR   | yfinance | $ZOMATO.NS: No data found, symbol may be delisted
2026-08-26 08:08:00 | ERROR   | yfinance | 
1 Failed download:
2026-08-26 08:08:00 | ERROR   | yfinance | ['ZOMATO.NS']: No data found, symbol may be delisted
2026-08-26 08:08:07 | INFO    | data.fetcher | Fetched 15min data for 38/39 tickers
2026-08-26 08:08:07 | INFO    | __main__ | Received valid intraday data for 38 tickers
2026-08-26 08:08:07 | INFO    | __main__ | VWAP MR Signals Found: 2
2026-08-26 08:08:07 | INFO    | engine.paper_trader | Daily trade limit (2) reached for 2026-08-26
2026-08-26 08:08:07 | INFO    | engine.paper_trader | Daily trade limit (2) reached for 2026-08-26
2026-08-26 08:08:07 | INFO    | __main__ | Portfolio Summary: Cash=₹497,742 | Open=0 | Total P&L=₹+2,404 | Win Rate=50.0%
2026-08-26 08:24:27 | INFO    | __main__ | ============================================================
2026-08-26 08:24:27 | INFO    | __main__ | Intraday Scan | 2026-08-26 13:54 IST
2026-08-26 08:24:27 | INFO    | __main__ | ============================================================
2026-08-26 08:24:27 | INFO    | __main__ | Fetching 15m data for 39 stocks...
2026-08-26 08:24:32 | ERROR   | yfinance | $ZOMATO.NS: No data found, symbol may be delisted
2026-08-26 08:24:32 | ERROR   | yfinance | 
1 Failed download:
2026-08-26 08:24:32 | ERROR   | yfinance | ['ZOMATO.NS']: No data found, symbol may be delisted
2026-08-26 08:24:37 | INFO    | data.fetcher | Fetched 15min data for 38/39 tickers
2026-08-26 08:24:37 | INFO    | __main__ | Received valid intraday data for 38 tickers
2026-08-26 08:24:37 | INFO    | __main__ | VWAP MR Signals Found: 2
2026-08-26 08:24:37 | INFO    | engine.paper_trader | Daily trade limit (2) reached for 2026-08-26
2026-08-26 08:24:37 | INFO    | engine.paper_trader | Daily trade limit (2) reached for 2026-08-26
2026-08-26 08:24:37 | INFO    | __main__ | Portfolio Summary: Cash=₹497,742 | Open=0 | Total P&L=₹+2,404 | Win Rate=50.0%
2026-08-26 08:50:01 | INFO    | __main__ | ============================================================
2026-08-26 08:50:01 | INFO    | __main__ | Intraday Scan | 2026-08-26 14:20 IST
2026-08-26 08:50:01 | INFO    | __main__ | ============================================================
2026-08-26 08:50:01 | INFO    | __main__ | Fetching 15m data for 39 stocks...
2026-08-26 08:50:07 | ERROR   | yfinance | $ZOMATO.NS: No data found, symbol may be delisted
2026-08-26 08:50:07 | ERROR   | yfinance | 
1 Failed download:
2026-08-26 08:50:07 | ERROR   | yfinance | ['ZOMATO.NS']: No data found, symbol may be delisted
2026-08-26 08:50:12 | INFO    | data.fetcher | Fetched 15min data for 38/39 tickers
2026-08-26 08:50:12 | INFO    | __main__ | Received valid intraday data for 38 tickers
2026-08-26 08:50:12 | INFO    | __main__ | VWAP MR Signals Found: 2
2026-08-26 08:50:12 | INFO    | engine.paper_trader | Daily trade limit (2) reached for 2026-08-26
2026-08-26 08:50:12 | INFO    | engine.paper_trader | Daily trade limit (2) reached for 2026-08-26
2026-08-26 08:50:12 | INFO    | __main__ | Portfolio Summary: Cash=₹497,742 | Open=0 | Total P&L=₹+2,404 | Win Rate=50.0%
2026-08-26 09:00:48 | INFO    | __main__ | ============================================================
2026-08-26 09:00:48 | INFO    | __main__ | Intraday Scan | 2026-08-26 14:30 IST
2026-08-26 09:00:48 | INFO    | __main__ | ============================================================
2026-08-26 09:00:48 | INFO    | __main__ | Fetching 15m data for 39 stocks...
2026-08-26 09:00:53 | ERROR   | yfinance | $ZOMATO.NS: No data found, symbol may be delisted
2026-08-26 09:00:53 | ERROR   | yfinance | 
1 Failed download:
2026-08-26 09:00:53 | ERROR   | yfinance | ['ZOMATO.NS']: No data found, symbol may be delisted
2026-08-26 09:00:59 | INFO    | data.fetcher | Fetched 15min data for 38/39 tickers
2026-08-26 09:00:59 | INFO    | __main__ | Received valid intraday data for 38 tickers
2026-08-26 09:00:59 | INFO    | __main__ | VWAP MR Signals Found: 0
2026-08-26 09:00:59 | INFO    | __main__ | Portfolio Summary: Cash=₹497,742 | Open=0 | Total P&L=₹+2,404 | Win Rate=50.0%
2026-08-26 09:07:53 | INFO    | __main__ | ============================================================
2026-08-26 09:07:53 | INFO    | __main__ | Intraday Scan | 2026-08-26 14:37 IST
2026-08-26 09:07:53 | INFO    | __main__ | ============================================================
2026-08-26 09:07:53 | INFO    | __main__ | Fetching 15m data for 39 stocks...
2026-08-26 09:07:59 | ERROR   | yfinance | $ZOMATO.NS: No data found, symbol may be delisted
2026-08-26 09:07:59 | ERROR   | yfinance | 
1 Failed download:
2026-08-26 09:07:59 | ERROR   | yfinance | ['ZOMATO.NS']: No data found, symbol may be delisted
2026-08-26 09:08:04 | INFO    | data.fetcher | Fetched 15min data for 38/39 tickers
2026-08-26 09:08:04 | INFO    | __main__ | Received valid intraday data for 38 tickers
2026-08-26 09:08:04 | INFO    | __main__ | VWAP MR Signals Found: 0
2026-08-26 09:08:04 | INFO    | __main__ | Portfolio Summary: Cash=₹497,742 | Open=0 | Total P&L=₹+2,404 | Win Rate=50.0%
2026-08-26 09:25:07 | INFO    | __main__ | ============================================================
2026-08-26 09:25:07 | INFO    | __main__ | Intraday Scan | 2026-08-26 14:55 IST
2026-08-26 09:25:07 | INFO    | __main__ | ============================================================
2026-08-26 09:25:07 | INFO    | __main__ | Fetching 15m data for 39 stocks...
2026-08-26 09:25:14 | ERROR   | yfinance | $ZOMATO.NS: No data found, symbol may be delisted
2026-08-26 09:25:14 | ERROR   | yfinance | 
1 Failed download:
2026-08-26 09:25:14 | ERROR   | yfinance | ['ZOMATO.NS']: No data found, symbol may be delisted
2026-08-26 09:25:21 | INFO    | data.fetcher | Fetched 15min data for 38/39 tickers
2026-08-26 09:25:21 | INFO    | __main__ | Received valid intraday data for 38 tickers
2026-08-26 09:25:21 | INFO    | __main__ | VWAP MR Signals Found: 0
2026-08-26 09:25:21 | INFO    | __main__ | Portfolio Summary: Cash=₹497,742 | Open=0 | Total P&L=₹+2,404 | Win Rate=50.0%
2026-08-26 09:46:47 | INFO    | __main__ | ============================================================
2026-08-26 09:46:47 | INFO    | __main__ | Intraday Scan | 2026-08-26 15:16 IST
2026-08-26 09:46:47 | INFO    | __main__ | ============================================================
2026-08-26 09:46:47 | INFO    | __main__ | Fetching 15m data for 39 stocks...
2026-08-26 09:46:52 | ERROR   | yfinance | $ZOMATO.NS: No data found, symbol may be delisted
2026-08-26 09:46:52 | ERROR   | yfinance | 
1 Failed download:
2026-08-26 09:46:52 | ERROR   | yfinance | ['ZOMATO.NS']: No data found, symbol may be delisted
2026-08-26 09:46:57 | INFO    | data.fetcher | Fetched 15min data for 38/39 tickers
2026-08-26 09:46:57 | INFO    | __main__ | Received valid intraday data for 38 tickers
2026-08-26 09:46:57 | INFO    | __main__ | Square-off time reached (3:15 PM) - Force closing all open positions
2026-08-26 09:46:58 | INFO    | __main__ | Discord notification sent
2026-08-26 09:46:58 | INFO    | __main__ | EOD Summary: {'date': '2026-08-26', 'today_trades': 2, 'today_pnl': -737.47, 'today_winners': 1, 'total_pnl': 2404.32, 'win_rate_pct': 50.0, 'return_pct': 0.48}
2026-08-26 09:56:47 | INFO    | __main__ | ============================================================
2026-08-26 09:56:47 | INFO    | __main__ | Intraday Scan | 2026-08-26 15:26 IST
2026-08-26 09:56:47 | INFO    | __main__ | ============================================================
2026-08-26 09:56:47 | INFO    | __main__ | Fetching 15m data for 39 stocks...
2026-08-26 09:56:57 | ERROR   | yfinance | $ZOMATO.NS: No data found, symbol may be delisted
2026-08-26 09:56:57 | ERROR   | yfinance | 
1 Failed download:
2026-08-26 09:56:57 | ERROR   | yfinance | ['ZOMATO.NS']: No data found, symbol may be delisted
2026-08-26 09:57:07 | INFO    | data.fetcher | Fetched 15min data for 38/39 tickers
2026-08-26 09:57:07 | INFO    | __main__ | Received valid intraday data for 38 tickers
2026-08-26 09:57:07 | INFO    | __main__ | Square-off time reached (3:15 PM) - Force closing all open positions
2026-08-26 09:57:07 | INFO    | __main__ | Discord notification sent
2026-08-26 09:57:07 | INFO    | __main__ | EOD Summary: {'date': '2026-08-26', 'today_trades': 2, 'today_pnl': -737.47, 'today_winners': 1, 'total_pnl': 2404.32, 'win_rate_pct': 50.0, 'return_pct': 0.48}
2026-08-26 10:05:32 | INFO    | __main__ | ============================================================
2026-08-26 10:05:32 | INFO    | __main__ | Intraday Scan | 2026-08-26 15:35 IST
2026-08-26 10:05:32 | INFO    | __main__ | ============================================================
2026-08-26 10:05:32 | INFO    | __main__ | Outside NSE trading hours
2026-08-26 10:18:41 | INFO    | __main__ | ============================================================
2026-08-26 10:18:41 | INFO    | __main__ | Intraday Scan | 2026-08-26 15:48 IST
2026-08-26 10:18:41 | INFO    | __main__ | ============================================================
2026-08-26 10:18:41 | INFO    | __main__ | Outside NSE trading hours
2026-08-27 14:46:11 | INFO    | __main__ | ============================================================
2026-08-27 14:46:11 | INFO    | __main__ | Intraday Scan | 2026-08-27 20:16 IST
2026-08-27 14:46:11 | INFO    | __main__ | ============================================================
2026-08-27 14:46:11 | INFO    | __main__ | Outside NSE trading hours
2026-08-27 15:03:25 | INFO    | __main__ | ============================================================
2026-08-27 15:03:25 | INFO    | __main__ | Intraday Scan | 2026-08-27 20:33 IST
2026-08-27 15:03:25 | INFO    | __main__ | ============================================================
2026-08-27 15:03:25 | INFO    | __main__ | Outside NSE trading hours
2026-08-27 15:11:41 | INFO    | __main__ | ============================================================
2026-08-27 15:11:41 | INFO    | __main__ | Intraday Scan | 2026-08-27 20:41 IST
2026-08-27 15:11:41 | INFO    | __main__ | ============================================================
2026-08-27 15:11:41 | INFO    | __main__ | Outside NSE trading hours
2026-08-27 15:23:10 | INFO    | __main__ | ============================================================
2026-08-27 15:23:10 | INFO    | __main__ | Intraday Scan | 2026-08-27 20:53 IST
2026-08-27 15:23:10 | INFO    | __main__ | ============================================================
2026-08-27 15:23:10 | INFO    | __main__ | Outside NSE trading hours
2026-08-27 15:32:46 | INFO    | __main__ | ============================================================
2026-08-27 15:32:46 | INFO    | __main__ | Intraday Scan | 2026-08-27 21:02 IST
2026-08-27 15:32:46 | INFO    | __main__ | ============================================================
2026-08-27 15:32:46 | INFO    | __main__ | Outside NSE trading hours
2026-08-27 16:07:57 | INFO    | __main__ | ============================================================
2026-08-27 16:07:57 | INFO    | __main__ | Intraday Scan | 2026-08-27 21:37 IST
2026-08-27 16:07:57 | INFO    | __main__ | ============================================================
2026-08-27 16:07:57 | INFO    | __main__ | Outside NSE trading hours
2026-08-27 16:31:16 | INFO    | __main__ | ============================================================
2026-08-27 16:31:16 | INFO    | __main__ | Intraday Scan | 2026-08-27 22:01 IST
2026-08-27 16:31:16 | INFO    | __main__ | ============================================================
2026-08-27 16:31:16 | INFO    | __main__ | Outside NSE trading hours
2026-08-27 16:37:26 | INFO    | __main__ | ============================================================
2026-08-27 16:37:26 | INFO    | __main__ | Intraday Scan | 2026-08-27 22:07 IST
2026-08-27 16:37:26 | INFO    | __main__ | ============================================================
2026-08-27 16:37:26 | INFO    | __main__ | Outside NSE trading hours
2026-08-27 16:48:18 | INFO    | __main__ | ============================================================
2026-08-27 16:48:18 | INFO    | __main__ | Intraday Scan | 2026-08-27 22:18 IST
2026-08-27 16:48:18 | INFO    | __main__ | ============================================================
2026-08-27 16:48:18 | INFO    | __main__ | Outside NSE trading hours
2026-08-27 17:07:10 | INFO    | __main__ | ============================================================
2026-08-27 17:07:10 | INFO    | __main__ | Intraday Scan | 2026-08-27 22:37 IST
2026-08-27 17:07:10 | INFO    | __main__ | ============================================================
2026-08-27 17:07:10 | INFO    | __main__ | Outside NSE trading hours
2026-08-27 17:35:57 | INFO    | __main__ | ============================================================
2026-08-27 17:35:57 | INFO    | __main__ | Intraday Scan | 2026-08-27 23:05 IST
2026-08-27 17:35:57 | INFO    | __main__ | ============================================================
2026-08-27 17:35:57 | INFO    | __main__ | Outside NSE trading hours
2026-08-27 17:50:11 | INFO    | __main__ | ============================================================
2026-08-27 17:50:11 | INFO    | __main__ | Intraday Scan | 2026-08-27 23:20 IST
2026-08-27 17:50:11 | INFO    | __main__ | ============================================================
2026-08-27 17:50:11 | INFO    | __main__ | Outside NSE trading hours
2026-08-27 17:53:24 | INFO    | __main__ | ============================================================
2026-08-27 17:53:24 | INFO    | __main__ | Intraday Scan | 2026-08-27 23:23 IST
2026-08-27 17:53:24 | INFO    | __main__ | ============================================================
2026-08-27 17:53:24 | INFO    | __main__ | Outside NSE trading hours
2026-08-27 18:02:10 | INFO    | __main__ | ============================================================
2026-08-27 18:02:10 | INFO    | __main__ | Intraday Scan | 2026-08-27 23:32 IST
2026-08-27 18:02:10 | INFO    | __main__ | ============================================================
2026-08-27 18:02:10 | INFO    | __main__ | Outside NSE trading hours
2026-08-27 18:17:09 | INFO    | __main__ | ============================================================
2026-08-27 18:17:09 | INFO    | __main__ | Intraday Scan | 2026-08-27 23:47 IST
2026-08-27 18:17:09 | INFO    | __main__ | ============================================================
2026-08-27 18:17:09 | INFO    | __main__ | Outside NSE trading hours
2026-08-27 18:22:00 | INFO    | __main__ | ============================================================
2026-08-27 18:22:00 | INFO    | __main__ | Intraday Scan | 2026-08-27 23:52 IST
2026-08-27 18:22:00 | INFO    | __main__ | ============================================================
2026-08-27 18:22:00 | INFO    | __main__ | Outside NSE trading hours
2026-08-27 18:25:07 | INFO    | __main__ | ============================================================
2026-08-27 18:25:07 | INFO    | __main__ | Intraday Scan | 2026-08-27 23:55 IST
2026-08-27 18:25:07 | INFO    | __main__ | ============================================================
2026-08-27 18:25:07 | INFO    | __main__ | Outside NSE trading hours
2026-08-27 18:58:43 | INFO    | __main__ | ============================================================
2026-08-27 18:58:43 | INFO    | __main__ | Intraday Scan | 2026-08-28 00:28 IST
2026-08-27 18:58:43 | INFO    | __main__ | ============================================================
2026-08-27 18:58:43 | INFO    | __main__ | Outside NSE trading hours
2026-08-27 19:03:46 | INFO    | __main__ | ============================================================
2026-08-27 19:03:46 | INFO    | __main__ | Intraday Scan | 2026-08-28 00:33 IST
2026-08-27 19:03:46 | INFO    | __main__ | ============================================================
2026-08-27 19:03:46 | INFO    | __main__ | Outside NSE trading hours
2026-08-27 19:09:47 | INFO    | __main__ | ============================================================
2026-08-27 19:09:47 | INFO    | __main__ | Intraday Scan | 2026-08-28 00:39 IST
2026-08-27 19:09:47 | INFO    | __main__ | ============================================================
2026-08-27 19:09:47 | INFO    | __main__ | Outside NSE trading hours
